path	type	lang_tree	template	title	bytes
/	html	en	T1-home-featured	Home - Indian Pharmacopoeia Commission	66888
/1.1-	html	en	T2-article-detail	Home - En - Indian Pharmacopoeia Commission	76926
/29	html	en	T2-article-detail	RTI - Indian Pharmacopoeia Commission	67967
/404-page-not-found.html	html	en	T2-article-detail	404 - Page Not Found - Indian Pharmacopoeia Commission	55253
/8-category-en.feed	html	en	T4-category-list	English Category - Indian Pharmacopoeia Commission	72255
/8-category-en.html	html	en	T4-category-list	English Category - Indian Pharmacopoeia Commission	72255
/8-category-en/1-article-en-gb.html	html	en	T2-article-detail	Home - En - Indian Pharmacopoeia Commission	77014
/8-category-en/1020-applications-are-invited-for-filling-up-of-the-four-posts-upper-division-clerk-through-deputation-including-short-term-contract-basis.html	html	en	T2-article-detail	Applications are invited for filling up of the four posts Upper Division Clerk through Deputation (including short term contract) basis. - Indian Pharmacopoeia Commission	68572
/8-category-en/1021-covid-appropriate-behavior-guidelines.html	html	en	T2-article-detail	COVID Appropriate Behavior Guidelines - Indian Pharmacopoeia Commission	67932
/8-category-en/1033-pdg-welcomes-indian-pharmacopoeia-commission-to-pilot-for-global-expansion-2.html	html	en	T2-article-detail	PDG welcomes Indian Pharmacopoeia Commission to pilot for global expansion - Indian Pharmacopoeia Commission	68156
/8-category-en/1089-drug-alerts-2023.html	html	en	T2-article-detail	Drug Alerts 2023 - Indian Pharmacopoeia Commission	71777
/8-category-en/1274-year-2024.html	html	en	T2-article-detail	Year 2024 - Indian Pharmacopoeia Commission	71607
/8-category-en/1281-drugs-alerts-2024.html	html	en	T2-article-detail	Drug Alerts 2024 - Indian Pharmacopoeia Commission	72858
/8-category-en/1356-year-2025.html	html	en	T2-article-detail	Year 2025 - Indian Pharmacopoeia Commission	70865
/8-category-en/1433-year-2026.html	html	en	T2-article-detail	Year 2026 - Indian Pharmacopoeia Commission	69158
/8-category-en/218-benefit-of-one-day-awareness-program-on-indian-pharmacopoeia-and-indian-pharmacopoeia-reference-standards.html	html	en	T2-article-detail	Benefit of One day awareness program on Indian Pharmacopoeia and Indian Pharmacopoeia Reference Standards - Indian Pharmacopoeia Commission	69818
/8-category-en/264-protocol-of-ip-prednisone-tablet-for-dissolution-apparatus-calibration.html	html	en	T2-article-detail	Protocol of IP Prednisone Tablet for Dissolution Apparatus Calibration - Indian Pharmacopoeia Commission	68195
/8-category-en/284-training-programme-3.html	html	en	T2-article-detail	Training Programme - Indian Pharmacopoeia Commission	84895
/8-category-en/414-ministry-circulars.html	html	en	T2-article-detail	Ministry Circulars - Indian Pharmacopoeia Commission	67969
/8-category-en/415-office-orders.html	html	en	T2-article-detail	Office Orders - Indian Pharmacopoeia Commission	68309
/8-category-en/416-drug-safety-alerts.html	html	en	T2-article-detail	Drugs Safety Alerts for Sensitisation of Healthcare Professionals - Indian Pharmacopoeia Commission	70507
/8-category-en/417-drug-alerts-2016.html	html	en	T2-article-detail	Drug Alerts 2016 - Indian Pharmacopoeia Commission	70382
/8-category-en/418-drug-alerts-2017.html	html	en	T2-article-detail	Drug Alerts 2017 - Indian Pharmacopoeia Commission	73063
/8-category-en/419-mou-between-ipc,ncc-pvpi-and-nabh.html	html	en	T2-article-detail	MoU between IPC,NCC-PvPI and NABH - Indian Pharmacopoeia Commission	69447
/8-category-en/420-adrs-reporting-status-of-amcs.html	html	en	T2-article-detail	ADRs Reporting Status of AMCs - Indian Pharmacopoeia Commission	70538
/8-category-en/421-pvpi-newsletters.html	html	en	T2-article-detail	PvPI Newsletters - Indian Pharmacopoeia Commission	81256
/8-category-en/422-regulatory-actions.html	html	en	T2-article-detail	Regulatory Actions based on PvPI recommendations - Indian Pharmacopoeia Commission	76803
/8-category-en/423-monthly-progress-report-pvpi.html	html	en	T2-article-detail	Monthly Progress Report (PvPI) - Indian Pharmacopoeia Commission	68548
/8-category-en/424-mpr-2015.html	html	en	T2-article-detail	Year 2015 - Indian Pharmacopoeia Commission	68881
/8-category-en/425-mpr-2016.html	html	en	T2-article-detail	Year 2016 - Indian Pharmacopoeia Commission	70386
/8-category-en/426-mpr-2017.html	html	en	T2-article-detail	Year 2017 - Indian Pharmacopoeia Commission	71080
/8-category-en/427-pvpi-recommendations-to-regulators.html	html	en	T2-article-detail	PvPI recommendations to Regulators - Indian Pharmacopoeia Commission	68587
/8-category-en/428-union-health-minister-inaugurated-the-38th-annual-meeting-of-representatives-of-national-pharmacovigilance-centres-participating-in-the-who-programme-for-international-drug-monitoring.html	html	en	T2-article-detail	Union Health Minister inaugurated the 38th Annual Meeting of Representatives of National Pharmacovigilance Centres participating in the WHO Programme for International Drug Monitoring - Indian Pharmacopoeia Commission	72328
/8-category-en/429-pvpi-frequently-asked-questions.html	html	en	T2-article-detail	PvPI-Frequently asked questions - Indian Pharmacopoeia Commission	77663
/8-category-en/430-adr-reporting-form-for-consumers-in-hindi-other-vernacular-languages.html	html	en	T2-article-detail	ADR Reporting Form for Consumers in Hindi &amp; other Vernacular Languages - Indian Pharmacopoeia Commission	71698
/8-category-en/432-launch-of-materiovigilance-programme-of-india-mvpi.html	html	en	T2-article-detail	Launch of Materiovigilance Programme of India (MvPI) - Indian Pharmacopoeia Commission	69870
/8-category-en/432-launch-of-materiovigilance-programme-of-india-mvpi.html%3C/a%3E.%20[Last%20accessed%20on%202018%20Aug%2028].	html	en	T4-category-list	English Category - Indian Pharmacopoeia Commission	72479
/8-category-en/432-launch-of-materiovigilance-programme-of-india-mvpi.html%5C	html	en	T2-article-detail	Launch of Materiovigilance Programme of India (MvPI) - Indian Pharmacopoeia Commission	69873
/8-category-en/546-teneligliptin-tablets-16-05-2018.html	html	en	T2-article-detail	Teneligliptin Tablets (16-05-2018) - Indian Pharmacopoeia Commission	80244
/8-category-en/547-venlafaxine-hydrochloride-16-05-208.html	html	en	T2-article-detail	Venlafaxine Hydrochloride (16-05-208) - Indian Pharmacopoeia Commission	77587
/8-category-en/548-venlafaxine-prolonged-release-capsules-16-05-2018.html	html	en	T2-article-detail	Venlafaxine Prolonged-release Capsules (16-05-2018) - Indian Pharmacopoeia Commission	81939
/8-category-en/549-venlafaxine-tablets-16-05-2018.html	html	en	T2-article-detail	Venlafaxine Tablets (16-05-2018) - Indian Pharmacopoeia Commission	83602
/8-category-en/550-zaleplon-12-04-2018.html	html	en	T2-article-detail	Zaleplon (12-04-2018) - Indian Pharmacopoeia Commission	85666
/8-category-en/551-zaleplon-capsules-12-04-2018.html	html	en	T2-article-detail	Zaleplon Capsules (12-04-2018) - Indian Pharmacopoeia Commission	83064
/8-category-en/562-adr-rs-2018.html	html	en	T2-article-detail	Year 2018 - Indian Pharmacopoeia Commission	69884
/8-category-en/563-adr-rs-2017.html	html	en	T2-article-detail	Year 2017 - Indian Pharmacopoeia Commission	70880
/8-category-en/565-adr-rs-2016.html	html	en	T2-article-detail	Year 2016 - Indian Pharmacopoeia Commission	68555
/8-category-en/569-mpr-2018.html	html	en	T2-article-detail	Year 2018 - Indian Pharmacopoeia Commission	68494
/8-category-en/602-drug-alerts-2019.html	html	en	T2-article-detail	Drug Alerts 2019 - Indian Pharmacopoeia Commission	70814
/8-category-en/611-adr-rs-2019.html	html	en	T2-article-detail	Year 2019 - Indian Pharmacopoeia Commission	69496
/8-category-en/611-year-2019.html	html	en	T2-article-detail	Year 2019 - Indian Pharmacopoeia Commission	69494
/8-category-en/618-manuals-under-rti.html	html	en	T2-article-detail	General infromation - Indian Pharmacopoeia Commission	73651
/8-category-en/633-stakeholder-comments.html	html	en	T2-article-detail	Stakeholder Comments - Indian Pharmacopoeia Commission	69189
/8-category-en/730-adr-rs-2020.html	html	en	T2-article-detail	Year 2020 - Indian Pharmacopoeia Commission	69559
/8-category-en/763-revised-advisory-on-the-use-of-hydroxychloroquine-hcq-as-prophylaxis-for-covid-19-infection-in-supersession-of-previous-advisory-dated-23rd-march,-2020.html	html	en	T2-article-detail	Revised advisory on the use of Hydroxychloroquine (HCQ) as prophylaxis for COVID-19 infection (in supersession of previous advisory dated 23rd March, 2020) - Indian Pharmacopoeia Commission	69090
/8-category-en/812-drug-alerts-2021.html	html	en	T2-article-detail	Drug Alerts 2021 - Indian Pharmacopoeia Commission	73947
/8-category-en/818-year-2021.html	html	en	T2-article-detail	Year 2021 - Indian Pharmacopoeia Commission	75674
/8-category-en/931-drug-alerts-2022.html	html	en	T2-article-detail	Drug Alerts 2022 - Indian Pharmacopoeia Commission	75553
/8-category-en/952-year-2022.html	html	en	T2-article-detail	Year 2022 - Indian Pharmacopoeia Commission	76460
/8-category-en/981-x.html	html	en	T2-article-detail	X - Indian Pharmacopoeia Commission	67793
/8-category-en/982-z.html	html	en	T2-article-detail	Z - Indian Pharmacopoeia Commission	68624
/8-category-en/995-w.html	html	en	T2-article-detail	W - Indian Pharmacopoeia Commission	67938
/8-category-en/csrf.token	html	en	T4-category-list	English Category - Indian Pharmacopoeia Commission	72267
/8-category-en/system.paths	html	en	T4-category-list	English Category - Indian Pharmacopoeia Commission	72271
/9	html	en	T2-article-detail	Secretary-cum-Scientific Director - Indian Pharmacopoeia Commission	70944
/PvPI/60-AMC%20	html	en	T9-PvPI-static	Cash &amp; Accounts - Indian Pharmacopoeia Commission	67719
/PvPI/about.html	html	en	T9-PvPI-static	Pharmacovigilance Programme of India	32360
/PvPI/adr.html	html	en	T9-PvPI-static	Pharmacovigilance Programme of India	22132
/PvPI/career.html	html	en	T9-PvPI-static	Pharmacovigilance Programme of India	7881
/PvPI/copyright.html	html	en	T9-PvPI-static	Pharmacovigilance Programme of India	6883
/PvPI/das.html	html	en	T9-PvPI-static	Pharmacovigilance Programme of India	27514
/PvPI/disclaimer.html	html	en	T9-PvPI-static	Pharmacovigilance Programme of India	7834
/PvPI/et.html	html	en	T9-PvPI-static	Pharmacovigilance Programme of India	11998
/PvPI/faq.html	html	en	T9-PvPI-static	Pharmacovigilance Programme of India	13462
/PvPI/feedback.html	html	en	T9-PvPI-static	Pharmacovigilance Programme of India	11330
/PvPI/gallery1.html	html	en	T9-PvPI-static	Pharmacovigilance Programme of India	9819
/PvPI/gallery2.html	html	en	T9-PvPI-static	Pharmacovigilance Programme of India	8967
/PvPI/gallery3.html	html	en	T9-PvPI-static	Pharmacovigilance Programme of India	9547
/PvPI/gallery4.html	html	en	T9-PvPI-static	Pharmacovigilance Programme of India	8190
/PvPI/gallery5.html	html	en	T9-PvPI-static	Pharmacovigilance Programme of India	8159
/PvPI/help.html	html	en	T9-PvPI-static	Pharmacovigilance Programme of India	7546
/PvPI/hyperlink.html	html	en	T9-PvPI-static	Pharmacovigilance Programme of India	7294
/PvPI/ne.html	html	en	T9-PvPI-static	Pharmacovigilance Programme of India	19880
/PvPI/newsletter1/newsletter1.html	html	en	T9-PvPI-static	Pharmacovigilance Programme of India	7765
/PvPI/newsletter2/newsletter2.html	html	en	T9-PvPI-static	Pharmacovigilance Programme of India	7765
/PvPI/newsletter3/newsletter3.html	html	en	T9-PvPI-static	Pharmacovigilance Programme of India	7765
/PvPI/oi.html	html	en	T9-PvPI-static	Pharmacovigilance Programme of India	16485
/PvPI/order.html	html	en	T9-PvPI-static	Pharmacovigilance Programme of India	7005
/PvPI/privacy.html	html	en	T9-PvPI-static	Pharmacovigilance Programme of India	8684
/PvPI/pub.html	html	en	T9-PvPI-static	Pharmacovigilance Programme of India	22503
/PvPI/pv_home.html	html	en	T9-PvPI-static	Pharmacovigilance Programme of India	10392
/PvPI/sitemap.html	html	en	T9-PvPI-static	Pharmacovigilance Programme of India	9056
/PvPI/tnc.html	html	en	T9-PvPI-static	Pharmacovigilance Programme of India	7790
/PvPI/toolkit.html	html	en	T9-PvPI-static	Pharmacovigilance Programme of India	110331
/about-us.html	html	en	T2-article-detail	About Us - Indian Pharmacopoeia Commission	58609
/about-us/	html	en	T2-article-detail	About Us - Indian Pharmacopoeia Commission	58605
/about-us/about-ipc.html	html	en	T2-article-detail	About IPC - Indian Pharmacopoeia Commission	57191
/about-us/about-ipc/annual-reports.html	html	en	T2-article-detail	Annual Reports - Indian Pharmacopoeia Commission	59403
/about-us/about-ipc/citizen-charter.html	html	en	T2-article-detail	CITIZEN CHARTER - Indian Pharmacopoeia Commission	55957
/about-us/about-ipc/composition-of-ipc.html	html	en	T2-article-detail	Composition of IPC - Indian Pharmacopoeia Commission	57554
/about-us/about-ipc/composition-of-ipc/8-category-en/276-governing-body.html	html	en	T2-article-detail	Governing Body - Indian Pharmacopoeia Commission	62671
/about-us/about-ipc/composition-of-ipc/8-category-en/277-general-body.html	html	en	T2-article-detail	General Body - Indian Pharmacopoeia Commission	65509
/about-us/about-ipc/composition-of-ipc/8-category-en/280-expert-committees-and-working-groups.html	html	en	T2-article-detail	Expert Committees and Working Groups - Indian Pharmacopoeia Commission	63273
/about-us/about-ipc/composition-of-ipc/8-category-en/csrf.token	html	en	T4-category-list	English Category - Indian Pharmacopoeia Commission	241890
/about-us/about-ipc/composition-of-ipc/8-category-en/system.paths	html	en	T4-category-list	English Category - Indian Pharmacopoeia Commission	241894
/about-us/about-ipc/formation-of-ipc.html	html	en	T2-article-detail	Formation of IPC - Indian Pharmacopoeia Commission	57565
/about-us/about-ipc/indian-pharmacopoeia-laboratory-ipl.html	html	en	T2-article-detail	Indian Pharmacopoeia Laboratory (IPL) - Indian Pharmacopoeia Commission	56436
/about-us/about-ipc/indian-pharmacopoeia-laboratory-ipl/analytical-support-for-skill-development-drug-discovery.html	html	en	T2-article-detail	Analytical Support for skill development &amp; drug discovery - Indian Pharmacopoeia Commission	64306
/about-us/about-ipc/indian-pharmacopoeia-laboratory-ipl/new-drugs-testing.html	html	en	T2-article-detail	New Drugs Testing - Indian Pharmacopoeia Commission	58431
/about-us/about-ipc/ipc-bye-laws.html	html	en	T2-article-detail	IPC BYE LAWS - Indian Pharmacopoeia Commission	56499
/about-us/about-ipc/ipc-bye-laws/8-category-en/1189-recruitment-rules-of-ipc.html	html	en	T2-article-detail	Recruitment Rules of IPC - Indian Pharmacopoeia Commission	56457
/about-us/about-ipc/minutes-of-meeting-mom.html	html	en	T2-article-detail	Minutes of Meeting (MoM) - Indian Pharmacopoeia Commission	63772
/about-us/about-ipc/objectives-of-ipc.html	html	en	T2-article-detail	Mission, Vision and Objectives of IPC - Indian Pharmacopoeia Commission	58069
/about-us/accreditation-certification.html	html	en	T2-article-detail	Accreditation/ Certification - Indian Pharmacopoeia Commission	56265
/about-us/contact-us.html	html	en	T2-article-detail	Contact Us - Indian Pharmacopoeia Commission	56722
/about-us/contact-us/facebook-twitter-youtube.html	html	en	T2-article-detail	Social Media Accounts of IPC - Indian Pharmacopoeia Commission	57389
/about-us/contact-us/route-map-of-ipc.html	html	en	T2-article-detail	Route Map of IPC - Indian Pharmacopoeia Commission	57911
/about-us/departments.html	html	en	T2-article-detail	All Divisions - Indian Pharmacopoeia Commission	55870
/about-us/departments/administration.html	html	en	T2-article-detail	Administration - Indian Pharmacopoeia Commission	56429
/about-us/departments/analytical-research-development-ar-d.html	html	en	T2-article-detail	Analytical Research &amp; Development (AR&amp;D) - Indian Pharmacopoeia Commission	59446
/about-us/departments/analytical-research-development-ar-d/expression-of-interest-eoi-for-verification-testing-of-indian-pharmacopoeia-ip-monographs.html	html	en	T2-article-detail	Expression of Interest (EoI) for Verification/Testing of Indian Pharmacopoeia (IP) Monographs - Indian Pharmacopoeia Commission	57524
/about-us/departments/biologics.html	html	en	T2-article-detail	Biologics - Indian Pharmacopoeia Commission	57634
/about-us/departments/finance-accounting.html	html	en	T2-article-detail	Finance &amp; Accounting - Indian Pharmacopoeia Commission	56398
/about-us/departments/finance-accounting/audit.html	html	en	T2-article-detail	Audit - Indian Pharmacopoeia Commission	56778
/about-us/departments/finance-accounting/budget.html	html	en	T2-article-detail	Budget - Indian Pharmacopoeia Commission	56736
/about-us/departments/finance-accounting/cash-accounts.html	html	en	T2-article-detail	Cash &amp; Accounts - Indian Pharmacopoeia Commission	56856
/about-us/departments/library-information-centre.html	html	en	T9-PvPI-static	Library &amp; Information Division - Indian Pharmacopoeia Commission	22736
/about-us/departments/microbiology.html	html	en	T2-article-detail	Microbiology - Indian Pharmacopoeia Commission	57621
/about-us/departments/pharmacology.html	html	en	T2-article-detail	Pharmacology - Indian Pharmacopoeia Commission	56256
/about-us/departments/phytopharmaceuticals	html	en	T2-article-detail	Phytopharmaceuticals - Indian Pharmacopoeia Commission	66485
/about-us/departments/phytopharmaceuticals.html	html	en	T2-article-detail	Phytopharmaceuticals - Indian Pharmacopoeia Commission	66490
/about-us/departments/publication.html	html	en	T2-article-detail	Publication - Indian Pharmacopoeia Commission	58594
/about-us/departments/quality-assurance.html	html	en	T2-article-detail	Quality Assurance - Indian Pharmacopoeia Commission	56370
/about-us/departments/quality-assurance/accreditation-certification.html	html	en	T2-article-detail	Accreditation &amp; Certification - Indian Pharmacopoeia Commission	56976
/about-us/departments/quality-assurance/expression-of-interest-eoi-form-for-the-testing-laboratories-to-validate-the-ip-reference-substances-iprs.html	html	en	T2-article-detail	Expression of Interest (EOI) form for the testing laboratories to validate the IP Reference Substances (IPRS) - Indian Pharmacopoeia Commission	58119
/about-us/departments/quality-assurance/other-activities.html	html	en	T2-article-detail	Other Activities - Indian Pharmacopoeia Commission	56734
/about-us/departments/quality-assurance/overview-of-quality-assurance-department.html	html	en	T2-article-detail	Quality Manual of the IP Commission - Indian Pharmacopoeia Commission	56828
/about-us/departments/quality-assurance/proficiency-testing-division.html	html	en	T2-article-detail	Proficiency Testing Division - Indian Pharmacopoeia Commission	59767
/about-us/departments/quality-assurance/training-skill-development.html	html	en	T2-article-detail	Training &amp; Skill Development - Indian Pharmacopoeia Commission	56567
/about-us/departments/reference-standard.html	html	en	T2-article-detail	Reference Standard - Indian Pharmacopoeia Commission	62561
/about-us/departments/reference-standard/8-category-en/264-protocol-of-ip-prednisone-tablet-for-dissolution-apparatus-calibration.html	html	en	T2-article-detail	Protocol of IP Prednisone Tablet for Dissolution Apparatus Calibration - Indian Pharmacopoeia Commission	56947
/about-us/departments/reference-standard/8-category-en/csrf.token	html	en	T4-category-list	English Category - Indian Pharmacopoeia Commission	242584
/about-us/departments/reference-standard/8-category-en/system.paths	html	en	T4-category-list	English Category - Indian Pharmacopoeia Commission	242588
/about-us/departments/store.html	html	en	T2-article-detail	Supply Chain &amp; Maintenance Management - Indian Pharmacopoeia Commission	56771
/about-us/events.html	html	en	T2-article-detail	Events - Indian Pharmacopoeia Commission	57206
/about-us/events/8-category-en/1469-indian-pharmacopoeia-commission-organizes-scientific-conclave-interactive-session-on-indian-pharmacopoeia-2026-at-the-national-institute-of-pharmaceutical-education-and-research-niper-,-hyderabad,-telangana-%2015-may-2026.html	html	en	T2-article-detail	Indian Pharmacopoeia Commission organizes Scientific Conclave &amp; Interactive Session on Indian Pharmacopoeia 2026 at the National Institute of Pharmaceutical Education and Research (NIPER), Hyderabad, Telangana - 15 May 2026 - Indian Pharmacopoeia Commission	63681
/about-us/events/8-category-en/1470-indian-pharmacopoeia-commission-organizes-scientific-conclave-interactive-session-on-indian-pharmacopoeia-2026-at-council-of-scientific-and-industrial-research%E2%80%93indian-institute-of-integrative-medicine-csir%E2%80%93iiim-jammu-%2017th-april-2026.html	html	en	T2-article-detail	Indian Pharmacopoeia Commission organizes Scientific Conclave &amp; Interactive Session on Indian Pharmacopoeia 2026 at Council Of Scientific And Industrial Research–Indian Institute Of Integrative Medicine (CSIR–IIIM) Jammu - 17th April 2026. - Indian Pharmacopoeia Commission	60118
/about-us/events/8-category-en/1470-indian-pharmacopoeia-commission-organizes-scientific-conclave-interactive-session-on-indian-pharmacopoeia-2026-at-council-of-scientific-and-industrial-research–indian-institute-of-integrative-medicine-csir–iiim-jammu-%2017th-april-2026.html	html	en	T2-article-detail	Indian Pharmacopoeia Commission organizes Scientific Conclave &amp; Interactive Session on Indian Pharmacopoeia 2026 at Council Of Scientific And Industrial Research–Indian Institute Of Integrative Medicine (CSIR–IIIM) Jammu - 17th April 2026. - Indian Pharmacopoeia Commission	60118
/about-us/expert-committees-working-groups.html	html	en	T2-article-detail	Expert Committees &amp; Working Groups - Indian Pharmacopoeia Commission	61420
/about-us/list-of-employees.html	html	en	T2-article-detail	List of Employees - Indian Pharmacopoeia Commission	57079
/about-us/media-new.html	html	en	T2-article-detail	Gallery - Indian Pharmacopoeia Commission	55748
/about-us/media-new/ipc-in-news-media.html	html	en	T2-article-detail	IPC in News &amp; Media - Indian Pharmacopoeia Commission	63894
/about-us/media-new/ipc-in-news-media/8-category-en/631-centre-for-cellular-molecular-biology,-indian-pharmacoepia-commission-ink-pact-on-biosimilars-and-herbal-drugs.html	html	en	T2-article-detail	Centre for Cellular &amp; Molecular Biology, Indian Pharmacoepia Commission ink pact on biosimilars and herbal drugs - Indian Pharmacopoeia Commission	58044
/about-us/media-new/news-highlights.feed	html	en	T4-category-list	News &amp; Highlights - Indian Pharmacopoeia Commission	64699
/about-us/media-new/news-highlights.html	html	en	T4-category-list	News &amp; Highlights - Indian Pharmacopoeia Commission	64699
/about-us/media-new/photo-gallery.html	html	en	T4-category-list	Photo Gallery - Indian Pharmacopoeia Commission	115486
/about-us/media-new/photo-gallery/category/1-launch-of-ip-2010.html	html	en	T3-listing-paginated	Photo Gallery - Launch of IP 2010 - Indian Pharmacopoeia Commission	63944
/about-us/media-new/photo-gallery/category/10-1st-national-workshop.html	html	en	T3-listing-paginated	Photo Gallery - 1st National workshop on “Best practices and compliance of Indian Pharmacopoeia standards for herbal drugs and Phytopharmaceuticals” at IPC,Ghaziabad on 18.09.2018 - Indian Pharmacopoeia Commission	73441
/about-us/media-new/photo-gallery/category/14-celebration-of-hindi-diwas-on-14th-september,-2018-at-ipc,-ghaziabad.html	html	en	T3-listing-paginated	Photo Gallery - Celebration of &quot;Hindi Diwas&quot; on 14th September, 2018 at IPC, Ghaziabad - Indian Pharmacopoeia Commission	80607
/about-us/media-new/photo-gallery/category/15-national-seminar-on-health-information-resources-and-searching-techniques-held-on-27th-july,-2018.html	html	en	T3-listing-paginated	Photo Gallery - National Seminar on &quot;Health Information Resources and Searching Techniques &quot; held on 27th July, 2018 - Indian Pharmacopoeia Commission	63477
/about-us/media-new/photo-gallery/category/17-national-seminar-on.html	html	en	T3-listing-paginated	Photo Gallery - National Seminar on - Indian Pharmacopoeia Commission	69050
/about-us/media-new/photo-gallery/category/18-national-seminar-27th-july-2018.html	html	en	T3-listing-paginated	Photo Gallery - National Seminar on &quot;Health Information Resources and Searching Techniques&quot; held on 27th July, 2018 - Indian Pharmacopoeia Commission	69995
/about-us/media-new/photo-gallery/category/19-%E2%80%9C6th-who-bi-annual-inter-regional-seminar-for-quality-control-laboratories-qcls-involved-in-who-prequalification%E2%80%9D-from-23rd-to-25th-october,-2018.html	html	en	T3-listing-paginated	Photo Gallery - “6th WHO Bi-annual Inter-regional Seminar for Quality Control Laboratories (QCLs) involved in WHO prequalification” from 23rd to 25th October, 2018 - Indian Pharmacopoeia Commission	83399
/about-us/media-new/photo-gallery/category/19-%ef%bf%bd%ef%bf%bd%ef%bf%bd6th-who-bi-annual-inter-regional-seminar-for-quality-control-laboratories-qcls-involved-in-who-prequalification%ef%bf%bd%ef%bf%bd%ef%bf%bd-from-23rd-to-25th-october,-2018.html	html	en	T3-listing-paginated	Photo Gallery - “6th WHO Bi-annual Inter-regional Seminar for Quality Control Laboratories (QCLs) involved in WHO prequalification” from 23rd to 25th October, 2018 - Indian Pharmacopoeia Commission	83507
/about-us/media-new/photo-gallery/category/19-“6th-who-bi-annual-inter-regional-seminar-for-quality-control-laboratories-qcls-involved-in-who-prequalification”-from-23rd-to-25th-october,-2018.html	html	en	T3-listing-paginated	Photo Gallery - “6th WHO Bi-annual Inter-regional Seminar for Quality Control Laboratories (QCLs) involved in WHO prequalification” from 23rd to 25th October, 2018 - Indian Pharmacopoeia Commission	83399
/about-us/media-new/photo-gallery/category/2-memorable-events.html	html	en	T3-listing-paginated	Photo Gallery - Memorable Events - Indian Pharmacopoeia Commission	63905
/about-us/media-new/photo-gallery/category/20-indian-pharmacopoeia-commission-organized-the-%E2%80%9C1st-ipc-interactive-meet-on-pharmacopoeia-standards-regulatory-and-quality-considerations%E2%80%9D-at-csir-imtech,-chandigarh-on-4th-february,-2019.html	html	en	T3-listing-paginated	Photo Gallery - Indian Pharmacopoeia Commission organized the “1st IPC Interactive Meet on Pharmacopoeia Standards: Regulatory and Quality Considerations” at CSIR-IMTECH, Chandigarh on 4th February, 2019 - Indian Pharmacopoeia Commission	71320
/about-us/media-new/photo-gallery/category/20-indian-pharmacopoeia-commission-organized-the-%EF%BF%BD%EF%BF%BD%EF%BF%BD1st-ipc-interactive-meet-on-pharmacopoeia-standards-regulatory-and-quality-considerations%EF%BF%BD%EF%BF%BD%EF%BF%BD-at-csir-imtech,-chandigarh-on-4th-february,-2019.html	html	en	T3-listing-paginated	Photo Gallery - Indian Pharmacopoeia Commission organized the “1st IPC Interactive Meet on Pharmacopoeia Standards: Regulatory and Quality Considerations” at CSIR-IMTECH, Chandigarh on 4th February, 2019 - Indian Pharmacopoeia Commission	71392
/about-us/media-new/photo-gallery/category/20-indian-pharmacopoeia-commission-organized-the-“1st-ipc-interactive-meet-on-pharmacopoeia-standards-regulatory-and-quality-considerations”-at-csir-imtech,-chandigarh-on-4th-february,-2019.html	html	en	T3-listing-paginated	Photo Gallery - Indian Pharmacopoeia Commission organized the “1st IPC Interactive Meet on Pharmacopoeia Standards: Regulatory and Quality Considerations” at CSIR-IMTECH, Chandigarh on 4th February, 2019 - Indian Pharmacopoeia Commission	71320
/about-us/media-new/photo-gallery/category/21-indian-pharmacopoeia-commission-organized-the-%E2%80%9C1st-ipc-interactive-meet-on-pharmacopoeia-standards-regulatory-and-quality-considerations%E2%80%9D-at-csir-imtech,-chandigarh-on-4th-february,-2019.html	html	en	T3-listing-paginated	Photo Gallery - Indian Pharmacopoeia Commission organized the “1st IPC Interactive Meet on Pharmacopoeia Standards: Regulatory and Quality Considerations” at CSIR-IMTECH, Chandigarh on 4th February, 2019 - Indian Pharmacopoeia Commission	64403
/about-us/media-new/photo-gallery/category/21-indian-pharmacopoeia-commission-organized-the-“1st-ipc-interactive-meet-on-pharmacopoeia-standards-regulatory-and-quality-considerations”-at-csir-imtech,-chandigarh-on-4th-february,-2019.html	html	en	T3-listing-paginated	Photo Gallery - Indian Pharmacopoeia Commission organized the “1st IPC Interactive Meet on Pharmacopoeia Standards: Regulatory and Quality Considerations” at CSIR-IMTECH, Chandigarh on 4th February, 2019 - Indian Pharmacopoeia Commission	64403
/about-us/media-new/photo-gallery/category/22-launch-of-materiovigilance-programme-of-india-mvpi-reporting-tools.html	html	en	T3-listing-paginated	Photo Gallery - Launch of Materiovigilance Programme of India (MvPI) Reporting Tools - Indian Pharmacopoeia Commission	63324
/about-us/media-new/photo-gallery/category/23-launch-of-materiovigilance-programme-of-india-mvpi-reporting-tools.html	html	en	T3-listing-paginated	Photo Gallery - Launch of Materiovigilance Programme of India (MvPI) Reporting Tools on February 8, 2019 - Indian Pharmacopoeia Commission	70915
/about-us/media-new/photo-gallery/category/24-5th-asia-pacific-training-course.html	html	en	T3-listing-paginated	Photo Gallery - 5th Asia Pacific Training Course - Indian Pharmacopoeia Commission	63098
/about-us/media-new/photo-gallery/category/25-5th-asia-pacific.html	html	en	T3-listing-paginated	Photo Gallery - 5th Asia Pacific Pharmacovigilance Training Course from 4th to 15th March 2019 - Indian Pharmacopoeia Commission	66527
/about-us/media-new/photo-gallery/category/3-visit-of-shri-v-venkatachalam.html	html	en	T3-listing-paginated	Photo Gallery - visit of Shri V.Venkatachalam - Indian Pharmacopoeia Commission	63962
/about-us/media-new/photo-gallery/category/33-released-of-ip-addendum-2019-to-ip-2018-on-5th-july,-2019-at-nirman-bhawan,-new-delhi.html	html	en	T3-listing-paginated	Photo Gallery - Release of IP Addendum 2019 to IP-2018 on 5th July, 2019 at Nirman Bhawan, New Delhi - Indian Pharmacopoeia Commission	66447
/about-us/media-new/photo-gallery/category/34-2nd-meeting-with-stakeholders-on-antisera-for-human-use-held-at-ipc-ghaziabad-on-2nd-july,-2019.html	html	en	T3-listing-paginated	Photo Gallery - 2nd Meeting with stakeholders on Antisera for Human use held at IPC Ghaziabad on 2nd July, 2019 - Indian Pharmacopoeia Commission	66588
/about-us/media-new/photo-gallery/category/36-the-induction-cum-training-programme-on-pharmacovigilance-for-coordinators-of-newly-recognized-amcs-pharmacovigilance-associates-was-organized-by-national-coordination-centre-for-pharmacovigilance-programme-of-india-at-ipc,-ghaziabad-from-1st-%E2%80%93-5th-july-2.html	html	en	T3-listing-paginated	Photo Gallery - The Induction-cum-Training Programme on Pharmacovigilance&quot; for Coordinators of Newly recognized AMCs &amp; Pharmacovigilance Associates was organized by National Coordination Centre for Pharmacovigilance Programme of India at IPC, Ghaziabad from 1st – 5th Jul - Indian Pharmacopoeia Commission	65108
/about-us/media-new/photo-gallery/category/36-the-induction-cum-training-programme-on-pharmacovigilance-for-coordinators-of-newly-recognized-amcs-pharmacovigilance-associates-was-organized-by-national-coordination-centre-for-pharmacovigilance-programme-of-india-at-ipc,-ghaziabad-from-1st-%EF%BF%BD%EF%BF%BD%EF%BF%BD-5th-july-2.html	html	en	T3-listing-paginated	Photo Gallery - The Induction-cum-Training Programme on Pharmacovigilance&quot; for Coordinators of Newly recognized AMCs &amp; Pharmacovigilance Associates was organized by National Coordination Centre for Pharmacovigilance Programme of India at IPC, Ghaziabad from 1st – 5th Jul - Indian Pharmacopoeia Commission	65144
/about-us/media-new/photo-gallery/category/36-the-induction-cum-training-programme-on-pharmacovigilance-for-coordinators-of-newly-recognized-amcs-pharmacovigilance-associates-was-organized-by-national-coordination-centre-for-pharmacovigilance-programme-of-india-at-ipc,-ghaziabad-from-1st-–-5th-july-2.html	html	en	T3-listing-paginated	Photo Gallery - The Induction-cum-Training Programme on Pharmacovigilance&quot; for Coordinators of Newly recognized AMCs &amp; Pharmacovigilance Associates was organized by National Coordination Centre for Pharmacovigilance Programme of India at IPC, Ghaziabad from 1st – 5th Jul - Indian Pharmacopoeia Commission	65108
/about-us/media-new/photo-gallery/category/37-first-subcommittee-meeting-on-herbal-products-and-phytopharmaceutical-monograph-development-was-held-on-15-05-2019,-at-r-s-iyyer-hall,-indian-pharmacopoeia-commission,-ghaziabad,-under-the-chairmanship-of-dr-dba-narayana,-eminent-scientist.html	html	en	T3-listing-paginated	Photo Gallery - First subcommittee meeting on herbal products and phytopharmaceutical monograph development was held on 15.05.2019, at R S Iyyer Hall, Indian Pharmacopoeia Commission, Ghaziabad, under the chairmanship of Dr. DBA Narayana, Eminent Scientist - Indian Pharmacopoeia Commission	69818
/about-us/media-new/photo-gallery/category/38-the-9th-regional-workshop-on-%E2%80%9Cpharmacovigilance-and-establishment-of-pharmacovigilance-system-in-pharmaceutical-industries-a-way-forward%E2%80%9D-was-conducted-by-ipc,-ghaziabad-at-yashoda-hospital,-kaushambi,-ghaziabad,-uttar-pradesh-on-may-9,-2019.html	html	en	T3-listing-paginated	Photo Gallery - The 9th Regional Workshop on “Pharmacovigilance and Establishment of Pharmacovigilance System in Pharmaceutical Industries - A Way Forward” was conducted by IPC, Ghaziabad at Yashoda Hospital, Kaushambi, Ghaziabad, Uttar Pradesh on May 9, 2019 - Indian Pharmacopoeia Commission	72279
/about-us/media-new/photo-gallery/category/38-the-9th-regional-workshop-on-%ef%bf%bd%ef%bf%bd%ef%bf%bdpharmacovigilance-and-establishment-of-pharmacovigilance-system-in-pharmaceutical-industries-a-way-forward%ef%bf%bd%ef%bf%bd%ef%bf%bd-was-conducted-by-ipc,-ghaziabad-at-yashoda-hospital,-kaushambi,-ghaziabad,-uttar-pradesh-on-may-9,-2019.html	html	en	T3-listing-paginated	Photo Gallery - The 9th Regional Workshop on “Pharmacovigilance and Establishment of Pharmacovigilance System in Pharmaceutical Industries - A Way Forward” was conducted by IPC, Ghaziabad at Yashoda Hospital, Kaushambi, Ghaziabad, Uttar Pradesh on May 9, 2019 - Indian Pharmacopoeia Commission	72351
/about-us/media-new/photo-gallery/category/38-the-9th-regional-workshop-on-“pharmacovigilance-and-establishment-of-pharmacovigilance-system-in-pharmaceutical-industries-a-way-forward”-was-conducted-by-ipc,-ghaziabad-at-yashoda-hospital,-kaushambi,-ghaziabad,-uttar-pradesh-on-may-9,-2019.html	html	en	T3-listing-paginated	Photo Gallery - The 9th Regional Workshop on “Pharmacovigilance and Establishment of Pharmacovigilance System in Pharmaceutical Industries - A Way Forward” was conducted by IPC, Ghaziabad at Yashoda Hospital, Kaushambi, Ghaziabad, Uttar Pradesh on May 9, 2019 - Indian Pharmacopoeia Commission	72279
/about-us/media-new/photo-gallery/category/40-7th-meeting-of-the-expert-committee-vaccine-and-immunosera-for-human-use-along-with-stakeholders-held-on-29th-april-2019-at-winnie-s-resort-kasauli.html	html	en	T3-listing-paginated	Photo Gallery - 7th Meeting of the Expert Committee - Vaccine and Immunosera for human use along with Stakeholders held on 29th April 2019 at Winnie's Resort Kasauli - Indian Pharmacopoeia Commission	68636
/about-us/media-new/photo-gallery/category/43-9th-one-week-advance-training-programme-on-%E2%80%9Chigh-performance-liquid-chromatography-hplc-and-dissolution-test-apparatus%E2%80%9D-used-for-drugs-pharma-analysis-for-government-drugs-analysts-working-in-central,-state,-and-regional-drug-testing-laboratories.html	html	en	T3-listing-paginated	Photo Gallery - 9th one-week Advance Training Programme on “High-Performance Liquid Chromatography (HPLC) and Dissolution Test Apparatus” used for Drugs &amp; Pharma Analysis for Government Drugs Analysts working in Central, State, and Regional Drug Testing Laboratories - Indian Pharmacopoeia Commission	70338
/about-us/media-new/photo-gallery/category/43-9th-one-week-advance-training-programme-on-%ef%bf%bd%ef%bf%bd%ef%bf%bdhigh-performance-liquid-chromatography-hplc-and-dissolution-test-apparatus%ef%bf%bd%ef%bf%bd%ef%bf%bd-used-for-drugs-pharma-analysis-for-government-drugs-analysts-working-in-central,-state,-and-regional-drug-testing-laboratories.html	html	en	T3-listing-paginated	Photo Gallery - 9th one-week Advance Training Programme on “High-Performance Liquid Chromatography (HPLC) and Dissolution Test Apparatus” used for Drugs &amp; Pharma Analysis for Government Drugs Analysts working in Central, State, and Regional Drug Testing Laboratories - Indian Pharmacopoeia Commission	70410
/about-us/media-new/photo-gallery/category/43-9th-one-week-advance-training-programme-on-“high-performance-liquid-chromatography-hplc-and-dissolution-test-apparatus”-used-for-drugs-pharma-analysis-for-government-drugs-analysts-working-in-central,-state,-and-regional-drug-testing-laboratories.html	html	en	T3-listing-paginated	Photo Gallery - 9th one-week Advance Training Programme on “High-Performance Liquid Chromatography (HPLC) and Dissolution Test Apparatus” used for Drugs &amp; Pharma Analysis for Government Drugs Analysts working in Central, State, and Regional Drug Testing Laboratories - Indian Pharmacopoeia Commission	70338
/about-us/media-new/photo-gallery/category/44-training-on-quality-management-system-of-pharmacovigilance-given-by-ms-durga-mane,-associate-director-delivery-excellence,-quality-at-cognizant-technology-solutions,-mumbai-to-pvpi-officials-at-r-s-iyer-hall,-ipc-on-26th-april-2019.html	html	en	T3-listing-paginated	Photo Gallery - Training on Quality Management System of Pharmacovigilance given by Ms Durga Mane, Associate Director- Delivery Excellence, Quality at Cognizant Technology Solutions, Mumbai to PvPI officials at R.S. IYER Hall, IPC on 26th April 2019 - Indian Pharmacopoeia Commission	68678
/about-us/media-new/photo-gallery/category/45-indian-pharmacopoeia-commission-ipc-established-working-relationship-with-csir-centre-for-cellular-and-molecular-biology-ccmb-by-signing-mou-on-23-04-2019-during-the-meeting-of-subcommittee-for-dna-barcode-at-ipc,-ghaziabad.html	html	en	T3-listing-paginated	Photo Gallery - Indian Pharmacopoeia Commission (IPC) established working relationship with CSIR-Centre for Cellular and Molecular Biology (CCMB) by signing MoU on 23.04.2019 during the meeting of 'Subcommittee for DNA Barcode' at IPC, Ghaziabad - Indian Pharmacopoeia Commission	69873
/about-us/media-new/photo-gallery/category/46-indian-pharmacopoeia-commission-organizes-2nd-residential-course-on-%E2%80%9Cphytopharmaceuticals-and-herbal-drugs-monograph-drafting,-verification-and-validation%E2%80%9D-from-22nd-to-26th-april,-2019.html	html	en	T3-listing-paginated	Photo Gallery - Indian Pharmacopoeia Commission organizes 2nd Residential course on “Phytopharmaceuticals and herbal drugs monograph drafting, verification and validation” from 22nd to 26th April, 2019 - Indian Pharmacopoeia Commission	69279
/about-us/media-new/photo-gallery/category/46-indian-pharmacopoeia-commission-organizes-2nd-residential-course-on-%ef%bf%bd%ef%bf%bd%ef%bf%bdphytopharmaceuticals-and-herbal-drugs-monograph-drafting,-verification-and-validation%ef%bf%bd%ef%bf%bd%ef%bf%bd-from-22nd-to-26th-april,-2019.html	html	en	T3-listing-paginated	Photo Gallery - Indian Pharmacopoeia Commission organizes 2nd Residential course on “Phytopharmaceuticals and herbal drugs monograph drafting, verification and validation” from 22nd to 26th April, 2019 - Indian Pharmacopoeia Commission	69351
/about-us/media-new/photo-gallery/category/46-indian-pharmacopoeia-commission-organizes-2nd-residential-course-on-“phytopharmaceuticals-and-herbal-drugs-monograph-drafting,-verification-and-validation”-from-22nd-to-26th-april,-2019.html	html	en	T3-listing-paginated	Photo Gallery - Indian Pharmacopoeia Commission organizes 2nd Residential course on “Phytopharmaceuticals and herbal drugs monograph drafting, verification and validation” from 22nd to 26th April, 2019 - Indian Pharmacopoeia Commission	69279
/about-us/media-new/photo-gallery/category/47-the-ipc,-in-technical-collaboration-with-lovely-professional-university,-phagwara-had-organized-one-day-training-on-%E2%80%9Cpharmacopoeial-standard-for-herbal-drugs-and-phytopharmaceuticals%E2%80%9D,-on-30th-march-2019,-at-lpu-campus,-punjab.html	html	en	T3-listing-paginated	Photo Gallery - The IPC, In technical collaboration with Lovely Professional University, Phagwara had organized one day training on “Pharmacopoeial standard for herbal drugs and phytopharmaceuticals”, on 30th March 2019, at LPU campus, Punjab. - Indian Pharmacopoeia Commission	70020
/about-us/media-new/photo-gallery/category/47-the-ipc,-in-technical-collaboration-with-lovely-professional-university,-phagwara-had-organized-one-day-training-on-%EF%BF%BD%EF%BF%BD%EF%BF%BDpharmacopoeial-standard-for-herbal-drugs-and-phytopharmaceuticals%EF%BF%BD%EF%BF%BD%EF%BF%BD,-on-30th-march-2019,-at-lpu-campus,-punjab.html	html	en	T3-listing-paginated	Photo Gallery - The IPC, In technical collaboration with Lovely Professional University, Phagwara had organized one day training on “Pharmacopoeial standard for herbal drugs and phytopharmaceuticals”, on 30th March 2019, at LPU campus, Punjab. - Indian Pharmacopoeia Commission	70092
/about-us/media-new/photo-gallery/category/47-the-ipc,-in-technical-collaboration-with-lovely-professional-university,-phagwara-had-organized-one-day-training-on-“pharmacopoeial-standard-for-herbal-drugs-and-phytopharmaceuticals”,-on-30th-march-2019,-at-lpu-campus,-punjab.html	html	en	T3-listing-paginated	Photo Gallery - The IPC, In technical collaboration with Lovely Professional University, Phagwara had organized one day training on “Pharmacopoeial standard for herbal drugs and phytopharmaceuticals”, on 30th March 2019, at LPU campus, Punjab. - Indian Pharmacopoeia Commission	70020
/about-us/media-new/photo-gallery/category/48-40th-scientific-body-meeting-of-the-indian-pharmacopoeia-commission-at-india-international-centre-on-march-27,-2019,-under-the-chairmanship-of-prof-n-k-ganguly.html	html	en	T3-listing-paginated	Photo Gallery - 40th Scientific Body Meeting of the Indian Pharmacopoeia Commission at India International Centre on March 27, 2019, under the chairmanship of Prof. N. K. Ganguly. - Indian Pharmacopoeia Commission	65466
/about-us/media-new/photo-gallery/category/5-some-glimpses-of-72nd-independence-day-celebrations.html	html	en	T3-listing-paginated	Photo Gallery - Some Glimpses of 72nd Independence Day Celebrations - Indian Pharmacopoeia Commission	79402
/about-us/media-new/photo-gallery/category/51-launching-of-indian-pharmacopoeia-reference-substance-ipprs-guggulsterones-e-z-done-at-csir-nbri,-lucknow.html	html	en	T3-listing-paginated	Photo Gallery - Launching of Indian Pharmacopoeia Reference Substance(IPPRS) Guggulsterones E &amp; Z done at CSIR-NBRI, Lucknow - Indian Pharmacopoeia Commission	64050
/about-us/media-new/photo-gallery/category/52-1st-ipc-interactive-meet-on-pharmacopoeia-standards-regulatory-and-quality-considerations-held-at-csir-imtech,-chandigarh-on-04th-february-2019.html	html	en	T3-listing-paginated	Photo Gallery - 1st IPC interactive meet on Pharmacopoeia Standards: Regulatory and Quality Considerations held at CSIR-IMTECH, Chandigarh on 04th February 2019 - Indian Pharmacopoeia Commission	70141
/about-us/media-new/photo-gallery/category/53-fifth-core-training-panel-ctp-meeting-cum-fourth-regional-training-centers-rtcs-coordinators-meeting-at-ipc,-ghaziabad-on-31st-january-2019.html	html	en	T3-listing-paginated	Photo Gallery - Fifth Core Training Panel (CTP) meeting cum Fourth Regional Training Centers (RTCs) Coordinators Meeting at IPC, Ghaziabad on 31st January 2019 - Indian Pharmacopoeia Commission	66287
/about-us/media-new/photo-gallery/category/54-1st-workshop-on-human-vaccine-immunosera-regulatory-and-quality-considerations%E2%80%9D-on-29th-january-2019.html	html	en	T3-listing-paginated	Photo Gallery - 1st Workshop on Human Vaccine &amp; Immunosera : Regulatory and Quality Considerations” on 29th January 2019 - Indian Pharmacopoeia Commission	65964
/about-us/media-new/photo-gallery/category/54-1st-workshop-on-human-vaccine-immunosera-regulatory-and-quality-considerations%ef%bf%bd%ef%bf%bd%ef%bf%bd-on-29th-january-2019.html	html	en	T3-listing-paginated	Photo Gallery - 1st Workshop on Human Vaccine &amp; Immunosera : Regulatory and Quality Considerations” on 29th January 2019 - Indian Pharmacopoeia Commission	66000
/about-us/media-new/photo-gallery/category/54-1st-workshop-on-human-vaccine-immunosera-regulatory-and-quality-considerations”-on-29th-january-2019.html	html	en	T3-listing-paginated	Photo Gallery - 1st Workshop on Human Vaccine &amp; Immunosera : Regulatory and Quality Considerations” on 29th January 2019 - Indian Pharmacopoeia Commission	65964
/about-us/media-new/photo-gallery/category/56-the-10th-regional-workshop-on-%E2%80%9Cpharmacovigilance-and-establishment-of-pharmacovigilance-system-in-pharmaceutical-industries-a-way-forward%E2%80%9D-was-conducted-by-ipc,-ghaziabad-at-mtcc,-csir-institute-of-microbial-technology,-chandigarh-on-july-12,-2019.html	html	en	T3-listing-paginated	Photo Gallery - The 10th Regional Workshop on “Pharmacovigilance and Establishment of Pharmacovigilance System in Pharmaceutical Industries - A Way Forward” was conducted by IPC, Ghaziabad at MTCC, CSIR- Institute of Microbial Technology, Chandigarh on July 12, 2019 - Indian Pharmacopoeia Commission	71071
/about-us/media-new/photo-gallery/category/56-the-10th-regional-workshop-on-%EF%BF%BD%EF%BF%BD%EF%BF%BDpharmacovigilance-and-establishment-of-pharmacovigilance-system-in-pharmaceutical-industries-a-way-forward%EF%BF%BD%EF%BF%BD%EF%BF%BD-was-conducted-by-ipc,-ghaziabad-at-mtcc,-csir-institute-of-microbial-technology,-chandigarh-on-july-12,-2019.html	html	en	T3-listing-paginated	Photo Gallery - The 10th Regional Workshop on “Pharmacovigilance and Establishment of Pharmacovigilance System in Pharmaceutical Industries - A Way Forward” was conducted by IPC, Ghaziabad at MTCC, CSIR- Institute of Microbial Technology, Chandigarh on July 12, 2019 - Indian Pharmacopoeia Commission	71143
/about-us/media-new/photo-gallery/category/56-the-10th-regional-workshop-on-“pharmacovigilance-and-establishment-of-pharmacovigilance-system-in-pharmaceutical-industries-a-way-forward”-was-conducted-by-ipc,-ghaziabad-at-mtcc,-csir-institute-of-microbial-technology,-chandigarh-on-july-12,-2019.html	html	en	T3-listing-paginated	Photo Gallery - The 10th Regional Workshop on “Pharmacovigilance and Establishment of Pharmacovigilance System in Pharmaceutical Industries - A Way Forward” was conducted by IPC, Ghaziabad at MTCC, CSIR- Institute of Microbial Technology, Chandigarh on July 12, 2019 - Indian Pharmacopoeia Commission	71071
/about-us/media-new/photo-gallery/category/57-38th-annual-meeting-of-national-pharmacovigilance-centres-on-november-4-6,-2015-at-hotel-lalit.html	html	en	T3-listing-paginated	Photo Gallery - 38th Annual Meeting of National Pharmacovigilance Centres was organized by IPC, Ghaziabad on November 4- 6, 2015 - Indian Pharmacopoeia Commission	66647
/about-us/media-new/photo-gallery/category/58-41st-scientific-body-meeting-of-the-indian-pharmacopoeia-commission-on-july-20,-2019.html	html	en	T3-listing-paginated	Photo Gallery - 41st Scientific Body Meeting of the Indian Pharmacopoeia Commission on July 20, 2019 - Indian Pharmacopoeia Commission	71742
/about-us/media-new/photo-gallery/category/59-12th-skill-development-programme-on-pharmacovigilance-for-medical-products-was-conducted-at-indian-pharmacopoeia-commission-from-15th-to-19th-july-2019.html	html	en	T3-listing-paginated	Photo Gallery - 12th Skill Development Programme on &quot;Pharmacovigilance for Medical Products&quot; was conducted at Indian Pharmacopoeia Commission from 15th to 19th July 2019 - Indian Pharmacopoeia Commission	65314
/about-us/media-new/photo-gallery/category/60-2nd-ipc-interactive-meet-on-pharmacopoeia-standards-regulatory-and-quality-considerations-on-26th-july-2019-at-fda,-goa.html	html	en	T3-listing-paginated	Photo Gallery - 2nd IPC Interactive Meet on Pharmacopoeia Standards Regulatory and Quality Considerations&quot; on 26th July 2019 at FDA, Goa - Indian Pharmacopoeia Commission	70870
/about-us/media-new/photo-gallery/category/61-workshop-cum-training-programme-on-pharmacovigilance-for-nabh-accredited-hospitals-in-delhi-ncr-region-held-on-26-july-2019.html	html	en	T3-listing-paginated	Photo Gallery - &quot;Workshop-cum-training Programme on Pharmacovigilance for NABH accredited hospitals in Delhi NCR region&quot; held on 26 July 2019 - Indian Pharmacopoeia Commission	65135
/about-us/media-new/photo-gallery/category/62-11th-regional-workshop-on-%E2%80%9Cpharmacovigilance-and-establishment-of-pharmacovigilance-system-in-pharmaceutical-industries-a-way-forward%E2%80%9D-was-conducted-by-ipc,-ghaziabad-at-csir-centre-for-cellular-molecular-biology,-hyderabad-on-august-28,-2019.html	html	en	T3-listing-paginated	Photo Gallery - 11th Regional Workshop on “Pharmacovigilance and Establishment of Pharmacovigilance System in Pharmaceutical Industries- A Way Forward” was conducted by IPC, Ghaziabad at CSIR- Centre for Cellular &amp; Molecular Biology, Hyderabad on August 28, 2019. - Indian Pharmacopoeia Commission	84623
/about-us/media-new/photo-gallery/category/62-11th-regional-workshop-on-%EF%BF%BD%EF%BF%BD%EF%BF%BDpharmacovigilance-and-establishment-of-pharmacovigilance-system-in-pharmaceutical-industries-a-way-forward%EF%BF%BD%EF%BF%BD%EF%BF%BD-was-conducted-by-ipc,-ghaziabad-at-csir-centre-for-cellular-molecular-biology,-hyderabad-on-august-28,-2019.html	html	en	T3-listing-paginated	Photo Gallery - 11th Regional Workshop on “Pharmacovigilance and Establishment of Pharmacovigilance System in Pharmaceutical Industries- A Way Forward” was conducted by IPC, Ghaziabad at CSIR- Centre for Cellular &amp; Molecular Biology, Hyderabad on August 28, 2019. - Indian Pharmacopoeia Commission	84695
/about-us/media-new/photo-gallery/category/62-11th-regional-workshop-on-“pharmacovigilance-and-establishment-of-pharmacovigilance-system-in-pharmaceutical-industries-a-way-forward”-was-conducted-by-ipc,-ghaziabad-at-csir-centre-for-cellular-molecular-biology,-hyderabad-on-august-28,-2019.html	html	en	T3-listing-paginated	Photo Gallery - 11th Regional Workshop on “Pharmacovigilance and Establishment of Pharmacovigilance System in Pharmaceutical Industries- A Way Forward” was conducted by IPC, Ghaziabad at CSIR- Centre for Cellular &amp; Molecular Biology, Hyderabad on August 28, 2019. - Indian Pharmacopoeia Commission	84623
/about-us/media-new/photo-gallery/category/63-who%E2%80%93eqaas-delegation.html	html	en	T3-listing-paginated	Photo Gallery - WHO–EQAAS Delegation - Indian Pharmacopoeia Commission	63364
/about-us/media-new/photo-gallery/category/63-who%EF%BF%BD%EF%BF%BD%EF%BF%BDeqaas-delegation.html	html	en	T3-listing-paginated	Photo Gallery - WHO–EQAAS Delegation - Indian Pharmacopoeia Commission	63400
/about-us/media-new/photo-gallery/category/63-who–eqaas-delegation.html	html	en	T3-listing-paginated	Photo Gallery - WHO–EQAAS Delegation - Indian Pharmacopoeia Commission	63364
/about-us/media-new/photo-gallery/category/64-13th-regional-workshop-at-saims-indore-on-january-10,-2020.html	html	en	T3-listing-paginated	Photo Gallery - 13th Regional Workshop at SAIMS Indore on January 10, 2020 - Indian Pharmacopoeia Commission	66079
/about-us/media-new/photo-gallery/category/65-%E2%80%9Cannual-report-2018-19-of-ipc-and-annual-performance-report-2018-19-of-pharmacovigilance-programme-of-india-pvpi-%E2%80%9D-during-the-18-th-governing-body-meeting-of-ipc-held-on-21-st-january,-2020-at-nirman-bhawan,.html	html	en	T3-listing-paginated	Photo Gallery - “Annual Report 2018-19 of IPC and Annual Performance Report 2018-19 of Pharmacovigilance Programme of India (PvPI)” during the 18 th Governing Body Meeting of IPC held on 21 st January, 2020 at Nirman Bhawan, New Delhi - Indian Pharmacopoeia Commission	75239
/about-us/media-new/photo-gallery/category/65-%EF%BF%BD%EF%BF%BD%EF%BF%BDannual-report-2018-19-of-ipc-and-annual-performance-report-2018-19-of-pharmacovigilance-programme-of-india-pvpi-%EF%BF%BD%EF%BF%BD%EF%BF%BD-during-the-18-th-governing-body-meeting-of-ipc-held-on-21-st-january,-2020-at-nirman-bhawan,.html	html	en	T3-listing-paginated	Photo Gallery - “Annual Report 2018-19 of IPC and Annual Performance Report 2018-19 of Pharmacovigilance Programme of India (PvPI)” during the 18 th Governing Body Meeting of IPC held on 21 st January, 2020 at Nirman Bhawan, New Delhi - Indian Pharmacopoeia Commission	75311
/about-us/media-new/photo-gallery/category/65-“annual-report-2018-19-of-ipc-and-annual-performance-report-2018-19-of-pharmacovigilance-programme-of-india-pvpi-”-during-the-18-th-governing-body-meeting-of-ipc-held-on-21-st-january,-2020-at-nirman-bhawan,.html	html	en	T3-listing-paginated	Photo Gallery - “Annual Report 2018-19 of IPC and Annual Performance Report 2018-19 of Pharmacovigilance Programme of India (PvPI)” during the 18 th Governing Body Meeting of IPC held on 21 st January, 2020 at Nirman Bhawan, New Delhi - Indian Pharmacopoeia Commission	75239
/about-us/media-new/photo-gallery/category/66-71st-republic-day-on-january-26,-2020-at-ipc,-ghaziabad.html	html	en	T3-listing-paginated	Photo Gallery - 71st Republic Day on January 26, 2020 at IPC, Ghaziabad - Indian Pharmacopoeia Commission	78075
/about-us/media-new/photo-gallery/category/67-key-role-of-in-vitro-diagnostic-medical-device-stakeholders-in-mvpi-held-on-22nd-july-2022-at-ipc.html	html	en	T3-listing-paginated	Photo Gallery - Key Role of In-Vitro Diagnostic Medical Device Stakeholders in MVPI held on 22nd July 2022 at IPC - Indian Pharmacopoeia Commission	63923
/about-us/media-new/photo-gallery/category/68-sh-sudhansh-pant,-secretary-health-family-welfare-visits-ipc.html	html	en	T3-listing-paginated	Photo Gallery - Sh. Sudhansh Pant, Secretary- Health &amp; Family Welfare Visits IPC - Indian Pharmacopoeia Commission	67707
/about-us/media-new/photo-gallery/category/69-dr-v-k-paul,-member-niti-aayog-visits-on-15th-foundation-day-of-the-ipc.html	html	en	T3-listing-paginated	Photo Gallery - Dr. V. K. Paul, Member-NITI Aayog Visits on 15th Foundation Day of the IPC - Indian Pharmacopoeia Commission	67843
/about-us/media-new/photo-gallery/category/70-ms-aradhana-patnaik,-joint-secretary-regulations-visits-ipc.html	html	en	T3-listing-paginated	Photo Gallery - Ms. Aradhana Patnaik, Joint Secretary (Regulations) Visits IPC - Indian Pharmacopoeia Commission	66834
/about-us/media-new/photo-gallery/category/72-release-of-indian-pharmacopoeia-2022-by-hon%E2%80%99ble-union-health-minister.html	html	en	T3-listing-paginated	Photo Gallery - Release of Indian Pharmacopoeia 2022 by Hon’ble Union Health Minister - Indian Pharmacopoeia Commission	66150
/about-us/media-new/photo-gallery/category/72-release-of-indian-pharmacopoeia-2022-by-hon’ble-union-health-minister.html	html	en	T3-listing-paginated	Photo Gallery - Release of Indian Pharmacopoeia 2022 by Hon’ble Union Health Minister - Indian Pharmacopoeia Commission	66150
/about-us/media-new/photo-gallery/category/73-ipc-becomes-member-of-pharmacopoeial-discussion-group-pdg.html	html	en	T3-listing-paginated	Photo Gallery - IPC Becomes Member of Pharmacopoeial Discussion Group (PDG) - Indian Pharmacopoeia Commission	66140
/about-us/media-new/photo-gallery/category/74-3rd-national-pharmacovigilance-week.html	html	en	T3-listing-paginated	Photo Gallery - 3rd National Pharmacovigilance Week - Indian Pharmacopoeia Commission	70046
/about-us/media-new/photo-gallery/category/75-ipc-organizes-interactive-meet-on-pharmacopoeia-standards-in-baddi.html	html	en	T3-listing-paginated	Photo Gallery - IPC Organizes Interactive Meet on Pharmacopoeia Standards in Baddi - Indian Pharmacopoeia Commission	65380
/about-us/media-new/photo-gallery/category/76-ipc-organizes-interactive-meet-on-pharmacopoeia-standards-in-haridwar.html	html	en	T3-listing-paginated	Photo Gallery - IPC Organizes Interactive Meet on Pharmacopoeia Standards in Haridwar - Indian Pharmacopoeia Commission	66945
/about-us/media-new/photo-gallery/category/77-signing-of-mou-between-ipc-and-csir-cimap,-lucknow.html	html	en	T3-listing-paginated	Photo Gallery - Signing of MoU Between IPC and CSIR-CIMAP, Lucknow - Indian Pharmacopoeia Commission	63512
/about-us/media-new/photo-gallery/category/78-renewal-of-mou-between-ipc-pvpi-and-nabh.html	html	en	T3-listing-paginated	Photo Gallery - Renewal of MoU Between IPC-PvPI and NABH - Indian Pharmacopoeia Commission	63436
/about-us/media-new/photo-gallery/category/79-signing-of-mou-between-ipc-and-uttar-pradesh-fda.html	html	en	T3-listing-paginated	Photo Gallery - Signing of MoU Between IPC and Uttar Pradesh FDA - Indian Pharmacopoeia Commission	63484
/about-us/media-new/photo-gallery/category/80-indian-pharmacopoeia-commission-ipc-hosted-the-15th-international-meeting-of-world-pharmacopoeias-imwp.html	html	en	T3-listing-paginated	Photo Gallery - Indian Pharmacopoeia Commission (IPC) hosted the 15th International Meeting of World Pharmacopoeias (IMWP) - Indian Pharmacopoeia Commission	67047
/about-us/media-new/photo-gallery/category/9-38th-scientific-body-meeting.html	html	en	T3-listing-paginated	Photo Gallery - 38th Scientific Body Meeting held on 15.09.2018 at IPC, Ghaziabad - Indian Pharmacopoeia Commission	70447
/about-us/media-new/press-release.html	html	en	T2-article-detail	Press Release - Indian Pharmacopoeia Commission	61091
/about-us/media-new/press-release/8-category-en/734-inauguration-of-6th-asia-pacific-pharmacovigilance-training-course.html	html	en	T2-article-detail	Press Release on Inauguration of 6th Asia-Pacific Pharmacovigilance Training Course - Indian Pharmacopoeia Commission	60933
/about-us/media-new/progress-of-alrc.html	html	en	T2-article-detail	Progress of ALRC - Indian Pharmacopoeia Commission	56793
/about-us/media-new/virtual-tour-of-ipc.html	html	en	T2-article-detail	Virtual Tour of IPC - Indian Pharmacopoeia Commission	56757
/about-us/message-from-minister-of-health-family-welfare-and-chemicals-fertilizers.html	html	en	T2-article-detail	Message of the Hon'ble Union Minister of Health &amp; Family Welfare and Chemicals &amp; Fertilizers - Indian Pharmacopoeia Commission	56151
/about-us/message-from-the-secretary-cum-scientific-director.html	html	en	T2-article-detail	Secretary-cum-Scientific Director - Indian Pharmacopoeia Commission	58833
/about-us/message-from-the-secretary-cum-scientific-director/8-category-en/660-dr-gn-singh-interview.html	html	en	T2-article-detail	Dr. GN Singh Interviews - Indian Pharmacopoeia Commission	57164
/about-us/message-of-the-hon-ble-minister-of-state-for-health-family-welfare-and-chemicals-fertilizers.html	html	en	T2-article-detail	Message of the Hon'ble Minister of State for Health &amp; Family Welfare and Chemicals &amp; Fertilizers - Indian Pharmacopoeia Commission	56075
/about-us/mou-collaborations-achievements.html	html	en	T2-article-detail	MOU/Collaborations/Achievements - Indian Pharmacopoeia Commission	56062
/about-us/organisational-chart.html	html	en	T2-article-detail	Organisational Chart of Indian Pharmacopoeia Commission - Indian Pharmacopoeia Commission	56140
/annual-reports-footer.html	html	en	T2-article-detail	Annual Reports - Indian Pharmacopoeia Commission	58114
/attachment.html	html	en	T9-PvPI-static	Download - Indian Pharmacopoeia Commission	17906
/attachment/8-category-en/1119-membership-form.html	html	en	T9-PvPI-static	Membership Forms - Indian Pharmacopoeia Commission	20359
/attachment/8-category-en/1140-requisition-form-books-periodicals-serials.html	html	en	T9-PvPI-static	Requisition Form (Books/Periodicals/Serials) - Indian Pharmacopoeia Commission	18019
/careers	html	en	T3-listing-paginated	Careers - Indian Pharmacopoeia Commission	57251
/careers.html	html	en	T3-listing-paginated	Careers - Indian Pharmacopoeia Commission	57256
/careers.html%5Cn%F0%9F%93%A9Email	html	en	T3-listing-paginated	Careers - Indian Pharmacopoeia Commission	57277
/careers/careers.html	html	en	T3-listing-paginated	Careers - Indian Pharmacopoeia Commission	57541
/careers/careers_archive.html	html	en	T3-listing-paginated	Careers - Indian Pharmacopoeia Commission	71190
/collections.html	html	en	T9-PvPI-static	Collection - Indian Pharmacopoeia Commission	25231
/component/search/	html	en	T6-search-results	Search - Indian Pharmacopoeia Commission	54844
/component/search/blur.chosen	html	en	T6-search-results	Search - Indian Pharmacopoeia Commission	56162
/component/search/click.chosen	html	en	T6-search-results	Search - Indian Pharmacopoeia Commission	70026
/component/search/csrf.token	html	en	T6-search-results	Search - Indian Pharmacopoeia Commission	55250
/component/search/cut.chosen	html	en	T6-search-results	Search - Indian Pharmacopoeia Commission	62844
/component/search/focus.chosen	html	en	T6-search-results	Search - Indian Pharmacopoeia Commission	71837
/component/search/keydown.chosen	html	en	T6-search-results	Search - Indian Pharmacopoeia Commission	54964
/component/search/keyup.chosen	html	en	T6-search-results	Search - Indian Pharmacopoeia Commission	54960
/component/search/mousedown.chosen	html	en	T6-search-results	Search - Indian Pharmacopoeia Commission	54968
/component/search/mouseenter.chosen	html	en	T6-search-results	Search - Indian Pharmacopoeia Commission	54970
/component/search/mouseleave.chosen	html	en	T6-search-results	Search - Indian Pharmacopoeia Commission	54970
/component/search/mouseout.chosen	html	en	T6-search-results	Search - Indian Pharmacopoeia Commission	54966
/component/search/mouseover.chosen	html	en	T6-search-results	Search - Indian Pharmacopoeia Commission	54968
/component/search/mouseup.chosen	html	en	T6-search-results	Search - Indian Pharmacopoeia Commission	54964
/component/search/paste.chosen	html	en	T6-search-results	Search - Indian Pharmacopoeia Commission	56149
/component/search/system.paths	html	en	T6-search-results	Search - Indian Pharmacopoeia Commission	72494
/component/search/touchend.chosen	html	en	T6-search-results	Search - Indian Pharmacopoeia Commission	54966
/component/search/touchmove.chosen	html	en	T6-search-results	Search - Indian Pharmacopoeia Commission	54968
/component/search/touchstart.chosen	html	en	T6-search-results	Search - Indian Pharmacopoeia Commission	54970
/contact-us.html	html	en	T2-article-detail	Contact Us - Indian Pharmacopoeia Commission	55947
/copyright-policy.html	html	en	T2-article-detail	Copyright Policy - Indian Pharmacopoeia Commission	55503
/disclaimer.html	html	en	T2-article-detail	Disclaimer - Indian Pharmacopoeia Commission	56754
/download.php	html	en	T8-stub-no-joomla-markup		38
/e-resources.html	html	en	T9-PvPI-static	E-Resources - Indian Pharmacopoeia Commission	19075
/e-services.html	html	en	T2-article-detail	Online Services - Indian Pharmacopoeia Commission	55435
/e-services/cough-syrup-testing-export-sample.html	html	en	T2-article-detail	Cough Syrup Testing-Export Sample - Indian Pharmacopoeia Commission	60322
/e-services/ip-online.html	html	en	T2-article-detail	IP Online - Indian Pharmacopoeia Commission	55596
/e-services/iprs-impurities.html	html	en	T2-article-detail	IP Reference Substances - Indian Pharmacopoeia Commission	55555
/e-services/supply-order-forms.html	html	en	T2-article-detail	Supply Order Forms - Indian Pharmacopoeia Commission	55920
/employees-corner.html	html	en	T2-article-detail	Employees Corner - Indian Pharmacopoeia Commission	55177
/employees-corner/application-forms.html	html	en	T2-article-detail	Application &amp; Forms - Indian Pharmacopoeia Commission	64836
/faq-library-information-centre.html	html	en	T9-PvPI-static	FAQ - Indian Pharmacopoeia Commission	21946
/faq.html	html	en	T5-plain-content	FAQ	99299
/feedback-form.html	html	en	T2-article-detail	Feedback - Indian Pharmacopoeia Commission	58462
/forgot-password.html	html	en	T5-plain-content	Forgot Password - Indian Pharmacopoeia Commission	58178
/help.html	html	en	T2-article-detail	Help - Indian Pharmacopoeia Commission	56515
/hi/	html	hi	T1-home-featured	मुखपृष्ठ - Indian Pharmacopoeia Commission	76191
/hi/%E0%A4%85%E0%A4%A8%E0%A5%8D%E0%A4%AF-%E0%A4%B5%E0%A5%87%E0%A4%AC%E0%A4%B8%E0%A4%BE%E0%A4%87%E0%A4%9F%E0%A5%8B%E0%A4%82-%E0%A4%95%E0%A5%87-%E0%A4%B2%E0%A4%BF%E0%A4%82%E0%A4%95.html	html	hi	T5-plain-content	अन्य वेबसाइटों के लिंक - Indian Pharmacopoeia Commission	50142
/hi/%E0%A4%85%E0%A4%A8%E0%A5%8D%E0%A4%AF-%E0%A4%B5%E0%A5%87%E0%A4%AC%E0%A4%B8%E0%A4%BE%E0%A4%87%E0%A4%9F%E0%A5%8B%E0%A4%82-%E0%A4%95%E0%A5%87-%E0%A4%B2%E0%A4%BF%E0%A4%82%E0%A4%95/websitelinks.html	html	hi	T5-plain-content	अन्य वेबसाइटों के लिंक - Indian Pharmacopoeia Commission	50502
/hi/%E0%A4%85%E0%A4%B8%E0%A5%8D%E0%A4%B5%E0%A5%80%E0%A4%95%E0%A4%B0%E0%A4%A3.html	html	hi	T2-article-detail	अस्वीकरण - Indian Pharmacopoeia Commission	51838
/hi/%E0%A4%86%E0%A4%A6%E0%A5%87%E0%A4%B6-%E0%A4%AA%E0%A4%B0%E0%A4%BF%E0%A4%AA%E0%A4%A4%E0%A5%8D%E0%A4%B0-%E0%A4%94%E0%A4%B0-%E0%A4%A8%E0%A5%8B%E0%A4%9F%E0%A4%BF%E0%A4%B8.html	html	hi	T3-listing-paginated	आदेश / परिपत्र और नोटिस - Indian Pharmacopoeia Commission	50669
/hi/%E0%A4%88-%E0%A4%B8%E0%A5%87%E0%A4%B5%E0%A4%BE%E0%A4%8F%E0%A4%82.html	html	hi	T2-article-detail	ई-सेवाएं - Indian Pharmacopoeia Commission	48720
/hi/%E0%A4%88-%E0%A4%B8%E0%A5%87%E0%A4%B5%E0%A4%BE%E0%A4%8F%E0%A4%82/%E0%A4%86%E0%A4%A6%E0%A5%87%E0%A4%B6-%E0%A4%86%E0%A4%88%E0%A4%AA%E0%A5%80%E0%A4%86%E0%A4%B0%E0%A4%8F%E0%A4%B8/%E0%A4%91%E0%A4%AB%E0%A4%B2%E0%A4%BE%E0%A4%87%E0%A4%A8.html	html	hi	T2-article-detail	ऑफलाइन - Indian Pharmacopoeia Commission	49623
/hi/%E0%A4%88-%E0%A4%B8%E0%A5%87%E0%A4%B5%E0%A4%BE%E0%A4%8F%E0%A4%82/%E0%A4%86%E0%A4%A6%E0%A5%87%E0%A4%B6-%E0%A4%AA%E0%A5%81%E0%A4%B8%E0%A5%8D%E0%A4%A4%E0%A4%95%E0%A5%87%E0%A4%82/%E0%A4%91%E0%A4%AB%E0%A4%B2%E0%A4%BE%E0%A4%87%E0%A4%A8.html	html	hi	T2-article-detail	ऑफलाइन - Indian Pharmacopoeia Commission	49812
/hi/%E0%A4%95%E0%A4%B0%E0%A4%BF%E0%A4%AF%E0%A4%B0.html	html	hi	T3-listing-paginated	आजीविका - Indian Pharmacopoeia Commission	50740
/hi/%E0%A4%95%E0%A4%B0%E0%A4%BF%E0%A4%AF%E0%A4%B0/careers.html	html	hi	T3-listing-paginated	आजीविका - Indian Pharmacopoeia Commission	51017
/hi/%E0%A4%95%E0%A4%B0%E0%A4%BF%E0%A4%AF%E0%A4%B0/careers_archive.html	html	hi	T3-listing-paginated	आजीविका - Indian Pharmacopoeia Commission	50764
/hi/%E0%A4%95%E0%A5%89%E0%A4%AA%E0%A5%80%E0%A4%B0%E0%A4%BE%E0%A4%87%E0%A4%9F-%E0%A4%A8%E0%A5%80%E0%A4%A4%E0%A4%BF.html	html	hi	T2-article-detail	कॉपीराइट नीति - Indian Pharmacopoeia Commission	50547
/hi/%E0%A4%97%E0%A5%8B%E0%A4%AA%E0%A4%A8%E0%A5%80%E0%A4%AF%E0%A4%A4%E0%A4%BE-%E0%A4%A8%E0%A5%80%E0%A4%A4%E0%A4%BF.html	html	hi	T2-article-detail	गोपनीयता नीति - Indian Pharmacopoeia Commission	54730
/hi/%E0%A4%9C%E0%A4%A8%E0%A4%BE%E0%A4%A6%E0%A5%87%E0%A4%B6/%E0%A4%86%E0%A4%88%E0%A4%AA%E0%A5%80-%E2%80%8B%E2%80%8B%E0%A4%B8%E0%A4%82%E0%A4%A6%E0%A4%B0%E0%A5%8D%E0%A4%AD-%E0%A4%AA%E0%A4%A6%E0%A4%BE%E0%A4%B0%E0%A5%8D%E0%A4%A5-%E0%A4%86%E0%A4%88%E0%A4%AA%E0%A5%80%E0%A4%86%E0%A4%B0%E0%A4%8F%E0%A4%B8-%E0%A4%94%E0%A4%B0-%E0%A4%85%E0%A4%B6%E0%A5%81%E0%A4%A6%E0%A5%8D%E0%A4%A7%E0%A4%BF-%E0%A4%AE%E0%A4%BE%E0%A4%A8%E0%A4%95.html	html	hi	T2-article-detail	आई.पी. ​​संदर्भ पदार्थ (आई.पी.आर.एस.) और अशुद्धि मानक - Indian Pharmacopoeia Commission	60302
/hi/%E0%A4%9C%E0%A4%A8%E0%A4%BE%E0%A4%A6%E0%A5%87%E0%A4%B6/%E0%A4%86%E0%A4%88%E0%A4%AA%E0%A5%80-%E2%80%8B%E2%80%8B%E0%A4%B8%E0%A4%82%E0%A4%A6%E0%A4%B0%E0%A5%8D%E0%A4%AD-%E0%A4%AA%E0%A4%A6%E0%A4%BE%E0%A4%B0%E0%A5%8D%E0%A4%A5-%E0%A4%86%E0%A4%88%E0%A4%AA%E0%A5%80%E0%A4%86%E0%A4%B0%E0%A4%8F%E0%A4%B8-%E0%A4%94%E0%A4%B0-%E0%A4%85%E0%A4%B6%E0%A5%81%E0%A4%A6%E0%A5%8D%E0%A4%A7%E0%A4%BF-%E0%A4%AE%E0%A4%BE%E0%A4%A8%E0%A4%95/%E0%A4%86%E0%A4%88%E0%A4%AA%E0%A5%80%E0%A4%86%E0%A4%B0%E0%A4%8F%E0%A4%B8-%E0%A4%95%E0%A4%BE-%E0%A4%AA%E0%A5%8D%E0%A4%B0%E0%A4%AD%E0%A4%BE%E0%A4%B5%E0%A5%80-%E0%A4%89%E0%A4%AA%E0%A4%AF%E0%A5%8B%E0%A4%97.html	html	hi	T2-article-detail	आई.पी.आर.एस. का प्रभावी उपयोग - Indian Pharmacopoeia Commission	58011
/hi/%E0%A4%9C%E0%A4%A8%E0%A4%BE%E0%A4%A6%E0%A5%87%E0%A4%B6/%E0%A4%86%E0%A4%88%E0%A4%AA%E0%A5%80-%E2%80%8B%E2%80%8B%E0%A4%B8%E0%A4%82%E0%A4%A6%E0%A4%B0%E0%A5%8D%E0%A4%AD-%E0%A4%AA%E0%A4%A6%E0%A4%BE%E0%A4%B0%E0%A5%8D%E0%A4%A5-%E0%A4%86%E0%A4%88%E0%A4%AA%E0%A5%80%E0%A4%86%E0%A4%B0%E0%A4%8F%E0%A4%B8-%E0%A4%94%E0%A4%B0-%E0%A4%85%E0%A4%B6%E0%A5%81%E0%A4%A6%E0%A5%8D%E0%A4%A7%E0%A4%BF-%E0%A4%AE%E0%A4%BE%E0%A4%A8%E0%A4%95/%E0%A4%86%E0%A4%88%E0%A4%AA%E0%A5%80%E0%A4%86%E0%A4%B0%E0%A4%8F%E0%A4%B8-%E0%A4%95%E0%A5%87-%E0%A4%AC%E0%A4%BE%E0%A4%B0%E0%A5%87-%E0%A4%AE%E0%A5%87%E0%A4%82.html	html	hi	T2-article-detail	आई.पी.आर.एस. के बारे में - Indian Pharmacopoeia Commission	61530
/hi/%E0%A4%9C%E0%A4%A8%E0%A4%BE%E0%A4%A6%E0%A5%87%E0%A4%B6/%E0%A4%86%E0%A4%88%E0%A4%AA%E0%A5%80-%E2%80%8B%E2%80%8B%E0%A4%B8%E0%A4%82%E0%A4%A6%E0%A4%B0%E0%A5%8D%E0%A4%AD-%E0%A4%AA%E0%A4%A6%E0%A4%BE%E0%A4%B0%E0%A5%8D%E0%A4%A5-%E0%A4%86%E0%A4%88%E0%A4%AA%E0%A5%80%E0%A4%86%E0%A4%B0%E0%A4%8F%E0%A4%B8-%E0%A4%94%E0%A4%B0-%E0%A4%85%E0%A4%B6%E0%A5%81%E0%A4%A6%E0%A5%8D%E0%A4%A7%E0%A4%BF-%E0%A4%AE%E0%A4%BE%E0%A4%A8%E0%A4%95/%E0%A4%86%E0%A4%88%E0%A4%AA%E0%A5%80-%E0%A4%AA%E0%A5%8D%E0%A4%B0%E0%A5%87%E0%A4%A1%E0%A4%A8%E0%A4%BF%E0%A4%B8%E0%A5%8B%E0%A4%A8-%E0%A4%9F%E0%A5%88%E0%A4%AC%E0%A5%8D%E0%A4%B2%E0%A5%87%E0%A4%9F-%E0%A4%A1%E0%A4%BF%E0%A5%9B%E0%A5%8B%E0%A4%B2%E0%A5%8D%E0%A4%AF%E0%A5%82%E0%A4%B6%E0%A4%A8-%E0%A4%8F%E0%A4%AA%E0%A5%8D%E0%A4%AA%E0%A4%B0%E0%A5%87%E0%A4%9F%E0%A4%B8-%E0%A4%95%E0%A5%88%E0%A4%B2%E0%A4%BF%E0%A4%AC%E0%A5%8D%E0%A4%B0%E0%A5%87%E0%A4%9F%E0%A4%B0-%E0%A4%86%E0%A4%88%E0%A4%AA%E0%A5%80%E0%A4%B8%E0%A5%80,-%E0%A4%97%E0%A4%BE%E0%A4%9C%E0%A4%BF%E0%A4%AF%E0%A4%BE%E0%A4%AC%E0%A4%BE%E0%A4%A6-%E0%A4%AE%E0%A5%87%E0%A4%82-%E0%A4%89%E0%A4%AA%E0%A4%B2%E0%A4%AC%E0%A5%8D%E0%A4%A7-%E0%A4%B9%E0%A5%88.html	html	hi	T2-article-detail	आई.पी. प्रेडनिसोन टैब्लेट (डिज़ोल्यूशन एप्परेटस कैलिब्रेटर) आई.पी.सी., गाजियाबाद में उपलब्ध है - Indian Pharmacopoeia Commission	53995
/hi/%E0%A4%9C%E0%A4%A8%E0%A4%BE%E0%A4%A6%E0%A5%87%E0%A4%B6/%E0%A4%86%E0%A4%88%E0%A4%AA%E0%A5%80-%E2%80%8B%E2%80%8B%E0%A4%B8%E0%A4%82%E0%A4%A6%E0%A4%B0%E0%A5%8D%E0%A4%AD-%E0%A4%AA%E0%A4%A6%E0%A4%BE%E0%A4%B0%E0%A5%8D%E0%A4%A5-%E0%A4%86%E0%A4%88%E0%A4%AA%E0%A5%80%E0%A4%86%E0%A4%B0%E0%A4%8F%E0%A4%B8-%E0%A4%94%E0%A4%B0-%E0%A4%85%E0%A4%B6%E0%A5%81%E0%A4%A6%E0%A5%8D%E0%A4%A7%E0%A4%BF-%E0%A4%AE%E0%A4%BE%E0%A4%A8%E0%A4%95/%E0%A4%8F%E0%A4%A8%E0%A4%86%E0%A4%88%E0%A4%AC%E0%A5%80,-%E0%A4%A8%E0%A5%8B%E0%A4%8F%E0%A4%A1%E0%A4%BE-%E0%A4%AE%E0%A5%87%E0%A4%82-%E0%A4%89%E0%A4%AA%E0%A4%B2%E0%A4%AC%E0%A5%8D%E0%A4%A7-%E0%A4%B8%E0%A4%82%E0%A4%A6%E0%A4%B0%E0%A5%8D%E0%A4%AD-%E0%A4%AE%E0%A4%BE%E0%A4%A8%E0%A4%95-%E0%A4%9C%E0%A5%88%E0%A4%B5%E0%A4%AA%E0%A5%8D%E0%A4%B0%E0%A5%8C%E0%A4%A6%E0%A5%8D%E0%A4%AF%E0%A5%8C%E0%A4%97%E0%A4%BF%E0%A4%95%E0%A5%80-%E0%A4%89%E0%A4%A4%E0%A5%8D%E0%A4%AA%E0%A4%BE%E0%A4%A6.html	html	hi	T2-article-detail	एन.आई.बी., नोएडा में उपलब्ध संदर्भ मानक जैवप्रौद्यौगिकी उत्पाद - Indian Pharmacopoeia Commission	52385
/hi/%E0%A4%9C%E0%A4%A8%E0%A4%BE%E0%A4%A6%E0%A5%87%E0%A4%B6/%E0%A4%86%E0%A4%88%E0%A4%AA%E0%A5%80-%E2%80%8B%E2%80%8B%E0%A4%B8%E0%A4%82%E0%A4%A6%E0%A4%B0%E0%A5%8D%E0%A4%AD-%E0%A4%AA%E0%A4%A6%E0%A4%BE%E0%A4%B0%E0%A5%8D%E0%A4%A5-%E0%A4%86%E0%A4%88%E0%A4%AA%E0%A5%80%E0%A4%86%E0%A4%B0%E0%A4%8F%E0%A4%B8-%E0%A4%94%E0%A4%B0-%E0%A4%85%E0%A4%B6%E0%A5%81%E0%A4%A6%E0%A5%8D%E0%A4%A7%E0%A4%BF-%E0%A4%AE%E0%A4%BE%E0%A4%A8%E0%A4%95/%E0%A4%8F%E0%A4%AE-%E0%A4%9F%E0%A5%80-%E0%A4%B8%E0%A5%80-%E0%A4%B8%E0%A5%80-,-%E0%A4%9A%E0%A4%82%E0%A4%A1%E0%A5%80%E0%A4%97%E0%A4%A2%E0%A4%BC-%E0%A4%AE%E0%A5%87%E0%A4%82-%E0%A4%89%E0%A4%AA%E0%A4%B2%E0%A4%AC%E0%A5%8D%E0%A4%A7-%E0%A4%AE%E0%A4%BE%E0%A4%87%E0%A4%95%E0%A5%8D%E0%A4%B0%E0%A5%8B%E0%A4%AC%E0%A4%BF%E0%A4%AF%E0%A4%B2-%E0%A4%95%E0%A4%B2%E0%A5%8D%E0%A4%9A%E0%A4%B0-%E0%A4%95%E0%A4%BE-%E0%A4%B8%E0%A4%82%E0%A4%A6%E0%A4%B0%E0%A5%8D%E0%A4%AD.html	html	hi	T2-article-detail	एम.टी.सी.सी., चंडीगढ़ में उपलब्ध माइक्रोबियल कल्चर का संदर्भ - Indian Pharmacopoeia Commission	61064
/hi/%E0%A4%9C%E0%A4%A8%E0%A4%BE%E0%A4%A6%E0%A5%87%E0%A4%B6/%E0%A4%95%E0%A5%8C%E0%A4%B6%E0%A4%B2-%E0%A4%B5%E0%A4%BF%E0%A4%95%E0%A4%BE%E0%A4%B8.html	html	hi	T2-article-detail	कौशल विकास - Indian Pharmacopoeia Commission	54366
/hi/%E0%A4%9C%E0%A4%A8%E0%A4%BE%E0%A4%A6%E0%A5%87%E0%A4%B6/%E0%A4%AD%E0%A4%BE%E0%A4%B0%E0%A4%A4%E0%A5%80%E0%A4%AF-%E0%A4%AB%E0%A4%BE%E0%A4%B0%E0%A5%8D%E0%A4%AE%E0%A4%BE%E0%A4%95%E0%A5%8B%E0%A4%AA%E0%A4%BF%E0%A4%AF%E0%A4%BE-%E0%A4%86%E0%A4%88%E0%A4%AA%E0%A5%80.html	html	hi	T2-article-detail	भारतीय फार्माकोपिया (आई.पी.) - Indian Pharmacopoeia Commission	63523
/hi/%E0%A4%9C%E0%A4%A8%E0%A4%BE%E0%A4%A6%E0%A5%87%E0%A4%B6/%E0%A4%AD%E0%A4%BE%E0%A4%B0%E0%A4%A4%E0%A5%80%E0%A4%AF-%E0%A4%AB%E0%A4%BE%E0%A4%B0%E0%A5%8D%E0%A4%AE%E0%A4%BE%E0%A4%95%E0%A5%8B%E0%A4%AA%E0%A4%BF%E0%A4%AF%E0%A4%BE-%E0%A4%86%E0%A4%88%E0%A4%AA%E0%A5%80/%E0%A4%86%E0%A4%88%E0%A4%AA%E0%A5%80-%E0%A4%95%E0%A5%87-%E0%A4%AC%E0%A4%BE%E0%A4%B0%E0%A5%87-%E0%A4%AE%E0%A5%87%E0%A4%82.html	html	hi	T2-article-detail	आई.पी. के बारे में - Indian Pharmacopoeia Commission	64573
/hi/%E0%A4%9C%E0%A4%A8%E0%A4%BE%E0%A4%A6%E0%A5%87%E0%A4%B6/%E0%A4%AD%E0%A4%BE%E0%A4%B0%E0%A4%A4%E0%A5%80%E0%A4%AF-%E0%A4%AB%E0%A4%BE%E0%A4%B0%E0%A5%8D%E0%A4%AE%E0%A4%BE%E0%A4%95%E0%A5%8B%E0%A4%AA%E0%A4%BF%E0%A4%AF%E0%A4%BE-%E0%A4%86%E0%A4%88%E0%A4%AA%E0%A5%80/%E0%A4%86%E0%A4%88-%E0%A4%AA%E0%A5%80-%E0%A4%95%E0%A5%80-%E0%A4%B8%E0%A4%AE%E0%A5%80%E0%A4%95%E0%A5%8D%E0%A4%B7%E0%A4%BE-%E0%A4%AA%E0%A5%8D%E0%A4%B0%E0%A4%95%E0%A5%8D%E0%A4%B0%E0%A4%BF%E0%A4%AF%E0%A4%BE.html	html	hi	T2-article-detail	आई.पी. की समीक्षा प्रक्रिया - Indian Pharmacopoeia Commission	50819
/hi/%E0%A4%9C%E0%A4%A8%E0%A4%BE%E0%A4%A6%E0%A5%87%E0%A4%B6/%E0%A4%AD%E0%A4%BE%E0%A4%B0%E0%A4%A4%E0%A5%80%E0%A4%AF-%E0%A4%AB%E0%A4%BE%E0%A4%B0%E0%A5%8D%E0%A4%AE%E0%A4%BE%E0%A4%95%E0%A5%8B%E0%A4%AA%E0%A4%BF%E0%A4%AF%E0%A4%BE-%E0%A4%86%E0%A4%88%E0%A4%AA%E0%A5%80/%E0%A4%86%E0%A4%88-%E0%A4%AA%E0%A5%80-%E0%A4%95%E0%A5%87-%E0%A4%B2%E0%A4%BF%E0%A4%8F-%E0%A4%B5%E0%A4%BF%E0%A4%A4%E0%A4%B0%E0%A4%A3-%E0%A4%A8%E0%A5%87%E0%A4%9F%E0%A4%B5%E0%A4%B0%E0%A5%8D%E0%A4%95.html	html	hi	T2-article-detail	आई.पी. के लिए वितरण नेटवर्क - Indian Pharmacopoeia Commission	59066
/hi/%E0%A4%9C%E0%A4%A8%E0%A4%BE%E0%A4%A6%E0%A5%87%E0%A4%B6/%E0%A4%AD%E0%A4%BE%E0%A4%B0%E0%A4%A4%E0%A5%80%E0%A4%AF-%E0%A4%AB%E0%A4%BE%E0%A4%B0%E0%A5%8D%E0%A4%AE%E0%A4%BE%E0%A4%95%E0%A5%8B%E0%A4%AA%E0%A4%BF%E0%A4%AF%E0%A4%BE-%E0%A4%86%E0%A4%88%E0%A4%AA%E0%A5%80/%E0%A4%86%E0%A4%88-%E0%A4%AA%E0%A5%80-%E2%80%8B%E2%80%8B%E0%A4%AE%E0%A5%8B%E0%A4%A8%E0%A5%8B%E0%A4%97%E0%A5%8D%E0%A4%B0%E0%A4%BE%E0%A4%AB-%E0%A4%95%E0%A5%87-%E0%A4%B5%E0%A4%BF%E0%A4%95%E0%A4%BE%E0%A4%B8-%E0%A4%95%E0%A5%87-%E0%A4%B2%E0%A4%BF%E0%A4%8F-%E0%A4%8F%E0%A4%B8-%E0%A4%93-%E0%A4%AA%E0%A5%80.html	html	hi	T2-article-detail	आई.पी. ​​मोनोग्राफ के विकास के लिए एस.ओ.पी. - Indian Pharmacopoeia Commission	50404
/hi/%E0%A4%9C%E0%A4%A8%E0%A4%BE%E0%A4%A6%E0%A5%87%E0%A4%B6/%E0%A4%AD%E0%A4%BE%E0%A4%B0%E0%A4%A4%E0%A5%80%E0%A4%AF-%E0%A4%AB%E0%A4%BE%E0%A4%B0%E0%A5%8D%E0%A4%AE%E0%A4%BE%E0%A4%95%E0%A5%8B%E0%A4%AA%E0%A4%BF%E0%A4%AF%E0%A4%BE-%E0%A4%86%E0%A4%88%E0%A4%AA%E0%A5%80/%E0%A4%86%E0%A4%88-%E0%A4%AA%E0%A5%80-%E2%80%8B%E2%80%8B%E0%A4%B8%E0%A4%82%E0%A4%A6%E0%A4%B0%E0%A5%8D%E0%A4%AD-%E0%A4%B8%E0%A5%8D%E0%A4%AA%E0%A5%87%E0%A4%95%E0%A5%8D%E0%A4%9F%E0%A5%8D%E0%A4%B0%E0%A4%BE.html	html	hi	T2-article-detail	आई.पी. ​​संदर्भ स्पेक्ट्रा - Indian Pharmacopoeia Commission	50082
/hi/%E0%A4%9C%E0%A4%A8%E0%A4%BE%E0%A4%A6%E0%A5%87%E0%A4%B6/%E0%A4%AD%E0%A4%BE%E0%A4%B0%E0%A4%A4%E0%A5%80%E0%A4%AF-%E0%A4%AB%E0%A4%BE%E0%A4%B0%E0%A5%8D%E0%A4%AE%E0%A4%BE%E0%A4%95%E0%A5%8B%E0%A4%AA%E0%A4%BF%E0%A4%AF%E0%A4%BE-%E0%A4%86%E0%A4%88%E0%A4%AA%E0%A5%80/%E0%A4%AD%E0%A4%BE%E0%A4%B0%E0%A4%A4%E0%A5%80%E0%A4%AF-%E0%A4%AB%E0%A4%BE%E0%A4%B0%E0%A5%8D%E0%A4%AE%E0%A4%BE%E0%A4%95%E0%A5%8B%E0%A4%AA%E0%A4%BF%E0%A4%AF%E0%A4%BE-%E0%A4%AA%E0%A4%B0-%E0%A4%85%E0%A4%A6%E0%A5%8D%E0%A4%AF%E0%A4%A4%E0%A4%A8.html	html	hi	T2-article-detail	भारतीय फार्माकोपिया पर अद्यतन - Indian Pharmacopoeia Commission	52684
/hi/%E0%A4%9C%E0%A4%A8%E0%A4%BE%E0%A4%A6%E0%A5%87%E0%A4%B6/%E0%A4%AD%E0%A4%BE%E0%A4%B0%E0%A4%A4%E0%A5%80%E0%A4%AF-%E0%A4%AB%E0%A4%BE%E0%A4%B0%E0%A5%8D%E0%A4%AE%E0%A4%BE%E0%A4%95%E0%A5%8B%E0%A4%AA%E0%A4%BF%E0%A4%AF%E0%A4%BE-%E0%A4%86%E0%A4%88%E0%A4%AA%E0%A5%80/%E0%A4%AD%E0%A4%BE%E0%A4%B0%E0%A4%A4%E0%A5%80%E0%A4%AF-%E0%A4%AB%E0%A4%BE%E0%A4%B0%E0%A5%8D%E0%A4%AE%E0%A4%BE%E0%A4%95%E0%A5%8B%E0%A4%AA%E0%A4%BF%E0%A4%AF%E0%A4%BE-2014-%E0%A4%94%E0%A4%B0-%E0%A4%89%E0%A4%B8%E0%A4%95%E0%A5%87-%E0%A4%90%E0%A4%A1%E0%A5%87%E0%A4%82%E0%A4%A1%E0%A5%87.html	html	hi	T2-article-detail	भारतीय फार्माकोपिया 2014 और उसके ऐडेंडे - Indian Pharmacopoeia Commission	51140
/hi/%E0%A4%9C%E0%A4%A8%E0%A4%BE%E0%A4%A6%E0%A5%87%E0%A4%B6/%E0%A4%AD%E0%A4%BE%E0%A4%B0%E0%A4%A4%E0%A5%80%E0%A4%AF-%E0%A4%AB%E0%A4%BE%E0%A4%B0%E0%A5%8D%E0%A4%AE%E0%A4%BE%E0%A4%95%E0%A5%8B%E0%A4%AA%E0%A4%BF%E0%A4%AF%E0%A4%BE-%E0%A4%86%E0%A4%88%E0%A4%AA%E0%A5%80/%E0%A4%AD%E0%A4%BE%E0%A4%B0%E0%A4%A4%E0%A5%80%E0%A4%AF-%E0%A4%AB%E0%A4%BE%E0%A4%B0%E0%A5%8D%E0%A4%AE%E0%A4%BE%E0%A4%95%E0%A5%8B%E0%A4%AA%E0%A4%BF%E0%A4%AF%E0%A4%BE-2018-%E0%A4%95%E0%A5%87-%E0%A4%B2%E0%A4%BF%E0%A4%8F-%E0%A4%B0%E0%A5%8B%E0%A4%A1-%E0%A4%AE%E0%A5%88%E0%A4%AA.html	html	hi	T2-article-detail	भारतीय फार्माकोपिया 2018 के लिए रोड मैप - Indian Pharmacopoeia Commission	51873
/hi/%E0%A4%9C%E0%A4%A8%E0%A4%BE%E0%A4%A6%E0%A5%87%E0%A4%B6/%E0%A4%AD%E0%A4%BE%E0%A4%B0%E0%A4%A4%E0%A5%80%E0%A4%AF-%E0%A4%AB%E0%A4%BE%E0%A4%B0%E0%A5%8D%E0%A4%AE%E0%A4%BE%E0%A4%95%E0%A5%8B%E0%A4%AA%E0%A4%BF%E0%A4%AF%E0%A4%BE-%E0%A4%86%E0%A4%88%E0%A4%AA%E0%A5%80/%E0%A4%AD%E0%A4%BE%E0%A4%B0%E0%A4%A4%E0%A5%80%E0%A4%AF-%E0%A4%AD%E0%A5%87%E0%A4%B7%E0%A4%9C%E0%A4%B8%E0%A4%82%E0%A4%B9%E0%A4%BF%E0%A4%A4%E0%A4%BE-2018-%E0%A4%94%E0%A4%B0-%E0%A4%87%E0%A4%B8%E0%A4%95%E0%A5%87-%E0%A4%85%E0%A4%A8%E0%A5%81%E0%A4%B6%E0%A5%87%E0%A4%B7.html	html	hi	T2-article-detail	भारतीय भेषजसंहिता 2018 और इसके अनुशेष - Indian Pharmacopoeia Commission	59042
/hi/%E0%A4%9C%E0%A4%A8%E0%A4%BE%E0%A4%A6%E0%A5%87%E0%A4%B6/%E0%A4%AD%E0%A4%BE%E0%A4%B0%E0%A4%A4%E0%A5%80%E0%A4%AF-%E0%A4%AB%E0%A4%BE%E0%A4%B0%E0%A5%8D%E0%A4%AE%E0%A4%BE%E0%A4%95%E0%A5%8B%E0%A4%AA%E0%A4%BF%E0%A4%AF%E0%A4%BE-%E0%A4%86%E0%A4%88%E0%A4%AA%E0%A5%80/%E0%A4%AE%E0%A5%8B%E0%A4%A8%E0%A5%8B%E0%A4%97%E0%A5%8D%E0%A4%B0%E0%A4%BE%E0%A4%AB-%E0%A4%95%E0%A5%87-%E0%A4%B8%E0%A5%8D%E0%A4%B5%E0%A4%B0%E0%A5%82%E0%A4%AA%E0%A4%A3-%E0%A4%95%E0%A5%87-%E0%A4%B2%E0%A4%BF%E0%A4%8F-%E0%A4%A6%E0%A4%BF%E0%A4%B6%E0%A4%BE%E0%A4%A8%E0%A4%BF%E0%A4%B0%E0%A5%8D%E0%A4%A6%E0%A5%87%E0%A4%B6.html	html	hi	T2-article-detail	मोनोग्राफ के स्वरूपण के लिए दिशानिर्देश - Indian Pharmacopoeia Commission	51071
/hi/%E0%A4%9C%E0%A4%A8%E0%A4%BE%E0%A4%A6%E0%A5%87%E0%A4%B6/%E0%A4%AD%E0%A4%BE%E0%A4%B0%E0%A4%A4%E0%A5%80%E0%A4%AF-%E0%A4%AB%E0%A4%BE%E0%A4%B0%E0%A5%8D%E0%A4%AE%E0%A4%BE%E0%A4%95%E0%A5%8B%E0%A4%AA%E0%A4%BF%E0%A4%AF%E0%A4%BE-%E0%A4%86%E0%A4%88%E0%A4%AA%E0%A5%80/%E0%A4%AE%E0%A5%8B%E0%A4%A8%E0%A5%8B%E0%A4%97%E0%A5%8D%E0%A4%B0%E0%A4%BE%E0%A4%AB-%E0%A4%B8%E0%A4%AE%E0%A4%BE%E0%A4%B5%E0%A5%87%E0%A4%B6-%E0%A4%AC%E0%A4%B9%E0%A4%BF%E0%A4%B7%E0%A5%8D%E0%A4%95%E0%A4%B0%E0%A4%A3-%E0%A4%AE%E0%A4%BE%E0%A4%A8%E0%A4%A6%E0%A4%82%E0%A4%A1.html	html	hi	T2-article-detail	मोनोग्राफ समावेश-बहिष्करण मानदंड - Indian Pharmacopoeia Commission	52744
/hi/%E0%A4%9C%E0%A4%A8%E0%A4%BE%E0%A4%A6%E0%A5%87%E0%A4%B6/%E0%A4%AD%E0%A4%BE%E0%A4%B0%E0%A4%A4%E0%A5%80%E0%A4%AF-%E0%A4%AB%E0%A4%BE%E0%A4%B0%E0%A5%8D%E0%A4%AE%E0%A4%BE%E0%A4%95%E0%A5%8B%E0%A4%AA%E0%A4%BF%E0%A4%AF%E0%A4%BE-%E0%A4%86%E0%A4%88%E0%A4%AA%E0%A5%80/%E0%A4%AE%E0%A5%8B%E0%A4%A8%E0%A5%8B%E0%A4%97%E0%A5%8D%E0%A4%B0%E0%A4%BE%E0%A4%AB/%E0%A4%86%E0%A4%88-%E0%A4%AA%E0%A5%80-2018-%E0%A4%95%E0%A5%87-%E0%A4%B2%E0%A4%BF%E0%A4%8F-%E0%A4%A4%E0%A5%88%E0%A4%AF%E0%A4%BE%E0%A4%B0%E0%A5%80-%E0%A4%95%E0%A5%87-%E0%A4%A4%E0%A4%B9%E0%A4%A4-%E0%A4%AE%E0%A5%8B%E0%A4%A8%E0%A5%8B%E0%A4%97%E0%A5%8D%E0%A4%B0%E0%A4%BE%E0%A4%AB.html	html	hi	T2-article-detail	आई.पी. 2018 के लिए तैयारी के तहत मोनोग्राफ - Indian Pharmacopoeia Commission	51716
/hi/%E0%A4%9C%E0%A4%A8%E0%A4%BE%E0%A4%A6%E0%A5%87%E0%A4%B6/%E0%A4%AD%E0%A4%BE%E0%A4%B0%E0%A4%A4%E0%A5%80%E0%A4%AF-%E0%A4%AB%E0%A4%BE%E0%A4%B0%E0%A5%8D%E0%A4%AE%E0%A4%BE%E0%A4%95%E0%A5%8B%E0%A4%AA%E0%A4%BF%E0%A4%AF%E0%A4%BE-%E0%A4%86%E0%A4%88%E0%A4%AA%E0%A5%80/%E0%A4%AE%E0%A5%8B%E0%A4%A8%E0%A5%8B%E0%A4%97%E0%A5%8D%E0%A4%B0%E0%A4%BE%E0%A4%AB/%E0%A4%AE%E0%A5%8B%E0%A4%A8%E0%A5%8B%E0%A4%97%E0%A5%8D%E0%A4%B0%E0%A4%BE%E0%A4%AB-%E0%A4%AA%E0%A4%B0-%E0%A4%9F%E0%A4%BF%E0%A4%AA%E0%A5%8D%E0%A4%AA%E0%A4%A3%E0%A5%80.html	html	hi	T2-article-detail	मोनोग्राफ पर टिप्पणी - Indian Pharmacopoeia Commission	56284
/hi/%E0%A4%9C%E0%A4%A8%E0%A4%BE%E0%A4%A6%E0%A5%87%E0%A4%B6/%E0%A4%AD%E0%A4%BE%E0%A4%B0%E0%A4%A4%E0%A5%80%E0%A4%AF-%E0%A4%AB%E0%A4%BE%E0%A4%B0%E0%A5%8D%E0%A4%AE%E0%A4%BE%E0%A4%95%E0%A5%8B%E0%A4%AA%E0%A4%BF%E0%A4%AF%E0%A4%BE-%E0%A4%86%E0%A4%88%E0%A4%AA%E0%A5%80/%E0%A4%B5%E0%A4%BF%E0%A4%B6%E0%A5%87%E0%A4%B7%E0%A4%9C%E0%A5%8D%E0%A4%9E-%E0%A4%95%E0%A4%BE%E0%A4%B0%E0%A5%8D%E0%A4%AF-%E0%A4%B8%E0%A4%AE%E0%A5%82%E0%A4%B9-%E0%A4%95%E0%A5%80-%E0%A4%AC%E0%A5%88%E0%A4%A0%E0%A4%95.html	html	hi	T2-article-detail	विशेषज्ञ कार्य समूह की बैठक - Indian Pharmacopoeia Commission	50894
/hi/%E0%A4%9C%E0%A4%A8%E0%A4%BE%E0%A4%A6%E0%A5%87%E0%A4%B6/%E0%A4%AD%E0%A4%BE%E0%A4%B0%E0%A4%A4%E0%A5%80%E0%A4%AF-%E0%A4%B0%E0%A4%BE%E0%A4%B7%E0%A5%8D%E0%A4%9F%E0%A5%8D%E0%A4%B0%E0%A5%80%E0%A4%AF-%E0%A4%B8%E0%A5%82%E0%A4%A4%E0%A5%8D%E0%A4%B0-%E0%A4%8F%E0%A4%A8%E0%A4%8F%E0%A4%AB%E0%A4%86%E0%A4%88.html	html	hi	T2-article-detail	भारतीय राष्ट्रीय सूत्र (एन.एफ.आई.) - Indian Pharmacopoeia Commission	52969
/hi/%E0%A4%9C%E0%A4%A8%E0%A4%BE%E0%A4%A6%E0%A5%87%E0%A4%B6/%E0%A4%AD%E0%A4%BE%E0%A4%B0%E0%A4%A4%E0%A5%80%E0%A4%AF-%E0%A4%B0%E0%A4%BE%E0%A4%B7%E0%A5%8D%E0%A4%9F%E0%A5%8D%E0%A4%B0%E0%A5%80%E0%A4%AF-%E0%A4%B8%E0%A5%82%E0%A4%A4%E0%A5%8D%E0%A4%B0-%E0%A4%8F%E0%A4%A8%E0%A4%8F%E0%A4%AB%E0%A4%86%E0%A4%88/%E0%A4%8F%E0%A4%A8%E0%A4%8F%E0%A4%AB%E0%A4%86%E0%A4%88-2016-%E0%A4%95%E0%A5%80-%E0%A4%96%E0%A4%B0%E0%A5%80%E0%A4%A6.html	html	hi	T2-article-detail	एन.एफ.आई. 2016 की खरीद - Indian Pharmacopoeia Commission	58866
/hi/%E0%A4%9C%E0%A4%A8%E0%A4%BE%E0%A4%A6%E0%A5%87%E0%A4%B6/%E0%A4%AD%E0%A4%BE%E0%A4%B0%E0%A4%A4%E0%A5%80%E0%A4%AF-%E0%A4%B0%E0%A4%BE%E0%A4%B7%E0%A5%8D%E0%A4%9F%E0%A5%8D%E0%A4%B0%E0%A5%80%E0%A4%AF-%E0%A4%B8%E0%A5%82%E0%A4%A4%E0%A5%8D%E0%A4%B0-%E0%A4%8F%E0%A4%A8%E0%A4%8F%E0%A4%AB%E0%A4%86%E0%A4%88/%E0%A4%8F%E0%A4%A8-%E0%A4%8F%E0%A4%AB-%E0%A4%86%E0%A4%87-2016-%E0%A4%95%E0%A5%80-%E0%A4%AE%E0%A5%81%E0%A4%96%E0%A5%8D%E0%A4%AF-%E0%A4%B5%E0%A4%BF%E0%A4%B6%E0%A5%87%E0%A4%B7%E0%A4%A4%E0%A4%BE%E0%A4%8F%E0%A4%82.html	html	hi	T2-article-detail	एन.एफ.आइ. 2016 की मुख्य विशेषताएं - Indian Pharmacopoeia Commission	50755
/hi/%E0%A4%9C%E0%A4%A8%E0%A4%BE%E0%A4%A6%E0%A5%87%E0%A4%B6/%E0%A4%AD%E0%A4%BE%E0%A4%B0%E0%A4%A4%E0%A5%80%E0%A4%AF-%E0%A4%B0%E0%A4%BE%E0%A4%B7%E0%A5%8D%E0%A4%9F%E0%A5%8D%E0%A4%B0%E0%A5%80%E0%A4%AF-%E0%A4%B8%E0%A5%82%E0%A4%A4%E0%A5%8D%E0%A4%B0-%E0%A4%8F%E0%A4%A8%E0%A4%8F%E0%A4%AB%E0%A4%86%E0%A4%88/%E0%A4%AD%E0%A4%BE%E0%A4%B0%E0%A4%A4%E0%A5%80%E0%A4%AF-%E0%A4%B0%E0%A4%BE%E0%A4%B7%E0%A5%8D%E0%A4%9F%E0%A5%8D%E0%A4%B0%E0%A5%80%E0%A4%AF-%E0%A4%AB%E0%A4%BE%E0%A4%B0%E0%A5%8D%E0%A4%AE%E0%A5%82%E0%A4%B2%E0%A4%B0%E0%A5%80-2016-%E0%A4%95%E0%A4%BE-%E0%A4%B5%E0%A4%BF%E0%A4%AE%E0%A5%8B%E0%A4%9A%E0%A4%A8.html	html	hi	T2-article-detail	भारतीय राष्ट्रीय फार्मूलरी 2016 का विमोचन - Indian Pharmacopoeia Commission	55145
/hi/%E0%A4%9C%E0%A4%A8%E0%A4%BE%E0%A4%A6%E0%A5%87%E0%A4%B6/%E0%A4%AD%E0%A4%BE%E0%A4%B0%E0%A4%A4%E0%A5%80%E0%A4%AF-%E0%A4%B0%E0%A4%BE%E0%A4%B7%E0%A5%8D%E0%A4%9F%E0%A5%8D%E0%A4%B0%E0%A5%80%E0%A4%AF-%E0%A4%B8%E0%A5%82%E0%A4%A4%E0%A5%8D%E0%A4%B0-%E0%A4%8F%E0%A4%A8%E0%A4%8F%E0%A4%AB%E0%A4%86%E0%A4%88/%E0%A4%B0%E0%A4%BE%E0%A4%B7%E0%A5%8D%E0%A4%9F%E0%A5%8D%E0%A4%B0%E0%A5%80%E0%A4%AF-%E0%A4%AD%E0%A4%BE%E0%A4%B0%E0%A4%A4%E0%A5%80%E0%A4%AF-%E0%A4%AB%E0%A4%BE%E0%A4%B0%E0%A5%8D%E0%A4%AE%E0%A5%82%E0%A4%B2%E0%A4%B0%E0%A5%80-%E0%A4%8F%E0%A4%A8%E0%A4%8F%E0%A4%AB%E0%A4%86%E0%A4%88.html	html	hi	T2-article-detail	एन.एफ.आई. के बारे में - Indian Pharmacopoeia Commission	56160
/hi/%E0%A4%9C%E0%A4%A8%E0%A4%BE%E0%A4%A6%E0%A5%87%E0%A4%B6/%E0%A4%AD%E0%A4%BE%E0%A4%B0%E0%A4%A4%E0%A5%80%E0%A4%AF-%E0%A4%B0%E0%A4%BE%E0%A4%B7%E0%A5%8D%E0%A4%9F%E0%A5%8D%E0%A4%B0%E0%A5%80%E0%A4%AF-%E0%A4%B8%E0%A5%82%E0%A4%A4%E0%A5%8D%E0%A4%B0-%E0%A4%8F%E0%A4%A8%E0%A4%8F%E0%A4%AB%E0%A4%86%E0%A4%88/nfi-2016-%E0%A4%95%E0%A5%87-%E0%A4%B2%E0%A4%BF%E0%A4%8F-%E0%A4%B8%E0%A4%BE%E0%A4%AE%E0%A4%97%E0%A5%8D%E0%A4%B0%E0%A5%80-%E0%A4%B8%E0%A5%82%E0%A4%9A%E0%A5%80.html	html	hi	T2-article-detail	एन.एफ.आई. 2016 के लिए सामग्री सूची - Indian Pharmacopoeia Commission	50668
/hi/%E0%A4%9C%E0%A4%A8%E0%A4%BE%E0%A4%A6%E0%A5%87%E0%A4%B6/pvpi/%E0%A4%AA%E0%A5%80%E0%A4%B5%E0%A5%80%E0%A4%AA%E0%A5%80%E0%A4%86%E0%A4%88-%E0%A4%85%E0%A4%AA%E0%A4%A1%E0%A5%87%E0%A4%9F.html	html	hi	T2-article-detail	पी.वी.पी.आई. अपडेट - Indian Pharmacopoeia Commission	76857
/hi/%E0%A4%9C%E0%A4%A8%E0%A4%BE%E0%A4%A6%E0%A5%87%E0%A4%B6/pvpi/%E0%A4%AB%E0%A4%BE%E0%A4%B0%E0%A5%8D%E0%A4%AE%E0%A4%BE%E0%A4%95%E0%A5%8B%E0%A4%B5%E0%A4%BF%E0%A4%9C%E0%A4%BF%E0%A4%B2%E0%A5%87%E0%A4%82%E0%A4%B8-%E0%A4%B8%E0%A5%8D%E0%A4%95%E0%A4%BF%E0%A4%B2-%E0%A4%A1%E0%A5%87%E0%A4%B5%E0%A4%B2%E0%A4%AA%E0%A4%AE%E0%A5%87%E0%A4%82%E0%A4%9F-%E0%A4%AA%E0%A5%8D%E0%A4%B0%E0%A5%8B%E0%A4%97%E0%A5%8D%E0%A4%B0%E0%A4%BE%E0%A4%AE.html	html	hi	T2-article-detail	भेषजसतर्कता कौशल विकास कार्यक्रम - Indian Pharmacopoeia Commission	55725
/hi/%E0%A4%9C%E0%A4%A8%E0%A4%BE%E0%A4%A6%E0%A5%87%E0%A4%B6/pvpi/%E0%A4%AD%E0%A4%BE%E0%A4%B0%E0%A4%A4-%E0%A4%95%E0%A5%80-%E0%A4%AE%E0%A4%BE%E0%A4%A4%E0%A5%83%E0%A4%B5%E0%A4%BF%E0%A4%9C%E0%A5%8D%E0%A4%9E%E0%A4%BE%E0%A4%A8-%E0%A4%95%E0%A4%BE%E0%A4%B0%E0%A5%8D%E0%A4%AF%E0%A4%95%E0%A5%8D%E0%A4%B0%E0%A4%AE-%E0%A4%8F%E0%A4%AE%E0%A4%B5%E0%A5%80%E0%A4%AA%E0%A5%80%E0%A4%86%E0%A4%88.html	html	hi	T2-article-detail	भारतीय मटीरियोविजिलेंस कार्यक्रम (एम.वी.पी.आई.) - Indian Pharmacopoeia Commission	53583
/hi/%E0%A4%A8%E0%A4%BF%E0%A4%AF%E0%A4%AE-%E0%A4%8F%E0%A4%B5%E0%A4%82-%E0%A4%B6%E0%A4%B0%E0%A5%8D%E0%A4%A4%E0%A5%87%E0%A4%82.html	html	hi	T2-article-detail	नियम एवं शर्तें - Indian Pharmacopoeia Commission	52654
/hi/%E0%A4%A8%E0%A4%BF%E0%A4%B5%E0%A4%BF%E0%A4%A6%E0%A4%BE%E0%A4%8F%E0%A4%82.html	html	hi	T3-listing-paginated	निविदाएं - Indian Pharmacopoeia Commission	50248
/hi/%E0%A4%AE%E0%A5%80%E0%A4%A1%E0%A4%BF%E0%A4%AF%E0%A4%BE.html	html	hi	T2-article-detail	मीडिया - Indian Pharmacopoeia Commission	48710
/hi/%E0%A4%AE%E0%A5%80%E0%A4%A1%E0%A4%BF%E0%A4%AF%E0%A4%BE/%E0%A4%86%E0%A4%88%E0%A4%AA%E0%A5%80%E0%A4%B8%E0%A5%80-%E0%A4%95%E0%A4%BE-%E0%A4%86%E0%A4%AD%E0%A4%BE%E0%A4%B8%E0%A5%80-%E0%A4%A6%E0%A5%8C%E0%A4%B0%E0%A4%BE.html	html	hi	T2-article-detail	आई.पी.सी. की दृश्य यात्रा - Indian Pharmacopoeia Commission	49534
/hi/%E0%A4%AE%E0%A5%80%E0%A4%A1%E0%A4%BF%E0%A4%AF%E0%A4%BE/%E0%A4%91%E0%A4%A1%E0%A4%BF%E0%A4%AF%E0%A5%8B-%E0%A4%B5%E0%A4%BF%E0%A4%9C%E0%A5%81%E0%A4%85%E0%A4%B2-%E0%A4%97%E0%A5%88%E0%A4%B2%E0%A4%B0%E0%A5%80.html	html	hi	T2-article-detail	दृश्य-श्रव्य गैलरी - Indian Pharmacopoeia Commission	49401
/hi/%E0%A4%AE%E0%A5%80%E0%A4%A1%E0%A4%BF%E0%A4%AF%E0%A4%BE/%E0%A4%9A%E0%A4%BF%E0%A4%A4%E0%A5%8D%E0%A4%B0-%E0%A4%AA%E0%A5%8D%E0%A4%B0%E0%A4%A6%E0%A4%B0%E0%A5%8D%E0%A4%B6%E0%A4%A8%E0%A5%80.html	html	hi	T2-article-detail	फोटो गैलरी - Indian Pharmacopoeia Commission	49375
/hi/%E0%A4%AE%E0%A5%80%E0%A4%A1%E0%A4%BF%E0%A4%AF%E0%A4%BE/%E0%A4%A6%E0%A4%AC%E0%A4%BE%E0%A4%8F%E0%A4%81-%E0%A4%B5%E0%A4%BF%E0%A4%9C%E0%A5%8D%E0%A4%9E%E0%A4%AA%E0%A5%8D%E0%A4%A4%E0%A4%BF.html	html	hi	T2-article-detail	प्रेस विज्ञप्ति - Indian Pharmacopoeia Commission	49864
/hi/%E0%A4%AE%E0%A5%80%E0%A4%A1%E0%A4%BF%E0%A4%AF%E0%A4%BE/%E0%A4%B8%E0%A4%AE%E0%A4%BE%E0%A4%9A%E0%A4%BE%E0%A4%B0-%E0%A4%8F%E0%A4%B5%E0%A4%82-%E0%A4%AE%E0%A5%80%E0%A4%A1%E0%A4%BF%E0%A4%AF%E0%A4%BE-%E0%A4%AE%E0%A5%87%E0%A4%82-%E0%A4%86%E0%A4%88%E0%A4%AA%E0%A5%80%E0%A4%B8%E0%A5%80.html	html	hi	T2-article-detail	समाचार एवं मीडिया में आई.पी.सी. - Indian Pharmacopoeia Commission	50623
/hi/%E0%A4%AE%E0%A5%80%E0%A4%A1%E0%A4%BF%E0%A4%AF%E0%A4%BE/%E0%A4%B8%E0%A4%AE%E0%A4%BE%E0%A4%9A%E0%A4%BE%E0%A4%B0-%E0%A4%94%E0%A4%B0-%E0%A4%B9%E0%A4%BE%E0%A4%87%E0%A4%B2%E0%A4%BE%E0%A4%87%E0%A4%9F%E0%A5%8D%E0%A4%B8.feed	html	hi	T4-category-list	समाचार और प्रमुखताएँ - Indian Pharmacopoeia Commission	51639
/hi/%E0%A4%AE%E0%A5%80%E0%A4%A1%E0%A4%BF%E0%A4%AF%E0%A4%BE/%E0%A4%B8%E0%A4%AE%E0%A4%BE%E0%A4%9A%E0%A4%BE%E0%A4%B0-%E0%A4%94%E0%A4%B0-%E0%A4%B9%E0%A4%BE%E0%A4%87%E0%A4%B2%E0%A4%BE%E0%A4%87%E0%A4%9F%E0%A5%8D%E0%A4%B8.html	html	hi	T4-category-list	समाचार और प्रमुखताएँ - Indian Pharmacopoeia Commission	51639
/hi/%E0%A4%B8%E0%A5%82%E0%A4%9A%E0%A4%A8%E0%A4%BE-%E0%A4%95%E0%A4%BE-%E0%A4%85%E0%A4%A7%E0%A4%BF%E0%A4%95%E0%A4%BE%E0%A4%B0.html	html	hi	T2-article-detail	सूचना का अधिकार - Indian Pharmacopoeia Commission	66789
/hi/%E0%A4%B9%E0%A4%AE%E0%A4%BE%E0%A4%B0%E0%A5%87-%E0%A4%AC%E0%A4%BE%E0%A4%B0%E0%A5%87-%E0%A4%AE%E0%A5%87%E0%A4%82.html	html	hi	T2-article-detail	हमारे बारे में - Indian Pharmacopoeia Commission	56235
/hi/%E0%A4%B9%E0%A4%AE%E0%A4%BE%E0%A4%B0%E0%A5%87-%E0%A4%AC%E0%A4%BE%E0%A4%B0%E0%A5%87-%E0%A4%AE%E0%A5%87%E0%A4%82/%E0%A4%85%E0%A4%A7%E0%A5%8D%E0%A4%AF%E0%A4%95%E0%A5%8D%E0%A4%B7-%E0%A4%B8%E0%A5%87-%E0%A4%B8%E0%A4%82%E0%A4%A6%E0%A5%87%E0%A4%B6.html	html	hi	T2-article-detail	अध्यक्ष से संदेश - Indian Pharmacopoeia Commission	49559
/hi/%E0%A4%B9%E0%A4%AE%E0%A4%BE%E0%A4%B0%E0%A5%87-%E0%A4%AC%E0%A4%BE%E0%A4%B0%E0%A5%87-%E0%A4%AE%E0%A5%87%E0%A4%82/%E0%A4%95%E0%A4%B0%E0%A5%8D%E0%A4%AE%E0%A4%9A%E0%A4%BE%E0%A4%B0%E0%A4%BF%E0%A4%AF%E0%A5%8B%E0%A4%82-%E0%A4%95%E0%A5%80-%E0%A4%B8%E0%A5%82%E0%A4%9A%E0%A5%80.html	html	hi	T2-article-detail	कर्मचारियों की सूची - Indian Pharmacopoeia Commission	50620
/hi/%E0%A4%B9%E0%A4%AE%E0%A4%BE%E0%A4%B0%E0%A5%87-%E0%A4%AC%E0%A4%BE%E0%A4%B0%E0%A5%87-%E0%A4%AE%E0%A5%87%E0%A4%82/%E0%A4%AD%E0%A4%BE%E0%A4%B0%E0%A4%A4%E0%A5%80%E0%A4%AF-%E0%A4%AB%E0%A4%BE%E0%A4%B0%E0%A5%8D%E0%A4%AE%E0%A4%BE%E0%A4%95%E0%A5%8B%E0%A4%AA%E0%A4%BF%E0%A4%AF%E0%A4%BE-%E0%A4%86%E0%A4%AF%E0%A5%8B%E0%A4%97.html	html	hi	T2-article-detail	भारतीय फार्माकोपिया आयोग - Indian Pharmacopoeia Commission	52984
/hi/%E0%A4%B9%E0%A4%AE%E0%A4%BE%E0%A4%B0%E0%A5%87-%E0%A4%AC%E0%A4%BE%E0%A4%B0%E0%A5%87-%E0%A4%AE%E0%A5%87%E0%A4%82/%E0%A4%AD%E0%A4%BE%E0%A4%B0%E0%A4%A4%E0%A5%80%E0%A4%AF-%E0%A4%AB%E0%A4%BE%E0%A4%B0%E0%A5%8D%E0%A4%AE%E0%A4%BE%E0%A4%95%E0%A5%8B%E0%A4%AA%E0%A4%BF%E0%A4%AF%E0%A4%BE-%E0%A4%86%E0%A4%AF%E0%A5%8B%E0%A4%97/%E0%A4%86%E0%A4%88%E0%A4%AA%E0%A5%80%E0%A4%B8%E0%A5%80-%E0%A4%95%E0%A4%BE-%E0%A4%97%E0%A4%A0%E0%A4%A8.html	html	hi	T2-article-detail	आई.पी.सी. का गठन - Indian Pharmacopoeia Commission	53415
/hi/%E0%A4%B9%E0%A4%AE%E0%A4%BE%E0%A4%B0%E0%A5%87-%E0%A4%AC%E0%A4%BE%E0%A4%B0%E0%A5%87-%E0%A4%AE%E0%A5%87%E0%A4%82/%E0%A4%AD%E0%A4%BE%E0%A4%B0%E0%A4%A4%E0%A5%80%E0%A4%AF-%E0%A4%AB%E0%A4%BE%E0%A4%B0%E0%A5%8D%E0%A4%AE%E0%A4%BE%E0%A4%95%E0%A5%8B%E0%A4%AA%E0%A4%BF%E0%A4%AF%E0%A4%BE-%E0%A4%86%E0%A4%AF%E0%A5%8B%E0%A4%97/%E0%A4%86%E0%A4%88%E0%A4%AA%E0%A5%80%E0%A4%B8%E0%A5%80-%E0%A4%95%E0%A5%80-%E0%A4%B8%E0%A4%82%E0%A4%B0%E0%A4%9A%E0%A4%A8%E0%A4%BE.html	html	hi	T2-article-detail	आई.पी.सी. की संरचना - Indian Pharmacopoeia Commission	51177
/hi/%E0%A4%B9%E0%A4%AE%E0%A4%BE%E0%A4%B0%E0%A5%87-%E0%A4%AC%E0%A4%BE%E0%A4%B0%E0%A5%87-%E0%A4%AE%E0%A5%87%E0%A4%82/%E0%A4%AD%E0%A4%BE%E0%A4%B0%E0%A4%A4%E0%A5%80%E0%A4%AF-%E0%A4%AB%E0%A4%BE%E0%A4%B0%E0%A5%8D%E0%A4%AE%E0%A4%BE%E0%A4%95%E0%A5%8B%E0%A4%AA%E0%A4%BF%E0%A4%AF%E0%A4%BE-%E0%A4%86%E0%A4%AF%E0%A5%8B%E0%A4%97/%E0%A4%AD%E0%A4%BE%E0%A4%B0%E0%A4%A4%E0%A5%80%E0%A4%AF-%E0%A4%AB%E0%A4%BE%E0%A4%B0%E0%A5%8D%E0%A4%AE%E0%A4%BE%E0%A4%95%E0%A5%8B%E0%A4%AA%E0%A4%BF%E0%A4%AF%E0%A4%BE-%E0%A4%B2%E0%A5%88%E0%A4%AC%E0%A5%8B%E0%A4%B0%E0%A5%87%E0%A4%9F%E0%A4%B0%E0%A5%80-%E0%A4%86%E0%A4%88%E0%A4%AA%E0%A5%80%E0%A4%8F%E0%A4%B2/%E0%A4%95%E0%A5%8C%E0%A4%B6%E0%A4%B2-%E0%A4%B5%E0%A4%BF%E0%A4%95%E0%A4%BE%E0%A4%B8-%E0%A4%94%E0%A4%B0-%E0%A4%A6%E0%A4%B5%E0%A4%BE-%E0%A4%95%E0%A5%80-%E0%A4%96%E0%A5%8B%E0%A4%9C-%E0%A4%95%E0%A5%87-%E0%A4%B2%E0%A4%BF%E0%A4%8F-%E0%A4%B5%E0%A4%BF%E0%A4%B6%E0%A5%8D%E0%A4%B2%E0%A5%87%E0%A4%B7%E0%A4%A3%E0%A4%BE%E0%A4%A4%E0%A5%8D%E0%A4%AE%E0%A4%95-%E0%A4%B8%E0%A4%AE%E0%A4%B0%E0%A5%8D%E0%A4%A5%E0%A4%A8.html	html	hi	T2-article-detail	कौशल विकास और दवा की खोज के लिए विश्लेषणात्मक समर्थन - Indian Pharmacopoeia Commission	63966
/hi/%E0%A4%B9%E0%A4%AE%E0%A4%BE%E0%A4%B0%E0%A5%87-%E0%A4%AC%E0%A4%BE%E0%A4%B0%E0%A5%87-%E0%A4%AE%E0%A5%87%E0%A4%82/%E0%A4%AD%E0%A4%BE%E0%A4%B0%E0%A4%A4%E0%A5%80%E0%A4%AF-%E0%A4%AB%E0%A4%BE%E0%A4%B0%E0%A5%8D%E0%A4%AE%E0%A4%BE%E0%A4%95%E0%A5%8B%E0%A4%AA%E0%A4%BF%E0%A4%AF%E0%A4%BE-%E0%A4%86%E0%A4%AF%E0%A5%8B%E0%A4%97/%E0%A4%AD%E0%A4%BE%E0%A4%B0%E0%A4%A4%E0%A5%80%E0%A4%AF-%E0%A4%AB%E0%A4%BE%E0%A4%B0%E0%A5%8D%E0%A4%AE%E0%A4%BE%E0%A4%95%E0%A5%8B%E0%A4%AA%E0%A4%BF%E0%A4%AF%E0%A4%BE-%E0%A4%B2%E0%A5%88%E0%A4%AC%E0%A5%8B%E0%A4%B0%E0%A5%87%E0%A4%9F%E0%A4%B0%E0%A5%80-%E0%A4%86%E0%A4%88%E0%A4%AA%E0%A5%80%E0%A4%8F%E0%A4%B2/%E0%A4%A8%E0%A4%8F-%E0%A4%A1%E0%A5%8D%E0%A4%B0%E0%A4%97%E0%A5%8D%E0%A4%B8-%E0%A4%AA%E0%A4%B0%E0%A5%80%E0%A4%95%E0%A5%8D%E0%A4%B7%E0%A4%A3.html	html	hi	T2-article-detail	नए ड्रग्स परीक्षण - Indian Pharmacopoeia Commission	54197
/hi/%E0%A4%B9%E0%A4%AE%E0%A4%BE%E0%A4%B0%E0%A5%87-%E0%A4%AC%E0%A4%BE%E0%A4%B0%E0%A5%87-%E0%A4%AE%E0%A5%87%E0%A4%82/%E0%A4%AD%E0%A4%BE%E0%A4%B0%E0%A4%A4%E0%A5%80%E0%A4%AF-%E0%A4%AB%E0%A4%BE%E0%A4%B0%E0%A5%8D%E0%A4%AE%E0%A4%BE%E0%A4%95%E0%A5%8B%E0%A4%AA%E0%A4%BF%E0%A4%AF%E0%A4%BE-%E0%A4%86%E0%A4%AF%E0%A5%8B%E0%A4%97/%E0%A4%B5%E0%A4%BE%E0%A4%B0%E0%A5%8D%E0%A4%B7%E0%A4%BF%E0%A4%95-%E0%A4%B0%E0%A4%BF%E0%A4%AA%E0%A5%8B%E0%A4%B0%E0%A5%8D%E0%A4%9F%E0%A5%8D%E0%A4%B8.html	html	hi	T2-article-detail	वार्षिक रिपोर्ट्स - Indian Pharmacopoeia Commission	52106
/hi/%E0%A4%B9%E0%A4%AE%E0%A4%BE%E0%A4%B0%E0%A5%87-%E0%A4%AC%E0%A4%BE%E0%A4%B0%E0%A5%87-%E0%A4%AE%E0%A5%87%E0%A4%82/%E0%A4%AD%E0%A4%BE%E0%A4%B0%E0%A4%A4%E0%A5%80%E0%A4%AF-%E0%A4%AB%E0%A4%BE%E0%A4%B0%E0%A5%8D%E0%A4%AE%E0%A4%BE%E0%A4%95%E0%A5%8B%E0%A4%AA%E0%A4%BF%E0%A4%AF%E0%A4%BE-%E0%A4%86%E0%A4%AF%E0%A5%8B%E0%A4%97/mission-vision-and-objectives-of-ipc.html	html	hi	T2-article-detail	आई.पी.सी. के लक्ष्य और दृष्टिकोण - Indian Pharmacopoeia Commission	51350
/hi/%E0%A4%B9%E0%A4%AE%E0%A4%BE%E0%A4%B0%E0%A5%87-%E0%A4%AC%E0%A4%BE%E0%A4%B0%E0%A5%87-%E0%A4%AE%E0%A5%87%E0%A4%82/%E0%A4%B5%E0%A4%BF%E0%A4%AD%E0%A4%BE%E0%A4%97.html	html	hi	T2-article-detail	विभाग - Indian Pharmacopoeia Commission	49284
/hi/%E0%A4%B9%E0%A4%AE%E0%A4%BE%E0%A4%B0%E0%A5%87-%E0%A4%AC%E0%A4%BE%E0%A4%B0%E0%A5%87-%E0%A4%AE%E0%A5%87%E0%A4%82/%E0%A4%B5%E0%A4%BF%E0%A4%AD%E0%A4%BE%E0%A4%97/%E0%A4%94%E0%A4%B7%E0%A4%A7.html	html	hi	T2-article-detail	औषधशास्त्र - Indian Pharmacopoeia Commission	49771
/hi/%E0%A4%B9%E0%A4%AE%E0%A4%BE%E0%A4%B0%E0%A5%87-%E0%A4%AC%E0%A4%BE%E0%A4%B0%E0%A5%87-%E0%A4%AE%E0%A5%87%E0%A4%82/%E0%A4%B5%E0%A4%BF%E0%A4%AD%E0%A4%BE%E0%A4%97/%E0%A4%95%E0%A5%80%E0%A4%9F%E0%A4%BE%E0%A4%A3%E0%A5%81-%E0%A4%B5%E0%A4%BF%E0%A4%9C%E0%A5%8D%E0%A4%9E%E0%A4%BE%E0%A4%A8.html	html	hi	T2-article-detail	सूक्ष्मजैविकी - Indian Pharmacopoeia Commission	53367
/hi/%E0%A4%B9%E0%A4%AE%E0%A4%BE%E0%A4%B0%E0%A5%87-%E0%A4%AC%E0%A4%BE%E0%A4%B0%E0%A5%87-%E0%A4%AE%E0%A5%87%E0%A4%82/%E0%A4%B5%E0%A4%BF%E0%A4%AD%E0%A4%BE%E0%A4%97/%E0%A4%97%E0%A5%81%E0%A4%A3%E0%A4%B5%E0%A4%A4%E0%A5%8D%E0%A4%A4%E0%A4%BE-%E0%A4%86%E0%A4%B6%E0%A5%8D%E0%A4%B5%E0%A4%BE%E0%A4%B8%E0%A4%A8.html	html	hi	T2-article-detail	गुणवत्ता आश्वासन - Indian Pharmacopoeia Commission	50033
/hi/%E0%A4%B9%E0%A4%AE%E0%A4%BE%E0%A4%B0%E0%A5%87-%E0%A4%AC%E0%A4%BE%E0%A4%B0%E0%A5%87-%E0%A4%AE%E0%A5%87%E0%A4%82/%E0%A4%B5%E0%A4%BF%E0%A4%AD%E0%A4%BE%E0%A4%97/%E0%A4%9C%E0%A5%80%E0%A4%B5%E0%A4%B5%E0%A4%BF%E0%A4%9C%E0%A5%8D%E0%A4%9E%E0%A4%BE%E0%A4%A8%E0%A4%BF%E0%A4%95.html	html	hi	T2-article-detail	जैविक - Indian Pharmacopoeia Commission	55636
/hi/%E0%A4%B9%E0%A4%AE%E0%A4%BE%E0%A4%B0%E0%A5%87-%E0%A4%AC%E0%A4%BE%E0%A4%B0%E0%A5%87-%E0%A4%AE%E0%A5%87%E0%A4%82/%E0%A4%B5%E0%A4%BF%E0%A4%AD%E0%A4%BE%E0%A4%97/%E0%A4%AA%E0%A5%8D%E0%A4%B0%E0%A4%95%E0%A4%BE%E0%A4%B6%E0%A4%A8.html	html	hi	T2-article-detail	प्रकाशन - Indian Pharmacopoeia Commission	50778
/hi/%E0%A4%B9%E0%A4%AE%E0%A4%BE%E0%A4%B0%E0%A5%87-%E0%A4%AC%E0%A4%BE%E0%A4%B0%E0%A5%87-%E0%A4%AE%E0%A5%87%E0%A4%82/%E0%A4%B5%E0%A4%BF%E0%A4%AD%E0%A4%BE%E0%A4%97/%E0%A4%B5%E0%A4%BF%E0%A4%A4%E0%A5%8D%E0%A4%A4-%E0%A4%94%E0%A4%B0-%E0%A4%B2%E0%A5%87%E0%A4%96%E0%A4%BE%E0%A4%82%E0%A4%95%E0%A4%A8.html	html	hi	T2-article-detail	वित्त एवं लेखा - Indian Pharmacopoeia Commission	49992
/hi/%E0%A4%B9%E0%A4%AE%E0%A4%BE%E0%A4%B0%E0%A5%87-%E0%A4%AC%E0%A4%BE%E0%A4%B0%E0%A5%87-%E0%A4%AE%E0%A5%87%E0%A4%82/%E0%A4%B5%E0%A4%BF%E0%A4%AD%E0%A4%BE%E0%A4%97/%E0%A4%B5%E0%A4%BF%E0%A4%A4%E0%A5%8D%E0%A4%A4-%E0%A4%94%E0%A4%B0-%E0%A4%B2%E0%A5%87%E0%A4%96%E0%A4%BE%E0%A4%82%E0%A4%95%E0%A4%A8/%E0%A4%A8%E0%A4%95%E0%A4%A6-%E0%A4%94%E0%A4%B0-%E0%A4%B2%E0%A5%87%E0%A4%96%E0%A4%BE.html	html	hi	T2-article-detail	नकद और लेखा - Indian Pharmacopoeia Commission	50581
/hi/%E0%A4%B9%E0%A4%AE%E0%A4%BE%E0%A4%B0%E0%A5%87-%E0%A4%AC%E0%A4%BE%E0%A4%B0%E0%A5%87-%E0%A4%AE%E0%A5%87%E0%A4%82/%E0%A4%B5%E0%A4%BF%E0%A4%AD%E0%A4%BE%E0%A4%97/%E0%A4%B5%E0%A4%BF%E0%A4%A4%E0%A5%8D%E0%A4%A4-%E0%A4%94%E0%A4%B0-%E0%A4%B2%E0%A5%87%E0%A4%96%E0%A4%BE%E0%A4%82%E0%A4%95%E0%A4%A8/%E0%A4%AC%E0%A4%9C%E0%A4%9F.html	html	hi	T2-article-detail	बजट - Indian Pharmacopoeia Commission	50384
/hi/%E0%A4%B9%E0%A4%AE%E0%A4%BE%E0%A4%B0%E0%A5%87-%E0%A4%AC%E0%A4%BE%E0%A4%B0%E0%A5%87-%E0%A4%AE%E0%A5%87%E0%A4%82/%E0%A4%B5%E0%A4%BF%E0%A4%AD%E0%A4%BE%E0%A4%97/%E0%A4%B5%E0%A4%BF%E0%A4%A4%E0%A5%8D%E0%A4%A4-%E0%A4%94%E0%A4%B0-%E0%A4%B2%E0%A5%87%E0%A4%96%E0%A4%BE%E0%A4%82%E0%A4%95%E0%A4%A8/%E0%A4%B2%E0%A5%87%E0%A4%96%E0%A4%BE-%E0%A4%AA%E0%A4%B0%E0%A5%80%E0%A4%95%E0%A5%8D%E0%A4%B7%E0%A4%BE.html	html	hi	T2-article-detail	लेखा परीक्षा - Indian Pharmacopoeia Commission	50604
/hi/%E0%A4%B9%E0%A4%AE%E0%A4%BE%E0%A4%B0%E0%A5%87-%E0%A4%AC%E0%A4%BE%E0%A4%B0%E0%A5%87-%E0%A4%AE%E0%A5%87%E0%A4%82/%E0%A4%B5%E0%A4%BF%E0%A4%AD%E0%A4%BE%E0%A4%97/%E0%A4%B5%E0%A4%BF%E0%A4%B6%E0%A5%8D%E0%A4%B2%E0%A5%87%E0%A4%B7%E0%A4%A3%E0%A4%BE%E0%A4%A4%E0%A5%8D%E0%A4%AE%E0%A4%95-%E0%A4%85%E0%A4%A8%E0%A5%81%E0%A4%B8%E0%A4%82%E0%A4%A7%E0%A4%BE%E0%A4%A8-%E0%A4%8F%E0%A4%B5%E0%A4%82-%E0%A4%B5%E0%A4%BF%E0%A4%95%E0%A4%BE%E0%A4%B8-%E0%A4%8F%E0%A4%86%E0%A4%B0-%E0%A4%8F%E0%A4%82%E0%A4%A1-%E0%A4%A1%E0%A5%80.html	html	hi	T2-article-detail	विश्लेषणात्मक अनुसंधान एवं विकास (ए.आर एंड डी) - Indian Pharmacopoeia Commission	56083
/hi/%E0%A4%B9%E0%A4%AE%E0%A4%BE%E0%A4%B0%E0%A5%87-%E0%A4%AC%E0%A4%BE%E0%A4%B0%E0%A5%87-%E0%A4%AE%E0%A5%87%E0%A4%82/%E0%A4%B5%E0%A4%BF%E0%A4%AD%E0%A4%BE%E0%A4%97/%E0%A4%B6%E0%A4%BE%E0%A4%B8%E0%A4%A8-%E0%A4%AA%E0%A5%8D%E0%A4%B0%E0%A4%AC%E0%A4%82%E0%A4%A7.html	html	hi	T2-article-detail	शासन प्रशासन - Indian Pharmacopoeia Commission	49905
/hi/%E0%A4%B9%E0%A4%AE%E0%A4%BE%E0%A4%B0%E0%A5%87-%E0%A4%AC%E0%A4%BE%E0%A4%B0%E0%A5%87-%E0%A4%AE%E0%A5%87%E0%A4%82/%E0%A4%B5%E0%A4%BF%E0%A4%AD%E0%A4%BE%E0%A4%97/%E0%A4%B8%E0%A4%82%E0%A4%A6%E0%A4%B0%E0%A5%8D%E0%A4%AD-%E0%A4%AE%E0%A4%BE%E0%A4%A8%E0%A4%95.html	html	hi	T2-article-detail	संदर्भ मानक - Indian Pharmacopoeia Commission	60718
/hi/%E0%A4%B9%E0%A4%AE%E0%A4%BE%E0%A4%B0%E0%A5%87-%E0%A4%AC%E0%A4%BE%E0%A4%B0%E0%A5%87-%E0%A4%AE%E0%A5%87%E0%A4%82/%E0%A4%B5%E0%A4%BF%E0%A4%AD%E0%A4%BE%E0%A4%97/phytopharmaceutical.html	html	hi	T2-article-detail	पादप औषधि - Indian Pharmacopoeia Commission	75838
/hi/%E0%A4%B9%E0%A4%AE%E0%A4%BE%E0%A4%B0%E0%A5%87-%E0%A4%AC%E0%A4%BE%E0%A4%B0%E0%A5%87-%E0%A4%AE%E0%A5%87%E0%A4%82/%E0%A4%B5%E0%A4%BF%E0%A4%AD%E0%A4%BE%E0%A4%97/store.html	html	hi	T2-article-detail	भंडार - Indian Pharmacopoeia Commission	49660
/hi/%E0%A4%B9%E0%A4%AE%E0%A4%BE%E0%A4%B0%E0%A5%87-%E0%A4%AC%E0%A4%BE%E0%A4%B0%E0%A5%87-%E0%A4%AE%E0%A5%87%E0%A4%82/%E0%A4%B8%E0%A4%82%E0%A4%97%E0%A4%A0%E0%A4%A8%E0%A4%BE%E0%A4%A4%E0%A5%8D%E0%A4%AE%E0%A4%95-%E0%A4%9A%E0%A4%BE%E0%A4%B0%E0%A5%8D%E0%A4%9F.html	html	hi	T2-article-detail	संगठनात्मक चार्ट - Indian Pharmacopoeia Commission	50048
/hi/%E0%A4%B9%E0%A4%AE%E0%A4%BE%E0%A4%B0%E0%A5%87-%E0%A4%AC%E0%A4%BE%E0%A4%B0%E0%A5%87-%E0%A4%AE%E0%A5%87%E0%A4%82/%E0%A4%B8%E0%A4%9A%E0%A4%BF%E0%A4%B5-%E0%A4%B8%E0%A4%B9-%E0%A4%B5%E0%A5%88%E0%A4%9C%E0%A5%8D%E0%A4%9E%E0%A4%BE%E0%A4%A8%E0%A4%BF%E0%A4%95-%E0%A4%A8%E0%A4%BF%E0%A4%A6%E0%A5%87%E0%A4%B6%E0%A4%95-%E0%A4%95%E0%A5%87-%E0%A4%B8%E0%A4%82%E0%A4%A6%E0%A5%87%E0%A4%B6.html	html	hi	T2-article-detail	सचिव-सह-वैज्ञानिक निदेशक के संदेश - Indian Pharmacopoeia Commission	55313
/hi/%E0%A4%B9%E0%A4%AE%E0%A4%BE%E0%A4%B0%E0%A5%87-%E0%A4%AC%E0%A4%BE%E0%A4%B0%E0%A5%87-%E0%A4%AE%E0%A5%87%E0%A4%82/%E0%A4%B9%E0%A4%AE-%E0%A4%B8%E0%A5%87-%E0%A4%B8%E0%A4%82%E0%A4%AA%E0%A4%B0%E0%A5%8D%E0%A4%95-%E0%A4%95%E0%A4%B0%E0%A5%87%E0%A4%82.html	html	hi	T2-article-detail	हम से संपर्क करें - Indian Pharmacopoeia Commission	50173
/hi/%E0%A4%B9%E0%A4%AE%E0%A4%BE%E0%A4%B0%E0%A5%87-%E0%A4%AC%E0%A4%BE%E0%A4%B0%E0%A5%87-%E0%A4%AE%E0%A5%87%E0%A4%82/%E0%A4%B9%E0%A4%AE-%E0%A4%B8%E0%A5%87-%E0%A4%B8%E0%A4%82%E0%A4%AA%E0%A4%B0%E0%A5%8D%E0%A4%95-%E0%A4%95%E0%A4%B0%E0%A5%87%E0%A4%82/%E0%A4%86%E0%A4%88%E0%A4%AA%E0%A5%80%E0%A4%B8%E0%A5%80-%E0%A4%95%E0%A4%BE-%E0%A4%B0%E0%A5%82%E0%A4%9F-%E0%A4%A8%E0%A4%95%E0%A5%8D%E0%A4%B6%E0%A4%BE.html	html	hi	T2-article-detail	आई.पी.सी. का रूट नक्शा - Indian Pharmacopoeia Commission	50975
/hi/%E0%A4%B9%E0%A4%AE%E0%A4%BE%E0%A4%B0%E0%A5%87-%E0%A4%AC%E0%A4%BE%E0%A4%B0%E0%A5%87-%E0%A4%AE%E0%A5%87%E0%A4%82/%E0%A4%B9%E0%A4%AE-%E0%A4%B8%E0%A5%87-%E0%A4%B8%E0%A4%82%E0%A4%AA%E0%A4%B0%E0%A5%8D%E0%A4%95-%E0%A4%95%E0%A4%B0%E0%A5%87%E0%A4%82/%E0%A4%AB%E0%A5%87%E0%A4%B8%E0%A4%AC%E0%A5%81%E0%A4%95,-%E0%A4%9F%E0%A5%8D%E0%A4%B5%E0%A4%BF%E0%A4%9F%E0%A4%B0,-%E0%A4%AF%E0%A5%82%E0%A4%9F%E0%A5%8D%E0%A4%AF%E0%A5%82%E0%A4%AC.html	html	hi	T2-article-detail	फेसबुक, ट्विटर, यूट्यूब - Indian Pharmacopoeia Commission	50383
/hi/%E0%A4%B9%E0%A4%BE%E0%A4%87%E0%A4%AA%E0%A4%B0%E0%A4%B2%E0%A4%BF%E0%A4%82%E0%A4%95%E0%A4%BF%E0%A4%82%E0%A4%97-%E0%A4%A8%E0%A5%80%E0%A4%A4%E0%A4%BF.html	html	hi	T2-article-detail	हाइपरलिंकिंग नीति - Indian Pharmacopoeia Commission	51559
/hi/404-page-not-found.html	html	hi	T2-article-detail	404 - Page Not Found - Indian Pharmacopoeia Commission	48442
/hi/9-category-hi.html	html	hi	T4-category-list	Hindi Category - Indian Pharmacopoeia Commission	66671
/hi/9-category-hi/2-article-hi-in-hi.html	html	hi	T2-article-detail	Home - Hi - Indian Pharmacopoeia Commission	76274
/hi/about-us/about-ipc/ipc-bye-laws.html	html	hi	T2-article-detail	IPC BYE LAWS - Indian Pharmacopoeia Commission	49669
/hi/about-us/accreditation-certification.html	html	hi	T2-article-detail	Accreditation/ Certification - Indian Pharmacopoeia Commission	49435
/hi/about-us/departments/analytical-research-development-ar-d/expression-of-interest-eoi-for-verification-testing-of-indian-pharmacopoeia-ip-monographs.html	html	hi	T2-article-detail	Expression of Interest (EoI) for Verification/Testing of Indian Pharmacopoeia (IP) Monographs - Indian Pharmacopoeia Commission	50689
/hi/about-us/departments/quality-assurance/accreditation-certification.html	html	hi	T2-article-detail	Accreditation &amp; Certification - Indian Pharmacopoeia Commission	50141
/hi/about-us/departments/quality-assurance/expression-of-interest-eoi-form-for-the-testing-laboratories-to-validate-the-ip-reference-substances-iprs.html	html	hi	T2-article-detail	Expression of Interest (EOI) form for the testing laboratories to validate the IP Reference Substances (IPRS) - Indian Pharmacopoeia Commission	51284
/hi/about-us/departments/quality-assurance/other-activities.html	html	hi	T2-article-detail	Other Activities - Indian Pharmacopoeia Commission	49899
/hi/about-us/departments/quality-assurance/overview-of-quality-assurance-department.html	html	hi	T2-article-detail	Quality Manual of the IP Commission - Indian Pharmacopoeia Commission	49993
/hi/about-us/departments/quality-assurance/proficiency-testing-division.html	html	hi	T2-article-detail	Proficiency Testing Division - Indian Pharmacopoeia Commission	53212
/hi/about-us/departments/quality-assurance/proficiency-testing-division/10-news-highlights-en/735-pt-schedule-2020.html	html	hi	T2-article-detail	PT Schedule 2020 - Indian Pharmacopoeia Commission	50020
/hi/about-us/departments/quality-assurance/training-skill-development.html	html	hi	T2-article-detail	Training &amp; Skill Development - Indian Pharmacopoeia Commission	49732
/hi/component/search/	html	hi	T6-search-results	खोज - Indian Pharmacopoeia Commission	48229
/hi/component/search/csrf.token	html	hi	T6-search-results	खोज - Indian Pharmacopoeia Commission	48365
/hi/component/search/system.paths	html	hi	T6-search-results	खोज - Indian Pharmacopoeia Commission	49504
/hi/e-services/ip-online.html	html	hi	T2-article-detail	IP Online - Indian Pharmacopoeia Commission	48766
/hi/employees-corner/application-forms.html	html	hi	T2-article-detail	Application &amp; Forms - Indian Pharmacopoeia Commission	58001
/hi/mandates/indian-pharmacopoeia/guidance-documents-for-stakeholders.html	html	hi	T2-article-detail	Guidance Documents for Stakeholders - Indian Pharmacopoeia Commission	58165
/hi/mandates/indian-pharmacopoeia/indian-pharmacopoeia-2022.html	html	hi	T2-article-detail	Indian Pharmacopoeia 2022 - Indian Pharmacopoeia Commission	49864
/hi/mandates/indian-pharmacopoeia/indian-pharmacopoeia-2022/10-news-highlights-en/1012-clarification-of-ip-general-chapter-2-5-4-i-uniformity-of-dosage-units.html	html	hi	T2-article-detail	Clarification of IP General Chapter 2.5.4 (i). Uniformity of Dosage Units - Indian Pharmacopoeia Commission	50495
/hi/mandates/indian-pharmacopoeia/indian-pharmacopoeia-2022/8-category-en/1018-release-of-indian-pharmacopoeia-ip-2022.html	html	hi	T2-article-detail	Release of Indian Pharmacopoeia (IP-2022) - Indian Pharmacopoeia Commission	50025
/hi/mandates/materiovigilance-programme-of-india-mvpi/mah-enrolment-form.html	html	hi	T2-article-detail	MAH Enrolment form - Indian Pharmacopoeia Commission	52318
/hi/mandates/national-formulary-of-india-nfi/list-of-ip-phytochemical-reference-substances-available-at-ipc,-ghaziabad.html	html	hi	T2-article-detail	List of IP Phytochemical Reference Substances available at IPC, Ghaziabad - Indian Pharmacopoeia Commission	49744
/hi/mandates/nfi/nfi-monograph-chapter-appendices-development-checklist-version-1.html	html	hi	T2-article-detail	NFI Monograph/Chapter/Appendices Development Checklist (Version 1) - Indian Pharmacopoeia Commission	49598
/hi/mandates/nfi/procurement-of-nfi-2021.html	html	hi	T2-article-detail	Procurement of NFI 2021 - Indian Pharmacopoeia Commission	49244
/hi/mandates/nfi/release-of-national-formulary-of-india-2021.html	html	hi	T2-article-detail	Release of National Formulary of India 2021 - Indian Pharmacopoeia Commission	51470
/hi/monograph-inclusion-request-form.html	html	hi	T7-contact-directory	Monograph Inclusion Request Form - Indian Pharmacopoeia Commission	57798
/hi/monograph-inclusion-request-form/submissions.html	html	hi	T7-contact-directory	Monograph Inclusion Request Form - Indian Pharmacopoeia Commission	57822
/hi/news-archive.feed	html	hi	T4-category-list	News Archive - Indian Pharmacopoeia Commission	56902
/hi/news-archive.html	html	hi	T4-category-list	News Archive - Indian Pharmacopoeia Commission	56902
/hi/news-archive/1000-ncc-mvpi,-ipc-in-association-with-national-institute-of-mental-health-neuro-sciences-nimhans-,-bengaluru-is-organizing-a-national-conference-entitled-%E2%80%9Cmanagement-ensuring-safety-of-medical-devices%E2%80%9D-at-nimhans-convection-centre,-bengaluru-on-july-09,-2022.html	html	hi	T2-article-detail	NCC-MvPI, IPC in association with National Institute of Mental Health &amp; Neuro Sciences (NIMHANS), Bengaluru is organizing a National Conference entitled “Management &amp; Ensuring Safety of Medical Devices” at NIMHANS convection centre, Bengaluru on July 09, - Indian Pharmacopoeia Commission	50873
/hi/news-archive/1000-ncc-mvpi,-ipc-in-association-with-national-institute-of-mental-health-neuro-sciences-nimhans-,-bengaluru-is-organizing-a-national-conference-entitled-“management-ensuring-safety-of-medical-devices”-at-nimhans-convection-centre,-bengaluru-on-july-09,-2022.html	html	hi	T2-article-detail	NCC-MvPI, IPC in association with National Institute of Mental Health &amp; Neuro Sciences (NIMHANS), Bengaluru is organizing a National Conference entitled “Management &amp; Ensuring Safety of Medical Devices” at NIMHANS convection centre, Bengaluru on July 09, - Indian Pharmacopoeia Commission	50873
/hi/news-archive/1001-vacancy-circular-for-jr-pharmacovigilance-associate-vacant-posts-purely-on-contract-basis-at-indian-pharmacopoeia-commission-ipc.html	html	hi	T2-article-detail	Vacancy circular for Jr. Pharmacovigilance Associate vacant posts purely on contract basis at Indian Pharmacopoeia Commission (IPC) - Indian Pharmacopoeia Commission	53287
/hi/news-archive/1002-ncc-mvpi,-ipc-in-organizing-a-workshop-entitled-%E2%80%9Ckey-role-of-in-vitro-diagnostic-medical-device-stakeholders-in-materiovigilance-programme-of-india%E2%80%9D-at-ipc,-ghaziabad-on-july-22,-2022.html	html	hi	T2-article-detail	NCC-MvPI, IPC is organizing a workshop entitled “Key Role of in-vitro diagnostic medical device stakeholders in Materiovigilance Programme of India” at IPC, Ghaziabad on July 22, 2022. - Indian Pharmacopoeia Commission	50810
/hi/news-archive/1002-ncc-mvpi,-ipc-in-organizing-a-workshop-entitled-“key-role-of-in-vitro-diagnostic-medical-device-stakeholders-in-materiovigilance-programme-of-india”-at-ipc,-ghaziabad-on-july-22,-2022.html	html	hi	T2-article-detail	NCC-MvPI, IPC is organizing a workshop entitled “Key Role of in-vitro diagnostic medical device stakeholders in Materiovigilance Programme of India” at IPC, Ghaziabad on July 22, 2022. - Indian Pharmacopoeia Commission	50810
/hi/news-archive/1003-ipc-updates.html	html	hi	T2-article-detail	Press Note on Recognition of Indian Pharmacopoeia in Foreign Countries - Indian Pharmacopoeia Commission	49162
/hi/news-archive/1004-call-for-experts-join-subject-expert-committee-of-materiovigilance-programme-of-india.html	html	hi	T2-article-detail	Call for Experts: Join subject Expert Committee of Materiovigilance programme of India - Indian Pharmacopoeia Commission	50211
/hi/news-archive/1005-procedure-for-purchasing-ip-2022-via-online-mode-for-ip-conference-2022-attendees-industry-and-accademia-only.html	html	hi	T2-article-detail	Procedure for Purchasing IP 2022 via Online Mode- For IP conference 2022 attendees (Industry and Accademia) Only - Indian Pharmacopoeia Commission	50338
/hi/news-archive/1006-application-are-invited-for-the-22nd-skill-development-programme-on-pharmacovigilance-for-medical-products.html	html	hi	T2-article-detail	Application are invited for the 22nd Skill Development Programme On Pharmacovigilance for Medical Products - Indian Pharmacopoeia Commission	52028
/hi/news-archive/1007-awareness-programme-on-9th-edition-of-indian-pharmacopoeia-ip-2022-indian-pharmacopoeia-reference-substance-iprs-bengaluru-on-friday,-26th-august-2022-timing-10-00-am%E2%80%9404-30-pm.html	html	hi	T2-article-detail	AWARENESS PROGRAMME ON 9th EDITION OF INDIAN PHARMACOPOEIA (IP-2022) &amp; INDIAN PHARMACOPOEIA REFERENCE SUBSTANCE (IPRS) @ BENGALURU on Friday, 26th August 2022 Timing: 10:00 AM—04:30 PM - Indian Pharmacopoeia Commission	51645
/hi/news-archive/1007-awareness-programme-on-9th-edition-of-indian-pharmacopoeia-ip-2022-indian-pharmacopoeia-reference-substance-iprs-bengaluru-on-friday,-26th-august-2022-timing-10-00-am—04-30-pm.html	html	hi	T2-article-detail	AWARENESS PROGRAMME ON 9th EDITION OF INDIAN PHARMACOPOEIA (IP-2022) &amp; INDIAN PHARMACOPOEIA REFERENCE SUBSTANCE (IPRS) @ BENGALURU on Friday, 26th August 2022 Timing: 10:00 AM—04:30 PM - Indian Pharmacopoeia Commission	51645
/hi/news-archive/1008-applications-are-invited-for-the-following-vacant-post-purely-on-contract-basis-at-indian-pharmacopoeia-commission-ipc-,-an-autonomous-organization-under-the-ministry-of-health-family-welfare,-ghaziabad,-through-manpower-resource-outsourcing-services-providing-agency-3.html	html	hi	T2-article-detail	Applications are invited for the IT Associate post purely on contract basis at Indian Pharmacopoeia Commission (IPC), an Autonomous organization under the Ministry of Health &amp; Family Welfare, Ghaziabad, through Manpower Resource Outsourcing Services - Indian Pharmacopoeia Commission	58262
/hi/news-archive/1012-clarification-of-ip-general-chapter-2-5-4-i-uniformity-of-dosage-units.html	html	hi	T2-article-detail	Clarification of IP General Chapter 2.5.4 (i). Uniformity of Dosage Units - Indian Pharmacopoeia Commission	49672
/hi/news-archive/1013-indian-pharmacopoeia-commission-ghaziabad-celebrates-the-azadi-ka-amrit-mahotsav,-76thindependence-day-of-india.html	html	hi	T2-article-detail	Indian Pharmacopoeia Commission-Ghaziabad celebrates the Azadi ka Amrit Mahotsav, 76thIndependence Day of India. - Indian Pharmacopoeia Commission	50268
/hi/news-archive/1014-05-new-ip-reference-substance-launched.html	html	hi	T2-article-detail	05 New IP Reference Substance Launched - Indian Pharmacopoeia Commission	48930
/hi/news-archive/1015-07-new-ip-impurity-reference-substance-launched.html	html	hi	T2-article-detail	07 New IP Impurity Reference Substance Launched - Indian Pharmacopoeia Commission	48996
/hi/news-archive/1016-applications-are-invited-for-jr-materiovigilance-associate.html	html	hi	T2-article-detail	Applications are invited for Jr. Materiovigilance Associate - Indian Pharmacopoeia Commission	49175
/hi/news-archive/1017-applications-are-invited-for-filling-up-of-the-four-posts-upper-division-clerk-through-deputation-including-short-term-contract-basis.html	html	hi	T2-article-detail	Applications are invited for filling up of the four posts Upper Division Clerk through Deputation (including short term contract) basis. - Indian Pharmacopoeia Commission	49490
/hi/news-archive/1019-information-brochure-of-webinar-on-utilization-of-vigiflow-vigilyze-ensuring-quality-of-icsrs-and-signal-detection.html	html	hi	T2-article-detail	Information Brochure of Webinar on &quot; Utilization of VigiFlow &amp; VigiLyze-Ensuring Quality of ICSRs and Signal Detection&quot; - Indian Pharmacopoeia Commission	50284
/hi/news-archive/1023-minutes-of-49th-meeting-of-the-scientific-body-of-ipc.html	html	hi	T2-article-detail	Minutes of 49th Meeting of The Scientific Body of IPC - Indian Pharmacopoeia Commission	49089
/hi/news-archive/1026-new-chemical-monographs-for-stakeholders-comments.html	html	hi	T2-article-detail	New chemical monographs for stakeholders comments - Indian Pharmacopoeia Commission	49038
/hi/news-archive/1027-new-veterinary-chemical-monographs-for-stakeholder-comments.html	html	hi	T2-article-detail	New veterinary chemical monographs for stakeholder comments - Indian Pharmacopoeia Commission	49082
/hi/news-archive/1034-link-for-pre-bid-meeting-against-ipc-tender-no-ipc-5522-2022-23-for-supply-of-102-nos-of-impurity-at-ipc.html	html	hi	T2-article-detail	Link for Pre-Bid Meeting on 20th Sept. 2022, 03:00 PM against IPC Tender No. IPC/5522/2022-23 for supply of 102 Nos. of Impurity - Indian Pharmacopoeia Commission	51064
/hi/news-archive/1036-indian-pharmacopoeia-commission-launches-15-new-ip-impurities-substance.html	html	hi	T2-article-detail	Indian Pharmacopoeia Commission launches 15 New IP Impurities Substance. - Indian Pharmacopoeia Commission	49152
/hi/news-archive/1038-result-of-e-poster-animation-video-competition-during-the-2nd-npw-celebration-held-from-17th-23rd-september-2022.html	html	hi	T2-article-detail	Result of E-Poster &amp; Animation/Video Competition during the 2nd NPW Celebration held from 17th-23rd September 2022 - Indian Pharmacopoeia Commission	49416
/hi/news-archive/1040-link-for-pre-bid-meeting-on-11th-oct-2022,-11-30-am-against-ipc-tender-no-ipc-5522-2022-23-for-supply-of-102-nos-of-impurity.html	html	hi	T2-article-detail	Link for Pre-Bid Meeting on 11th Oct. 2022, 11:30 AM against IPC Tender No. IPC/5522/2022-23 for supply of 102 Nos. of Impurity - Indian Pharmacopoeia Commission	51897
/hi/news-archive/1041-rolling-advertisement-for-recruitment-of-%20jr-pharmacovigilance-associate-at-pharmacovigilance-programme-of-india,-indian-pharmacopoeia-commission,-ghaziabad.html	html	hi	T2-article-detail	ROLLING ADVERTISEMENT FOR RECRUITMENT OF Jr PHARMACOVIGILANCE ASSOCIATE AT PHARMACOVIGILANCE PROGRAMME OF INDIA, INDIAN PHARMACOPOEIA COMMISSION, GHAZIABAD - Indian Pharmacopoeia Commission	54189
/hi/news-archive/1047-ipc-in-association-with-govt-pharmacy-college-sajong,-sikkim-is-organizing-a-national-conference-on-strengthening-of-medical-products-safety-surveillance-system-in-north-eastern-states-of-india-at-govt-pharmacy-college-sajong,-sikkim-on-oct-19,-2022.html	html	hi	T2-article-detail	IPC in association with Govt. Pharmacy College Sajong, Sikkim is organizing a National Conference on &quot;Strengthening of Medical Products Safety Surveillance System in North Eastern States of India&quot; at Govt. Pharmacy College Sajong, Sikkim on Oct 19, 2022. - Indian Pharmacopoeia Commission	51097
/hi/news-archive/1048-ipc-in-association-with-ruby-hall-clinic,-pune-is-organizing-a-national-conference-on-%E2%80%9Cstrengthening-medical-product-safety-surveillance%E2%80%9D-on-november-12,-2022-at-sheraton-grand-hotel,-bund-garden-road,-pune-411001.html	html	hi	T2-article-detail	IPC in association with Ruby Hall Clinic, Pune is organizing a national conference on “Strengthening Medical Product Safety Surveillance” on November 12, 2022 at Sheraton Grand Hotel, Bund Garden Road, Pune- 411001 - Indian Pharmacopoeia Commission	50249
/hi/news-archive/1048-ipc-in-association-with-ruby-hall-clinic,-pune-is-organizing-a-national-conference-on-“strengthening-medical-product-safety-surveillance”-on-november-12,-2022-at-sheraton-grand-hotel,-bund-garden-road,-pune-411001.html	html	hi	T2-article-detail	IPC in association with Ruby Hall Clinic, Pune is organizing a national conference on “Strengthening Medical Product Safety Surveillance” on November 12, 2022 at Sheraton Grand Hotel, Bund Garden Road, Pune- 411001 - Indian Pharmacopoeia Commission	50249
/hi/news-archive/1076-invitation-of-bids-for-hiring-of-security-manpower-agency-for-providing-security-personnel-i-e-security-supervisor,-gunmen-security-guards-in-ipc,-sector-23,-raj-nagar,-ghaziabad-201002-up.html	html	hi	T2-article-detail	Invitation of BIDs for Hiring of Security Manpower Agency for providing Security Personnel (i.e. Security Supervisor, Gunmen &amp; Security Guards) in IPC, Sector-23, Raj Nagar, Ghaziabad-201002 (UP). - Indian Pharmacopoeia Commission	49934
/hi/news-archive/1173-recognition-of-the-indian-pharmacopoeia-ip-2022-by-republic-of-suriname.html	html	hi	T2-article-detail	Recognition of the Indian Pharmacopoeia (IP-2022) by Republic of Suriname - Indian Pharmacopoeia Commission	50477
/hi/news-archive/1229-national-formulary-of-india-nfi-2021-amendment-errata-list-s.html	html	hi	T2-article-detail	National Formulary of India (NFI) 2021- Amendment/Errata List(s) - Indian Pharmacopoeia Commission	49152
/hi/news-archive/1241-01-one-post-ur-on-direct-recruitment-basis,-of-senior-scientific-officer-in-indian-pharmacopoeia-commission-through-advertisement-no-employment-news-11-45-dated-10-16-june,-2023.html	html	hi	T2-article-detail	01 (one) post (UR) on direct recruitment basis, of Senior Scientific Officer in Indian Pharmacopoeia Commission through advertisement No. Employment News 11/45 dated 10-16 June, 2023. - Indian Pharmacopoeia Commission	49752
/hi/news-archive/1242-02-two-post-ur-on-direct-recruitment-basis,-of-senior-principal-scientific-officer-in-indian-pharmacopoeia-commission-through-advertisement-no-employment-news-11-45-dated-10-16-june,-2023.html	html	hi	T2-article-detail	02 (two) post (UR) on direct recruitment basis, of Senior Principal Scientific Officer in Indian Pharmacopoeia Commission through Advertisement No. Employment News 11/45 dated 10-16 June, 2023. - Indian Pharmacopoeia Commission	49814
/hi/news-archive/1245-vacancy-circular-for-the-post-of-sr-pharmacovigilance-associate.html	html	hi	T2-article-detail	Vacancy circular for the post of Sr. Pharmacovigilance Associate - Indian Pharmacopoeia Commission	49612
/hi/news-archive/1295-call-for-application-for-one-month-training-in-pharmacovigilance-at-ncc-pvpi,-ipc.html	html	hi	T2-article-detail	Call for application for one month training in Pharmacovigilance at NCC-PvPI, IPC - Indian Pharmacopoeia Commission	50026
/hi/news-archive/1296-indian-pharmacopoeia-commission-%E2%80%93-materiovigilance-programme-of-india-ipc-mvpi-as-certification-body-for-icmed-9000-and-icmed-13485.html	html	hi	T2-article-detail	Indian Pharmacopoeia Commission – Materiovigilance Programme of India (IPC-MvPI) as Certification Body for ICMED 9000 and ICMED 13485 - Indian Pharmacopoeia Commission	50274
/hi/news-archive/1296-indian-pharmacopoeia-commission-–-materiovigilance-programme-of-india-ipc-mvpi-as-certification-body-for-icmed-9000-and-icmed-13485.html	html	hi	T2-article-detail	Indian Pharmacopoeia Commission – Materiovigilance Programme of India (IPC-MvPI) as Certification Body for ICMED 9000 and ICMED 13485 - Indian Pharmacopoeia Commission	50274
/hi/news-archive/1298-national-coordination-centre-for-pharmacovigilance-programme-of-india,-indian-pharmacopoeia-commission-invites-applications-for-the-upcoming-30th-skill-development-programme.html	html	hi	T2-article-detail	National Coordination Centre for Pharmacovigilance Programme of India, Indian Pharmacopoeia Commission invites applications for the upcoming 30th Skill Development Programme - Indian Pharmacopoeia Commission	50070
/hi/news-archive/1317-ncc,-pvpi-is-celebrating-4th-national-pharmacovigilance-week-from-17th-to-23rd-september-2024.html	html	hi	T2-article-detail	NCC, PvPI is celebrating 4th National Pharmacovigilance Week from 17th to 23rd September 2024. - Indian Pharmacopoeia Commission	51252
/hi/news-archive/1325-empanelment-of-vendors-suppliers-for-supply-of-newspapers-and-magazines-to-the-indian-pharmacopoeia-commission-ipc-library,-ghaziabad,-u-p.html	html	hi	T2-article-detail	Empanelment of vendors/ suppliers for supply of Newspapers and Magazines to the Indian Pharmacopoeia Commission (IPC) Library, Ghaziabad, U.P. - Indian Pharmacopoeia Commission	49938
/hi/news-archive/1358-public-auction-for-the-old-and-obsolete-items-at-ipc,-ghaziabad.html	html	hi	T2-article-detail	Public Auction for the Old and obsolete Items at IPC, Ghaziabad - Indian Pharmacopoeia Commission	49149
/hi/news-archive/1399-ipc-expands-helpline-number-1800-180-3024-multilingual-ivr-system.html	html	hi	T2-article-detail	IPC Expands Helpline Number 1800-180-3024- Multilingual IVR System - Indian Pharmacopoeia Commission	52038
/hi/news-archive/1400-notice-regarding-change-of-venue-for-the-written-examination-for-the-post-of-scientific-assistant-scheduled-to-be-held-on-13-09-2025.html	html	hi	T2-article-detail	Notice regarding change of Venue for the Written Examination for the post of Scientific Assistant scheduled to be held on 13.09.2025 - Indian Pharmacopoeia Commission	49630
/hi/news-archive/574-guidance-document-materiovigilance-programme-of-india-version-1-1.html	html	hi	T2-article-detail	Guidance Document: Materiovigilance Programme of India (version 1.1) - Indian Pharmacopoeia Commission	49974
/hi/news-archive/580-1st-ipc-interactive-meet-on-pharmacopoeia-standards-regulatory-and-quality-considerations.html	html	hi	T2-article-detail	1st IPC Interactive Meet on Pharmacopoeia Standards Regulatory and Quality Considerations - Postponed - Indian Pharmacopoeia Commission	51192
/hi/news-archive/595-notice-regarding-usual-strength-of-pioglitazone-and-metformin.html	html	hi	T2-article-detail	Notice regarding Usual Strength of Pioglitazone and Metformin - Indian Pharmacopoeia Commission	50188
/hi/news-archive/605-amendment-list-003-to-ip-2018.html	html	hi	T2-article-detail	Amendment list 003 to IP-2018 - Indian Pharmacopoeia Commission	49978
/hi/news-archive/609-draft-amendments-to-ip-2018-for-stakeholder%E2%80%99s-comments.html	html	hi	T2-article-detail	Draft Amendments to IP 2018 for stakeholder’s comments - Indian Pharmacopoeia Commission	49104
/hi/news-archive/609-draft-amendments-to-ip-2018-for-stakeholder’s-comments.html	html	hi	T2-article-detail	Draft Amendments to IP 2018 for stakeholder’s comments - Indian Pharmacopoeia Commission	49104
/hi/news-archive/610-message-of-the-secretary-cum-scientific-director-on-the-10th-anniversary-of-ipc.html	html	hi	T2-article-detail	Message of the Secretary-cum-Scientific Director on the 10th Anniversary of IPC - Indian Pharmacopoeia Commission	49974
/hi/news-archive/620-draft-amendments-to-ip-2018-for-stakeholder%E2%80%99s-comments-updated-on-18-03-2019.html	html	hi	T2-article-detail	Draft Amendments to IP 2018 for stakeholder’s comments (Updated on-18.03.2019) - Indian Pharmacopoeia Commission	49327
/hi/news-archive/620-draft-amendments-to-ip-2018-for-stakeholder’s-comments-updated-on-18-03-2019.html	html	hi	T2-article-detail	Draft Amendments to IP 2018 for stakeholder’s comments (Updated on-18.03.2019) - Indian Pharmacopoeia Commission	49327
/hi/news-archive/624-draft-monographs-for-comments-from-stakeholder-s.html	html	hi	T2-article-detail	Draft Monographs for Comments from Stakeholder's - Indian Pharmacopoeia Commission	49579
/hi/news-archive/634-draft-monograph-of-phyto.html	html	hi	T2-article-detail	Draft General Chapters of Pharmaceuticals for comments - Indian Pharmacopoeia Commission	49455
/hi/news-archive/636-medical-device-adverse-event-reporting-form-version-1-1%20-editable-version.html	html	hi	T2-article-detail	Medical Device Adverse Event Reporting form version 1.1 (Editable version) - Indian Pharmacopoeia Commission	49275
/hi/news-archive/640-pvpi-recommendations-to-regulators.html	html	hi	T2-article-detail	PvPI recommendations to Regulators - Indian Pharmacopoeia Commission	49409
/hi/news-archive/641-walk-in-interview-for-the-post-of-pharmacopoeia-consultant-02.html	html	hi	T2-article-detail	WALK-IN INTERVIEW for the post of Pharmacopoeia Consultant-02 - Indian Pharmacopoeia Commission	49119
/hi/news-archive/642-cancellation-of-the-advertisement-for-various-posts-published-in-employment-news-dated-07-13-march-2015.html	html	hi	T2-article-detail	Cancellation of the advertisement for various posts published in Employment News dated 07-13 March 2015. - Indian Pharmacopoeia Commission	49396
/hi/news-archive/647-ip-addendum-2019-to-ip-2018-is-available-for-sale-from-ipc-secretariat-and-its-distributors.html	html	hi	T2-article-detail	Indian Pharmacopoeia 2018 Addendum 2019 is available for sale from IPC and its distributors. - Indian Pharmacopoeia Commission	54328
/hi/news-archive/650-filling-up-for-various-scientific-administrative-vacant-posts-year-2019.html	html	hi	T2-article-detail	Filling-up for various Scientific &amp; Administrative vacant posts (year 2019) - Indian Pharmacopoeia Commission	49381
/hi/news-archive/652-salient-features-of-addendum-2019-to-ip-2018.html	html	hi	T2-article-detail	Salient Features of Addendum 2019 to IP 2018 - Indian Pharmacopoeia Commission	50227
/hi/news-archive/654-release-of-addendum-2019-to-indian-pharmacopoeia-2018.html	html	hi	T2-article-detail	Release of Addendum 2019 to Indian Pharmacopoeia 2018 - Indian Pharmacopoeia Commission	49051
/hi/news-archive/655-recognition-of-indian-pharmacopoeia-by-flda-ghana.html	html	hi	T2-article-detail	Recognition of Indian Pharmacopoeia by FDA Ghana - Indian Pharmacopoeia Commission	49158
/hi/news-archive/656-draft-guidance-manual-for-compliance-of-indian-pharmacopoeia%E2%80%9D-2nd-edition,-for-stakeholder%E2%80%99s-comments-suggestions.html	html	hi	T2-article-detail	Draft Guidance Manual for Compliance of Indian Pharmacopoeia” 2nd edition, for stakeholder’s Comments/Suggestions - Indian Pharmacopoeia Commission	49767
/hi/news-archive/656-draft-guidance-manual-for-compliance-of-indian-pharmacopoeia”-2nd-edition,-for-stakeholder’s-comments-suggestions.html	html	hi	T2-article-detail	Draft Guidance Manual for Compliance of Indian Pharmacopoeia” 2nd edition, for stakeholder’s Comments/Suggestions - Indian Pharmacopoeia Commission	49767
/hi/news-archive/665-notice-regarding-new-official-email-id.html	html	hi	T2-article-detail	Notice regarding new official email - Indian Pharmacopoeia Commission	50566
/hi/news-archive/67-pharmacovigilance-skill-development-programme.html	html	hi	T2-article-detail	25th Skill Development Programme on Pharmacovigilance for Medical Products - Indian Pharmacopoeia Commission	51384
/hi/news-archive/683-1st-stakeholders-national-consultation-meeting-of-standing-national-committee-on-medicine-sncm.html	html	hi	T2-article-detail	1st Stakeholders National Consultation meeting of Standing National Committee on Medicine (SNCM) - Indian Pharmacopoeia Commission	49422
/hi/news-archive/684-achievements-of-the-scientific-body-since-inception-of-ipc-2005-2019.html	html	hi	T2-article-detail	Outcome of the Scientific Body Since Inception of IPC (2005-2019) - Indian Pharmacopoeia Commission	49120
/hi/news-archive/687-stakeholders-meeting-on-phytopharmaceutical-drugs-monograph-development.html	html	hi	T2-article-detail	Stakeholders Meeting on Phytopharmaceutical Drugs Monograph Development - Indian Pharmacopoeia Commission	50467
/hi/news-archive/691-draft-of-revised-allergen-products-monograph.html	html	hi	T2-article-detail	Draft of revised Allergen products Monograph - Indian Pharmacopoeia Commission	49016
/hi/news-archive/694-appointment-of-secretary-cum-scientific-director,-indian-pharmacopoeia-commission-2.html	html	hi	T2-article-detail	Appointment of Secretary-cum-Scientific Director, Indian Pharmacopoeia Commission - Indian Pharmacopoeia Commission	49274
/hi/news-archive/699-toll-free-no-pvpi.html	html	hi	T2-article-detail	Toll Free No. PvPI - Indian Pharmacopoeia Commission	48854
/hi/news-archive/700-notice-for-effective-date-of-ip-addendum-2019.html	html	hi	T2-article-detail	Notice for Effective Date of IP Addendum 2019 - Indian Pharmacopoeia Commission	49408
/hi/news-archive/701-pt-notification.html	html	hi	T2-article-detail	PT Notification - Indian Pharmacopoeia Commission	49716
/hi/news-archive/702-advertisement-notice.html	html	hi	T2-article-detail	Advertisement Notice - Indian Pharmacopoeia Commission	48924
/hi/news-archive/703-vigilance-awareness-week-2019.html	html	hi	T2-article-detail	Vigilance Awareness Week 2019 - Indian Pharmacopoeia Commission	49046
/hi/news-archive/706-amendments-in-vaccines-immunosera-for-human-use-monographs,-biotechnology-derived-therapeutic-product-monograph-and-general-chapters-in-ip-2018.html	html	hi	T2-article-detail	Draft amendments in Vaccines &amp; Immunosera for human use Monographs, Biotechnology derived therapeutic product monograph and general chapters in IP 2018 for stakeholders comments - Indian Pharmacopoeia Commission	51875
/hi/news-archive/708-stakeholders-suggestions-comments-on-general-chapters-for-powder-microscopy.html	html	hi	T2-article-detail	Stakeholder’s comments/suggestions are invited on General chapters for Powder Microscopy - Indian Pharmacopoeia Commission	51425
/hi/news-archive/711-general-notice-for-phytopharmaceutical-ingredient-ppi-category-monograph-in-indian-pharmacopoeia.html	html	hi	T2-article-detail	General notice for Phytopharmaceutical Ingredient (PPI) Category Monograph in Indian Pharmacopoeia - Indian Pharmacopoeia Commission	54780
/hi/news-archive/712-press-note-on-recognition-of-indian-pharmacopoeia-in-afghanistan.html	html	hi	T2-article-detail	Press Note On Recognition Of Indian Pharmacopoeia In Afghanistan - Indian Pharmacopoeia Commission	49696
/hi/news-archive/720-12th-foundation-day-celebration-of-indian-pharmacopoeia-commission.html	html	hi	T2-article-detail	12th Foundation Day Celebration of Indian Pharmacopoeia Commission - Indian Pharmacopoeia Commission	54109
/hi/news-archive/722-6th-asia-pacific-pv-training-programme.html	html	hi	T2-article-detail	6th Asia-Pacific PV Training Programme - Indian Pharmacopoeia Commission	48992
/hi/news-archive/724-skill-development-programme-on-pharmacopoeial-standards-for-pharmacovigilance-for-medical-products-pvm-2020.html	html	hi	T2-article-detail	Skill Development Programme on Pharmacovigilance for Medical Products (PvM)- 2020 - Indian Pharmacopoeia Commission	50142
/hi/news-archive/726-release-of-annual-report-2018-19-of-ipc-and-annual-performance-report-2018-19-of-pharmacovigilance-programme-of-india-pvpi-at-nirman-bhawan,-new-delhi-on-21-01-2020.html	html	hi	T2-article-detail	Release of Annual Report 2018-19 of IPC and Annual Performance Report 2018-19 of Pharmacovigilance Programme of India (PvPI) at Nirman Bhawan, New Delhi on 21.01.2020 - Indian Pharmacopoeia Commission	50775
/hi/news-archive/729-pvpi-training-calender-2020.html	html	hi	T2-article-detail	PvPI Training Calender 2021 - Indian Pharmacopoeia Commission	49596
/hi/news-archive/733-draft-generalchapter.html	html	hi	T2-article-detail	Draft General Chapter - Indian Pharmacopoeia Commission	54143
/hi/news-archive/734-inauguration-of-6th-asia-pacific-pharmacovigilance-training-course.html	html	hi	T2-article-detail	Press Release on Inauguration of 6th Asia-Pacific Pharmacovigilance Training Course - Indian Pharmacopoeia Commission	53366
/hi/news-archive/735-pt-schedule-2020.html	html	hi	T2-article-detail	PT Schedule 2020 - Indian Pharmacopoeia Commission	48828
/hi/news-archive/736-indian-pharmacopoeia-commission-has-newly-added-19-system-suitability-quantitative-impurities-for-the-use-of-stakeholders.html	html	hi	T2-article-detail	Indian Pharmacopoeia Commission has newly added 19 system suitability/Quantitative impurities for the use of stakeholders - Indian Pharmacopoeia Commission	57136
/hi/news-archive/737-amendment-list-004-to-ip-2018.html	html	hi	T2-article-detail	Amendment list 004 to IP-2018 - Indian Pharmacopoeia Commission	50108
/hi/news-archive/738-notice-for-compliance-of-ip,-ip-addendum-and-amendment-list.html	html	hi	T2-article-detail	Notice for Compliance of IP, IP Addendum and Amendment list - Indian Pharmacopoeia Commission	49846
/hi/news-archive/741-notice-postponed-meeting-of-%E2%80%98expert-working-group-along-with-stakeholders-veterinary-biologicals%E2%80%99-on-23rdmarch-2020-and-%E2%80%98expert-working-group-along-with-stakeholders-veterinary-pharmaceuticals%E2%80%99-on-24th-march-2020-at-ipc,-ghaziabad.html	html	hi	T2-article-detail	Notice on Postponed Meeting of ‘Expert working group along with Stakeholders -Veterinary Biologicals’ on 23rdMarch 2020 and ‘Expert working group along with Stakeholders Veterinary pharmaceuticals’ on 24th March 2020 at IPC, Ghaziabad - Indian Pharmacopoeia Commission	50449
/hi/news-archive/741-notice-postponed-meeting-of-‘expert-working-group-along-with-stakeholders-veterinary-biologicals’-on-23rdmarch-2020-and-‘expert-working-group-along-with-stakeholders-veterinary-pharmaceuticals’-on-24th-march-2020-at-ipc,-ghaziabad.html	html	hi	T2-article-detail	Notice on Postponed Meeting of ‘Expert working group along with Stakeholders -Veterinary Biologicals’ on 23rdMarch 2020 and ‘Expert working group along with Stakeholders Veterinary pharmaceuticals’ on 24th March 2020 at IPC, Ghaziabad - Indian Pharmacopoeia Commission	50449
/hi/news-archive/742-workshop-cum-training-programme-on-pharmacovigilance-for-nabh-accredited-hospitals-of-chennai-region-on%208-th-%20april-2020,%20at%20department-of-pharmacology,-govt-stanley-medical-college,-chennai.html	html	hi	T2-article-detail	Workshop-cum-Training Programme on Pharmacovigilance for NABH Accredited Hospitals of Chennai region on 8th April 2020, at Department of Pharmacology, Govt. Stanley Medical College, Chennai. - Indian Pharmacopoeia Commission	50099
/hi/news-archive/746-postponement-of-15th-skill-development-programme-on-pharmacovigilance-for-medical-products-scheduled-on-23-27-march-2020-at-ipc,-ghaziabad-has-been-postponed-due-to-the-novel-corona-virus-covid-19-outbreak-till-further-notice.html	html	hi	T2-article-detail	Postponement of 15th Skill Development Programme on Pharmacovigilance for Medical Products scheduled on 23-27 March 2020 at IPC, Ghaziabad has been postponed due to the Novel Coronavirus (COVID-19) outbreak till further notice. - Indian Pharmacopoeia Commission	50217
/hi/news-archive/747-postponement-of-workshop-cum-training-programme-on-pharmacovigilance-for-nabh-accredited-hospitals-of-chennai-region-scheduled-on-8th-april-2020,-at-department-of-pharmacology,-govt-stanley-medical-college,-chennai-has-been-postponed-due-to-the-novel-corona-virus-covid-19-outbreak-till-further-notice.html	html	hi	T2-article-detail	Postponement of Workshop-cum-Training Programme on Pharmacovigilance for NABH Accredited Hospitals of Chennai region scheduled on 8th April 2020, at Department of Pharmacology, Govt. Stanley Medical College, Chennai - Indian Pharmacopoeia Commission	50436
/hi/news-archive/748-advisiory-for-reporting-adrs-due-to-hydroxychloroquine-in-covid-19.html	html	hi	T2-article-detail	Advisory for Reporting ADRs due to Hydroxychloroquine in COVID-19 - Indian Pharmacopoeia Commission	49181
/hi/news-archive/749-corrigendum-for-ammendment-list-004-to-ip-2018.html	html	hi	T2-article-detail	Corrigendum for amendment list-001 to IP 2022 - Indian Pharmacopoeia Commission	49349
/hi/news-archive/750-covid-19-updates.html	html	hi	T2-article-detail	COVID-19 Updates - Indian Pharmacopoeia Commission	52887
/hi/news-archive/751-notice-to-all-the-stakeholders-of-ipc-regarding-novel-coronavirus-disease-covid-19.html	html	hi	T2-article-detail	Notice to all the Stakeholders of IPC due to Novel Coronavirus Disease (COVID-19) - Indian Pharmacopoeia Commission	49257
/hi/news-archive/753-mha-order-dt-15-04-2020,-with-revised-consolidated-guidelines.html	html	hi	T2-article-detail	MHA Order dt 15.04.2020, with Revised Consolidated Guidelines - Indian Pharmacopoeia Commission	49146
/hi/news-archive/754-ipc-office-memorandum-dated-17-04-2020.html	html	hi	T2-article-detail	IPC Office-Memorandum dated 17.04.2020 - Indian Pharmacopoeia Commission	48963
/hi/news-archive/756-stakeholder%E2%80%99s-comments-suggestions-are-invited-to-the-draft-of-monograph-for-1-patha,-2-seena-powder-microscopy.html	html	hi	T2-article-detail	Herbs and Herbal Products Monographs - Indian Pharmacopoeia Commission	49254
/hi/news-archive/756-stakeholder’s-comments-suggestions-are-invited-to-the-draft-of-monograph-for-1-patha,-2-seena-powder-microscopy.html	html	hi	T2-article-detail	Herbs and Herbal Products Monographs - Indian Pharmacopoeia Commission	49254
/hi/news-archive/757-ipc-office-memorandum-no-ipc-1064-2020-21-for-effective-use-of-%E2%80%98aarogyasetu%E2%80%99-app-for-breaking-the-chain-of-transmission-of-covid-19.html	html	hi	T2-article-detail	IPC Office Memorandum No. IPC/1064/2020-21 for effective use of ‘Aarogyasetu’ app for breaking the chain of transmission of COVID-19. - Indian Pharmacopoeia Commission	49898
/hi/news-archive/757-ipc-office-memorandum-no-ipc-1064-2020-21-for-effective-use-of-‘aarogyasetu’-app-for-breaking-the-chain-of-transmission-of-covid-19.html	html	hi	T2-article-detail	IPC Office Memorandum No. IPC/1064/2020-21 for effective use of ‘Aarogyasetu’ app for breaking the chain of transmission of COVID-19. - Indian Pharmacopoeia Commission	49898
/hi/news-archive/758-mha-order-dt-01-05-2020,-with-new-guidelines.html	html	hi	T2-article-detail	MHA Order dt 01.05.2020, with New Guidelines - Indian Pharmacopoeia Commission	48991
/hi/news-archive/759-ipc-office-order-dated-04-05-2020-for-regular-contractual-outsourced-staff.html	html	hi	T2-article-detail	IPC Office Order dated 04.05.2020 for Regular/Contractual/Outsourced Staff of IPC - Indian Pharmacopoeia Commission	49245
/hi/news-archive/760-ipc-office-order-dated-18-05-2020.html	html	hi	T2-article-detail	IPC Office Order dated 18.05.2020 - Indian Pharmacopoeia Commission	48920
/hi/news-archive/762-suspected-adverse-drug-reaction-reporting-form-for-drugs-used-in-prophylaxis-treatment-of-covid-19.html	html	hi	T2-article-detail	Suspected Adverse Drug Reaction Reporting Form(For Drugs Used In Prophylaxis/Treatment Of Covid-19) - Indian Pharmacopoeia Commission	49451
/hi/news-archive/763-revised-advisory-on-the-use-of-hydroxychloroquine-hcq-as-prophylaxis-for-covid-19-infection-in-supersession-of-previous-advisory-dated-23rd-march,-2020.html	html	hi	T2-article-detail	Revised advisory on the use of Hydroxychloroquine (HCQ) as prophylaxis for COVID-19 infection (in supersession of previous advisory dated 23rd March, 2020) - Indian Pharmacopoeia Commission	50362
/hi/news-archive/764-amendment-list-005-to-ip-2018.html	html	hi	T2-article-detail	Amendment List 005 to IP 2018 - Indian Pharmacopoeia Commission	49287
/hi/news-archive/765-sop-on-preventive-measures-to-contain-spread-of-covid-19-in-offices.html	html	hi	T2-article-detail	SOP on Preventive measures to contain spread of COVID-19 in offices - Indian Pharmacopoeia Commission	49213
/hi/news-archive/766-preventive-measures-to-be-taken-by-ministry-of-health-and-family-welfare,-government-of-india-for-containment-of-covid-19-dated-03-06-2020.html	html	hi	T2-article-detail	Preventive measures to be taken by Ministry of Health and Family Welfare, Government of India for containment of COVID-19 dated 03-06-2020 - Indian Pharmacopoeia Commission	49766
/hi/news-archive/767-ipc-office-memorandum-dated-09-06-2020.html	html	hi	T2-article-detail	IPC Office Memorandum dated 09-06-2020 - Indian Pharmacopoeia Commission	48942
/hi/news-archive/768-notice-regarding-extension-of-6-months-for-publication-of-indian-pharmacopoeia-addendum-2021-to-ip-2018.html	html	hi	T2-article-detail	Notice regarding extension of 6 months for publication of Indian Pharmacopoeia Addendum 2021 to IP 2018 - Indian Pharmacopoeia Commission	49385
/hi/news-archive/770-result-of-written-examination-held-on-17-12-2017-for-the-post-of-scientific-assistant-at-indian-pharmacopoeia-commission.html	html	hi	T2-article-detail	Result of written examination held on 17-12-2017 for the post of Scientific Assistant at Indian Pharmacopoeia Commission - Indian Pharmacopoeia Commission	49765
/hi/news-archive/771-corrigendum-for-result-of-written-examination-held-on-17-12-2017-for-the-post-of-scientific-assistant-at-indian-pharmacopoeia-commission.html	html	hi	T2-article-detail	Corrigendum for Result of written examination held on 17-12-2017 for the post of Scientific Assistant at Indian Pharmacopoeia Commission - Indian Pharmacopoeia Commission	49732
/hi/news-archive/773-revised-draft-amendments-in-general-chapters-of-ip-2018-microbiology-for-stakeholders-comments-dated-15-07-2020.html	html	hi	T2-article-detail	Revised Draft Amendments in General Chapters of IP-2018 (Microbiology) for Stakeholders Comments dated 15-07-2020. Last date for receiving comments at IPC 31st August 2020 - Indian Pharmacopoeia Commission	49820
/hi/news-archive/774-reference-manual-for-medical-devices-2020.html	html	hi	T2-article-detail	Reference Manual for Medical Devices 2020 - Indian Pharmacopoeia Commission	48981
/hi/news-archive/775-amendment-list-06-to-ip-2018.html	html	hi	T2-article-detail	Amendment List-06 to IP-2018 - Indian Pharmacopoeia Commission	48882
/hi/news-archive/777-amendment-list-07-to-ip-2018.html	html	hi	T2-article-detail	Amendment List-07 to IP-2018 - Indian Pharmacopoeia Commission	48870
/hi/news-archive/778-advertisement-for-contractual-manpower-through-manpower-resource-outsourcing-services-providing-agency.html	html	hi	T2-article-detail	Advertisement for Contractual Manpower through Manpower Resource Outsourcing Services Providing Agency - Indian Pharmacopoeia Commission	49411
/hi/news-archive/779-stakeholders-national-consultation-meeting-for-revision-of-nlem-2015-will-be-held-on-17-08-2020-through-video-conferencing.html	html	hi	T2-article-detail	Stakeholders National Consultation meeting (for revision of NLEM 2015) will be held on 17/ 08/2020 through Video Conferencing - Indian Pharmacopoeia Commission	53315
/hi/news-archive/780-tenders-document-for-supply-of-chemicals,-reagents,-plasticwares-glasswares-etc.html	html	hi	T2-article-detail	Tenders Document for supply of Chemicals, Reagents, Plasticwares &amp; Glasswares etc. - Indian Pharmacopoeia Commission	49268
/hi/news-archive/781-general-notices-on-phytopharmaceutical-drugs-for-stakeholders-suggestions-comments.html	html	hi	T2-article-detail	General Notices on Phytopharmaceutical Drugs for stakeholders Suggestions/Comments - Indian Pharmacopoeia Commission	49276
/hi/news-archive/784-ipc-interactive-session-on-pharmacopoeial-standards-regulatory-and-quality-considerations.html	html	hi	T2-article-detail	IPC Interactive Session on Pharmacopoeial Standards: Regulatory and Quality Considerations - Indian Pharmacopoeia Commission	49228
/hi/news-archive/785-registration-for-fit-india-freedom-run-under-ministry-of-youth-affairs-and-sports.html	html	hi	T2-article-detail	Registration for Fit India Freedom Run under Ministry of Youth Affairs and Sports - Indian Pharmacopoeia Commission	49294
/hi/news-archive/786-hindi-pakhwada.html	html	hi	T2-article-detail	भारतीय भेषज संहिता आयोग द्वारा हिन्दी सप्ताह का आयोजन दिनांक १४ सितंबर, २०२० से २० सितंबर, २०२० के दौरान किया जा रहा है। - Indian Pharmacopoeia Commission	50862
/hi/news-archive/787-4th-regional-workshop-via-webinar-on-pharmacovigilance-and-establishment-of-pharmacovigilance-system-in-pharmaceutical-industries-a-way-forward-on-9th-october-2020.html	html	hi	T2-article-detail	14th regional workshop via webinar on &quot;Pharmacovigilance and Establishment of Pharmacovigilance System in Pharmaceutical Industries- A Way Forward&quot; on 9th October 2020 - Indian Pharmacopoeia Commission	51065
/hi/news-archive/788-tender-for-procurement-of-%E2%80%9Ckarl-fischer-titrator%E2%80%9D-at-ipc,-ghaziabad.html	html	hi	T2-article-detail	Advertisement for &quot;KARL FISCHER TITRATOR TENDER&quot; at IPC, Ghaziabad - Indian Pharmacopoeia Commission	49788
/hi/news-archive/788-tender-for-procurement-of-“karl-fischer-titrator”-at-ipc,-ghaziabad.html	html	hi	T2-article-detail	Advertisement for &quot;KARL FISCHER TITRATOR TENDER&quot; at IPC, Ghaziabad - Indian Pharmacopoeia Commission	49788
/hi/news-archive/791-tender-document-for-karl-fischer-titrator-at-ipc,-ghaziabad.html	html	hi	T2-article-detail	Tender Document for procurement of &quot;KARL FISCHER TITRATOR&quot; at IPC, Ghaziabad - Indian Pharmacopoeia Commission	49227
/hi/news-archive/792-vacancy-circular-for-various-posts-at-ipc-purely-on-contractual-basis-through-manpower-resource-outsourcing-services-providing-agency.html	html	hi	T2-article-detail	Vacancy Circular for Various Posts at IPC Purely on Contractual basis through Manpower Resource Outsourcing Services Providing Agency. - Indian Pharmacopoeia Commission	56172
/hi/news-archive/793-industry-stakeholders-virtual-consultation-on-%E2%80%9Cregulations-and-standards-for-phytopharmaceuticals%E2%80%9D.html	html	hi	T2-article-detail	Industry Stakeholders Virtual Consultation on “Regulations and Standards for Phytopharmaceuticals” - Indian Pharmacopoeia Commission	49529
/hi/news-archive/793-industry-stakeholders-virtual-consultation-on-“regulations-and-standards-for-phytopharmaceuticals”.html	html	hi	T2-article-detail	Industry Stakeholders Virtual Consultation on “Regulations and Standards for Phytopharmaceuticals” - Indian Pharmacopoeia Commission	49529
/hi/news-archive/794-corrigendum-1-to-the-tender-document-for-procurement-of-%E2%80%9Ckarl-fischer-titrator%E2%80%9D-against-tender-no-ipc-5519-2020-21,-dated-18-08-2020.html	html	hi	T2-article-detail	Corrigendum-1 to the Tender Document for Procurement of “KARL FISCHER TITRATOR” against Tender No. IPC/5519/2020-21, dated 18.08.2020 - Indian Pharmacopoeia Commission	49677
/hi/news-archive/794-corrigendum-1-to-the-tender-document-for-procurement-of-“karl-fischer-titrator”-against-tender-no-ipc-5519-2020-21,-dated-18-08-2020.html	html	hi	T2-article-detail	Corrigendum-1 to the Tender Document for Procurement of “KARL FISCHER TITRATOR” against Tender No. IPC/5519/2020-21, dated 18.08.2020 - Indian Pharmacopoeia Commission	49677
/hi/news-archive/796-link-for-technical-bid-opening-via-web-conferencing-facility-against-tender-no-ipc-5519-2020-21.html	html	hi	T2-article-detail	Link for Technical Bid Opening via Web Conferencing Facility against Tender No. IPC/5519/2020-21 - Indian Pharmacopoeia Commission	53820
/hi/news-archive/797-newsletter-vol-9-10,-issue-29-30,-2019-2020.html	html	hi	T2-article-detail	Newsletter Vol 9-10, Issue 29-30, 2019-2020 - Indian Pharmacopoeia Commission	51516
/hi/news-archive/798-skill-development-programme-on-pharmacovigilance-for-medical-products-pvm-through-5-day-webinar-9th-november-%E2%80%93-13th-november-2020.html	html	hi	T2-article-detail	Skill Development Programme on Pharmacovigilance for Medical Products (PvM) through 5 Day Webinar (9th November – 13th November 2020) - Indian Pharmacopoeia Commission	50899
/hi/news-archive/798-skill-development-programme-on-pharmacovigilance-for-medical-products-pvm-through-5-day-webinar-9th-november-–-13th-november-2020.html	html	hi	T2-article-detail	Skill Development Programme on Pharmacovigilance for Medical Products (PvM) through 5 Day Webinar (9th November – 13th November 2020) - Indian Pharmacopoeia Commission	50899
/hi/news-archive/799-vacancy-circular-for-various-posts-at-ipc-purely-on-contractual-basis-through-manpower-resource-outsourcing-services-providing-agency-28-10-20.html	html	hi	T2-article-detail	Vacancy Circular for Various Posts at IPC Purely on Contractual basis through Manpower Resource Outsourcing Services Providing Agency. - Indian Pharmacopoeia Commission	52771
/hi/news-archive/8-category-en/1024-veterinary-monograph%20.html	html	hi	T2-article-detail	Veterinary Monograph, General Requirements, General Chapters - Indian Pharmacopoeia Commission	51415
/hi/news-archive/8-category-en/744-amendments-chemical-monographs-revised-general-chapters.html	html	hi	T2-article-detail	Chemical Monographs/General Chapters - Indian Pharmacopoeia Commission	51414
/hi/news-archive/8-category-en/745-revised-general-monograph.html	html	hi	T2-article-detail	Revised General Monograph - Indian Pharmacopoeia Commission	49344
/hi/news-archive/8-category-en/763-revised-advisory-on-the-use-of-hydroxychloroquine-hcq-as-prophylaxis-for-covid-19-infection-in-supersession-of-previous-advisory-dated-23rd-march,-2020.html	html	hi	T2-article-detail	Revised advisory on the use of Hydroxychloroquine (HCQ) as prophylaxis for COVID-19 infection (in supersession of previous advisory dated 23rd March, 2020) - Indian Pharmacopoeia Commission	50376
/hi/news-archive/800-draft-amendment-heparin-sodium-ip-2018-for-public-review-and-comments-stakeholder-s-may-provide-comments-within-45-days-of-upload-of-the-amendments-to-lab-ipc-gov-in.html	html	hi	T2-article-detail	Draft Amendment Heparin Sodium IP 2018 for Public Review and Comments. Stakeholder's may provide comments within 45 days of upload of the amendments to lab.ipc@gov.in - Indian Pharmacopoeia Commission	49794
/hi/news-archive/801-interactive-webinar-on%20microbiological-quality-control-of-pharmaceutical-products-on%20november-5,-2020.html	html	hi	T2-article-detail	Interactive Webinar on Microbiological Quality Control of Pharmaceutical Products on November 5, 2020 from 3:30 PM to 5:30 PM - Indian Pharmacopoeia Commission	49674
/hi/news-archive/802-ncc-mvpi,-ipc-is-organizing-a-webinar-on-participation-of-medical-device-manufacturers-in-materiovigilance-programme-of-india-mvpi-via-digital-virtual-platform-on-december-4,-2020.html	html	hi	T2-article-detail	NCC-MvPI, IPC is organizing a webinar on &quot;Participation of Medical Device Manufacturers in Materiovigilance Programme of India (MvPI)&quot; via digital/virtual platform on December 4, 2020. - Indian Pharmacopoeia Commission	50368
/hi/news-archive/803-rashtriya-ekta-diwas-2020-pledge-taking-ceremony-on-31st-october,-2020.html	html	hi	T2-article-detail	Rashtriya Ekta Diwas-2020 Pledge Taking Ceremony on 31st October, 2020 - Indian Pharmacopoeia Commission	49535
/hi/news-archive/805-indian-pharmacopoeia-commission-is-celebrating-constitution-day-reading-the-preamble.html	html	hi	T2-article-detail	Indian Pharmacopoeia Commission is celebrating Constitution Day (Reading the Preamble) - Indian Pharmacopoeia Commission	59174
/hi/news-archive/806-pledge-takinng-ceremony-for-celebration-of-constitution-day,-2020-on-26-11-2020-in-indian-pharmacopoeia-commission,-ghaziabad.html	html	hi	T2-article-detail	Pledge Taking Ceremony for Celebration of Constitution Day, 2020 on 26.11.2020 in Indian Pharmacopoeia Commission, Ghaziabad. - Indian Pharmacopoeia Commission	50182
/hi/news-archive/807-indian-pharmacopoeia-commission,-notice-on-amendment-list-07-to-ip-2018.html	html	hi	T2-article-detail	Indian Pharmacopoeia Commission, Notice on Amendment List-07 to IP 2018 - Indian Pharmacopoeia Commission	49154
/hi/news-archive/808-ipc-is-organizing-an-interactive-webinar-on-stability-testing-of-drugs-and-role-of-excipients-via-digital-virtual-platform-on-december-10,-2020.html	html	hi	T2-article-detail	IPC is organizing an &quot;Interactive Webinar on Stability Testing of Drugs and Role of Excipients &quot; via digital/virtual platform on December 10, 2020. - Indian Pharmacopoeia Commission	49952
/hi/news-archive/811-interactive-webinar-on-application-of-silica-in-pharmaceuticals-analysis-drug-delivery-vaccine-purification-on-thursday,-7th-january,-2021,-from-3-30-pm-to-5-30-pm.html	html	hi	T2-article-detail	Interactive Webinar on Application of Silica in Pharmaceuticals (Analysis/Drug Delivery/Vaccine Purification) on Thursday, 7th January, 2021, from 3:30 PM to 5:30 PM - Indian Pharmacopoeia Commission	49846
/hi/news-archive/813-ipc-pvpi-is-organizing-a-training-programme-on-pharmacovigilance-of-covid-19-vaccines-cum-ctp-meeting-for-adr-monitoring-centers-under-pvpi-on-thursday,-7th-january,-2021,-from-2-00-pm-to-4-00-pm.html	html	hi	T2-article-detail	IPC-PvPI is organizing a &quot;Training Programme on Pharmacovigilance of COVID-19 Vaccines-cum-CTP Meeting&quot; for ADR Monitoring Centers under PvPI on Thursday, 7th January, 2021, from 2:00 PM to 4:00 PM. - Indian Pharmacopoeia Commission	50099
/hi/news-archive/814-inclusion-of-new-general-chapters-related-to-biotechnology-derived-therapeutic-products%E2%80%99-monographs-in-ip-2018.html	html	hi	T2-article-detail	Inclusion of New general chapters related to Biotechnology Derived Therapeutic Products’ Monographs in IP 2018 - Indian Pharmacopoeia Commission	52723
/hi/news-archive/814-inclusion-of-new-general-chapters-related-to-biotechnology-derived-therapeutic-products’-monographs-in-ip-2018.html	html	hi	T2-article-detail	Inclusion of New general chapters related to Biotechnology Derived Therapeutic Products’ Monographs in IP 2018 - Indian Pharmacopoeia Commission	52723
/hi/news-archive/815-amendments-in-monographs-of-vaccines-and-immunosera-for-human-use,-blood-and-blood-related-products-and-biotechnology-derived-therapeutic-products-in-ip-2018.html	html	hi	T2-article-detail	Amendments in monographs of Vaccines and Immunosera for Human Use, Blood and blood related products and Biotechnology Derived Therapeutic Products in IP 2018 - Indian Pharmacopoeia Commission	52156
/hi/news-archive/816-the-draft-for-general-notices-on-phytopharmaceutcal-drugs-is-being-published-by-the-indian-pharmacopoeia-commission-the-stakeholders-are-invited-to-provide-their-comments-if-any-,-to-lab-ipc-gov-in,-on-or-before-28-february-2021.html	html	hi	T2-article-detail	The draft for &quot;General Notices on Phytopharmaceutcal Drugs&quot; is being published by the Indian Pharmacopoeia Commission; the stakeholders are invited to provide their comments (if any), to lab.ipc@gov.in, on or before 28 February 2021. - Indian Pharmacopoeia Commission	50201
/hi/news-archive/817-corrigendum-expert-working-group-nutraceuticals.html	html	hi	T2-article-detail	CORRIGENDUM: Constitution of Expert Working Group-Nutraceuticals - Indian Pharmacopoeia Commission	49122
/hi/news-archive/819-application-of-dna-barcoding-in-indian-pharmacopoeia-monographs-special-emphasis-on-herbal-and-phytopharmaceutical-drugs-to-be-held-on-25th-february-2021.html	html	hi	T2-article-detail	Application of DNA Barcoding in Indian Pharmacopoeia Monographs: Special Emphasis on Herbal and Phytopharmaceutical Drugs to be held on 4th March 2021(The last date of registration has been extended up to 3rd March 2021) - Indian Pharmacopoeia Commission	50078
/hi/news-archive/820-skill-development-programme-sdp-2021-on-pharmacovigilance-for-medical-products-through-webinar.html	html	hi	T2-article-detail	Skill Development Programme (SDP) - 2021 on Pharmacovigilance for Medical Products through Webinar - Indian Pharmacopoeia Commission	50204
/hi/news-archive/821-dr-rajiv-singh-raghuvanshi-joined-as-the-secretary-cum-scientific-director-of-ipc-on-16-02-2021.html	html	hi	T2-article-detail	Dr. Rajeev Singh Raghuvanshi Joined as the Secretary-cum-Scientific Director of IPC on 16.02.2021 - Indian Pharmacopoeia Commission	49966
/hi/news-archive/822-guidance-document-for-drafting-and-formatting-of-monographs-for-indian-pharmacopoeia.html	html	hi	T2-article-detail	Release of Guidance Document for Drafting and Formatting of Monographs for Indian Pharmacopoeia - Indian Pharmacopoeia Commission	51305
/hi/news-archive/823-mou-between-indian-pharmacopoeia-commission-and-british-pharmacopoeia.html	html	hi	T2-article-detail	MoU between Indian Pharmacopoeia Commission and British Pharmacopoeia - Indian Pharmacopoeia Commission	49178
/hi/news-archive/824-amendment-list-08-to-ip-2018.html	html	hi	T2-article-detail	Amendment List-08 to IP-2018 - Indian Pharmacopoeia Commission	50561
/hi/news-archive/825-clarification-on-alternative-methods-in-the-indian-pharmacopoeia.html	html	hi	T2-article-detail	Clarification on Alternative Methods in the Indian Pharmacopoeia - Indian Pharmacopoeia Commission	49152
/hi/news-archive/826-dr-rajeev-singh-raghuvanshi,-secretary-cum-scientific-director-ipc-visited-the-cdsco-zonal-office,-hyderabad-on-1st-march-2021-and-interacted-with-ms-annam-visala,-ddc-i-and-other-officials-of-the-cdsco-dr-raghuvanshi-also-reviewed-the-ongoing-pharmacovigilance-activities-under-the-pvpi-in-hyderabad-region-by-interacting-with-the-pharmacovigilance-associates.html	html	hi	T2-article-detail	Dr. Rajeev Singh Raghuvanshi, Secretary-cum-Scientific Director IPC visited the CDSCO Zonal Office, Hyderabad on 1st March 2021 - Indian Pharmacopoeia Commission	51101
/hi/news-archive/827-new-draft-monographs-for-comments.html	html	hi	T2-article-detail	New Draft Monographs for Comments - Indian Pharmacopoeia Commission	57885
/hi/news-archive/828-dr-rajeev-singh-raghuvanshi-visited-the-cellular-and-molecular-biology,-hyderabad-on-1st-march-2021-and-interacted-with-the-scientists-at-atal-incubation-centre.html	html	hi	T2-article-detail	Dr. Rajeev Singh Raghuvanshi visited the Cellular and Molecular Biology, Hyderabad on 1st March 2021 and interacted with the scientists at Atal Incubation Centre. - Indian Pharmacopoeia Commission	51096
/hi/news-archive/829-ipc-organised-46th-meeting-of-its-scientific-body-on-6th-march-2021-under-the-chairmanship-of-prof-n-k-ganguly.html	html	hi	T2-article-detail	IPC organised 46th meeting of its Scientific Body on 6th March 2021 under the chairmanship of Prof. N. K. Ganguly. - Indian Pharmacopoeia Commission	49638
/hi/news-archive/830-international-women-s-day-was-celebrated-in-ipc-on-8th-march-2021-on-this-occasion-trees-were-planted-by-dr-rajeev-singh-raghuvanshi,-secretary-cum-scientific-director-and-ipc-staff-members.html	html	hi	T2-article-detail	International Women's Day was celebrated in IPC on 8th March 2021. On this occasion trees were planted by Dr Rajeev Singh Raghuvanshi, Secretary-cum-Scientific Director and IPC staff members. - Indian Pharmacopoeia Commission	50254
/hi/news-archive/831-virtual-training-on-pharmacovigilance-for-nabh-accredited-hospitals-in-india-last-date-of-registration-of-participants-21th-march-2021.html	html	hi	T2-article-detail	Virtual training on Pharmacovigilance for NABH Accredited Hospitals in India (Last date of registration of participants: 21st March 2021) - Indian Pharmacopoeia Commission	49716
/hi/news-archive/832-new-draft-monographs-for-comments-2.html	html	hi	T2-article-detail	New Draft Monographs for Comments - Indian Pharmacopoeia Commission	62196
/hi/news-archive/833-omission-of-monographs-of-lorcaserin-hydrochloride-hemihydrate-and-lorcaserin-tablets-from-the-indian-pharmacopoeia.html	html	hi	T2-article-detail	Omission of Monographs of 'Lorcaserin Hydrochloride Hemihydrate' and Lorcaserin Tablets' from the Indian Pharmacopoeia - Indian Pharmacopoeia Commission	49833
/hi/news-archive/840-background-guide-lines-of-question-paper-for-written-examination-for-the-post-of-marketing-assistant.html	html	hi	T2-article-detail	Background &amp; Guide-lines of Question paper for written examination for the Post of Marketing Assistant. - Indian Pharmacopoeia Commission	53951
/hi/news-archive/841-background-guide-lines-of-question-paper-for-written-examination-for-the-post-of-pharmacopoeia-proof-reader.html	html	hi	T2-article-detail	Background &amp; Guide-lines of Question paper for written examination for the Post of Pharmacopoeia Proof Reader. - Indian Pharmacopoeia Commission	52839
/hi/news-archive/842-ncc-mvpi-is-organizing-an-international-webinar-on-ensuring-safety-of-medical-devices-focussed-on-ocular-devices-on-april-09,-2021-via-digital-virtual-platform.html	html	hi	T2-article-detail	NCC-MvPI is organizing an international webinar on &quot;Ensuring safety of medical devices focussed on ocular devices&quot; on April 09, 2021 via digital/virtual platform - Indian Pharmacopoeia Commission	50838
/hi/news-archive/843-dr-rajeev-singh-raghuvanshi-participated-in-the-health-wellness-conclave-organised-by-social-talks-on-20th-march-2021-in-dehradun.html	html	hi	T2-article-detail	Dr. Rajeev Singh Raghuvanshi participated in the Health &amp; Wellness Conclave organised by Social Talks on 20th March 2021 in Dehradun. - Indian Pharmacopoeia Commission	50732
/hi/news-archive/844-association-of-regulatory-affairs-professionals-arap-in-collaboration-with-indian-pharmaceutical-association-ipa-delhi-organised-2nd%20indian-regulatory-and-quality-summit-2021-on-23rd%20march-2021-in-new-delhi.html	html	hi	T2-article-detail	Association of Regulatory Affairs professionals (ARAP) in collaboration with Indian Pharmaceutical Association (IPA) Delhi organised 2nd Indian Regulatory and Quality Summit 2021 on 23rd March 2021 in New Delhi. - Indian Pharmacopoeia Commission	53523
/hi/news-archive/845-virtual-training-on-pharmacovigilance-for-nabh-accredited-hospitals-in-india.html	html	hi	T2-article-detail	Virtual Training on Pharmacovigilance for NABH Accredited Hospitals in India - Indian Pharmacopoeia Commission	49281
/hi/news-archive/846-release-of-the-addendum-2021-to-indian-pharmacopoeia-2018.html	html	hi	T2-article-detail	Release of the Addendum 2021 to Indian Pharmacopoeia 2018 - Indian Pharmacopoeia Commission	51020
/hi/news-archive/847-tender-notice-for-disposal-of-old-obsolete-items.html	html	hi	T2-article-detail	Tender for Disposal of Old &amp; Obsolete Items - Indian Pharmacopoeia Commission	49091
/hi/news-archive/853-dr-rajeev-singh-raghuvanshi,-secretary-cum-scientific-director,-indian-pharmacopoeia-commission-ipc-visited-united-states-pharmacopoeia-usp-india-hyderabad-on-1st-april-2021.html	html	hi	T2-article-detail	Dr. Rajeev Singh Raghuvanshi, Secretary-cum-Scientific Director, Indian Pharmacopoeia Commission (IPC) visited United States Pharmacopoeia (USP) India-Hyderabad on 1st April 2021. - Indian Pharmacopoeia Commission	51421
/hi/news-archive/854-ncc-mvpi-is-organizing-a-half-day-webinar-on-%E2%80%9Chow-to-develop-a-positive-culture-of-adverse-event-reporting-by-pharmaceutical-industries-marketing-authorization-holders%E2%80%9D-on-april-29,-2021.html	html	hi	T2-article-detail	NCC-PvPI is organizing a Half Day Webinar on “How to develop a positive culture of Adverse Event Reporting by Pharmaceutical Industries/Marketing Authorization Holders?” on April 29, 2021 - Indian Pharmacopoeia Commission	50419
/hi/news-archive/854-ncc-mvpi-is-organizing-a-half-day-webinar-on-“how-to-develop-a-positive-culture-of-adverse-event-reporting-by-pharmaceutical-industries-marketing-authorization-holders”-on-april-29,-2021.html	html	hi	T2-article-detail	NCC-PvPI is organizing a Half Day Webinar on “How to develop a positive culture of Adverse Event Reporting by Pharmaceutical Industries/Marketing Authorization Holders?” on April 29, 2021 - Indian Pharmacopoeia Commission	50419
/hi/news-archive/855-ipc-s-notice-on-approach-to-alternative-rapid-microbiological-methods.html	html	hi	T2-article-detail	IPC's Notice on Approach to Alternative Rapid Microbiological Methods - Indian Pharmacopoeia Commission	50731
/hi/news-archive/856-webinar-on-%E2%80%9Cstandards,-testing-methods-and-conversions-between-industrial-and-medical-oxygen%E2%80%9D.html	html	hi	T2-article-detail	IPC is organizing a Webinar on “Standards, Testing Methods and Conversions Between Industrial and Medical Oxygen” on April 30, 2021. - Indian Pharmacopoeia Commission	49477
/hi/news-archive/856-webinar-on-“standards,-testing-methods-and-conversions-between-industrial-and-medical-oxygen”.html	html	hi	T2-article-detail	IPC is organizing a Webinar on “Standards, Testing Methods and Conversions Between Industrial and Medical Oxygen” on April 30, 2021. - Indian Pharmacopoeia Commission	49477
/hi/news-archive/857-webinar-on-%E2%80%9Chow-to-develop-a-positive-culture-of-adverse-event-reporting-by-pharmaceutical-industries-marketing-authorization-holders%E2%80%9Dorganized-on-29april,-2021.html	html	hi	T2-article-detail	Webinar on “How to develop a positive culture of Adverse Event Reporting by Pharmaceutical Industries/Marketing Authorization Holders?”organized on 29 April, 2021 - Indian Pharmacopoeia Commission	53430
/hi/news-archive/857-webinar-on-“how-to-develop-a-positive-culture-of-adverse-event-reporting-by-pharmaceutical-industries-marketing-authorization-holders”organized-on-29april,-2021.html	html	hi	T2-article-detail	Webinar on “How to develop a positive culture of Adverse Event Reporting by Pharmaceutical Industries/Marketing Authorization Holders?”organized on 29 April, 2021 - Indian Pharmacopoeia Commission	53430
/hi/news-archive/858-ipc-s-webinar-on-standards-of-oxygen.html	html	hi	T2-article-detail	Indian Pharmacopoeia Commission in collaboration with Gas Industries Association organized a webinar on the topic of Standards of Oxygen on 30th April 2021 - Indian Pharmacopoeia Commission	50368
/hi/news-archive/862-note-for-draft-chapter-on-approach-to-alternative-rapid-microbiological-methods-11-06-2021.html	html	hi	T2-article-detail	Note for Draft Chapter on Approach to alternative rapid microbiological methods 11.06.2021 - Indian Pharmacopoeia Commission	49592
/hi/news-archive/867-ipc-webinar-on-approaches-to-alternative-microbiological-methods-on-1st-july-2021.html	html	hi	T2-article-detail	IPC Webinar on Approaches to Alternative Microbiological Methods on 1st July 2021 - Indian Pharmacopoeia Commission	49332
/hi/news-archive/869-revised-draft-general-chapter-on-approach-to-alternative-microbiological-methods.html	html	hi	T2-article-detail	Revised Draft General Chapter on Approach to Alternative Microbiological Methods 24.06.2021 - Indian Pharmacopoeia Commission	49356
/hi/news-archive/870-47th-meeting-of-the-scientific-body-of-ipc-was-organized-on-3rd-july-2021-under-the-chairmanship-of-prof-nk-ganguly.html	html	hi	T2-article-detail	47th meeting of the Scientific Body of IPC was organized on 3rd July 2021 under the chairmanship of Prof NK Ganguly. - Indian Pharmacopoeia Commission	50356
/hi/news-archive/871-17th-skill-development-programme-on-pharmacovigilance-for-medical-products.html	html	hi	T2-article-detail	17th Skill Development Programme on Pharmacovigilance for Medical Products - Indian Pharmacopoeia Commission	51584
/hi/news-archive/873-link-for-technical-bid-opening-via-web-conferencing-facility-against-tender-no-%20ipc-store-c-5317-2021-22-for%20supply-of-more-frequently-use-chemicals-reagents.html	html	hi	T2-article-detail	Link for Technical Bid Opening via Web Conferencing Facility against Tender No. IPC/STORE-C/5317/2021-22 for Supply of More Frequently Use Chemicals/Reagents - Indian Pharmacopoeia Commission	55585
/hi/news-archive/875-visit-of-dr-g-n-singh,-adviser-to-the-honorable-chief-minister-of-uttar-pradesh.html	html	hi	T2-article-detail	Visit of Dr. G. N. Singh, Adviser to the Honorable Chief Minister of Uttar Pradesh - Indian Pharmacopoeia Commission	50938
/hi/news-archive/876-microbiological-examination-of-burkholderia-cepacia-complex-in-non-sterile-products16-07-2021.html	html	hi	T2-article-detail	Microbiological Examination of Burkholderia cepacia Complex in Non-Sterile Products16.07.2021 - Indian Pharmacopoeia Commission	49421
/hi/news-archive/878-pre-bid-details-for-manpower-outsourcing-services-scientific-non-scientific-post.html	html	hi	T2-article-detail	Tender for engaging Manpower Outsourcing Services for &quot;Scientific &amp; Non-Scientific Post&quot; thru GeM Bidding at IPC, Ghaziabad - Indian Pharmacopoeia Commission	50057
/hi/news-archive/879-letter-for-extension-in-the-implementation-date-of-ip-addendum-2021.html	html	hi	T2-article-detail	Letter for Extension in the Implementation Date of IP Addendum 2021 - Indian Pharmacopoeia Commission	49202
/hi/news-archive/880-corrigendum-for-tender-nos-ipc-2004-21-22.html	html	hi	T2-article-detail	Corrigendum for Tender Nos. IPC/2004/21-22 - Indian Pharmacopoeia Commission	49740
/hi/news-archive/881-tender-cancellation-notice-n-i-t-enquiry-no-ipc-store-c-5317-2021-22.html	html	hi	T2-article-detail	Tender Cancellation Notice (N.I.T Enquiry No. IPC/Store-C/5317/2021-22) - Indian Pharmacopoeia Commission	49146
/hi/news-archive/882-tender-for-supply-of-automated-hplc-system-for-separation-of-complex-mixtures,-security-manpower-service-and-horticulture-service-maintenance-based-model-service-inclusive-of-consumables.html	html	hi	T2-article-detail	Tender for Supply of Automated HPLC System For Separation Of Complex Mixtures, Security Manpower Service and Horticulture Service - Maintenance Based Model - Service Inclusive Of Consumables. - Indian Pharmacopoeia Commission	50317
/hi/news-archive/883-18th-skill-development-programme-on-pharmacovigilance-of-medical-products-through-webinar-from-13-17th-september-2021.html	html	hi	T2-article-detail	18th Skill Development Programme on Pharmacovigilance of Medical Products through Webinar from 13-17th September 2021 - Indian Pharmacopoeia Commission	51419
/hi/news-archive/884-cancellation-of-recruitment-of-laboratory-attendant-direct-recruitment.html	html	hi	T2-article-detail	Cancellation of recruitment of Laboratory Attendant (Direct Recruitment) - Indian Pharmacopoeia Commission	49283
/hi/news-archive/885-induction-cum-training-programme-on-pharmacovigilance-for-coordinator-deputy-coordinator-of-newly-recognized-amcs-and-newly-recruited-pharmacovigilance-associates-at-amcs-through-webinar-is-scheduled-on-26-27th-august-2021.html	html	hi	T2-article-detail	Induction-cum-training Programme on Pharmacovigilance for Coordinator/Deputy Coordinator of newly recognized AMCs and newly recruited Pharmacovigilance associates at AMCs through Webinar is scheduled on 26-27th August 2021 - Indian Pharmacopoeia Commission	50054
/hi/news-archive/886-celebration-of-azadi-ka-amrit-mahotsav,-75th-independence-day-at-indian-pharmacopoeia-commission-ghaziabad.html	html	hi	T2-article-detail	Celebration of Azadi ka Amrit Mahotsav, 75th Independence Day of India on 15th August, 2021 at Indian Pharmacopoeia Commission-Ghaziabad - Indian Pharmacopoeia Commission	51860
/hi/news-archive/887-ncc-pvpi-invites-all-stakeholders-to-celebrate-the-national-pharmacovigilance-week-from-september-17-23,-2021.html	html	hi	T2-article-detail	NCC-PVPI invites all stakeholders to celebrate the National Pharmacovigilance Week from September 17-23, 2021(Last date for acceptance of e-Posters,Video/Animation &amp; Essay Competition entries is September 18,2021) - Indian Pharmacopoeia Commission	51880
/hi/news-archive/888-information-regarding-written-examination-for-the-appointment-to-the-post-of-marketing-assistant.html	html	hi	T2-article-detail	Information regarding Written Examination for the appointment to the post of Marketing Assistant - Indian Pharmacopoeia Commission	49889
/hi/news-archive/889-draft-amendments-in-general-chapters-and-monographs-of-ip-2018-and-its-addendum-for-stakeholders-comments-dated-25-08-2021.html	html	hi	T2-article-detail	Draft Amendments in General Chapters and monographs of IP-2018 and its Addendum for Stakeholders Comments dated 25-08-2021 - Indian Pharmacopoeia Commission	49665
/hi/news-archive/890-a-walk-in-interview-is-going-to-be-held-at-indian-pharmacopoeia-commission-ipc-for-the-engagement-of-scientific-manpower-purely-on-contract-basis-through-manpower-resource-outsourcing-services-providing-agency.html	html	hi	T2-article-detail	A Walk in Interview is going to be held at Indian Pharmacopoeia Commission (IPC) for the engagement of scientific manpower purely on contract basis through Manpower Resource Outsourcing Services Providing Agency. - Indian Pharmacopoeia Commission	55510
/hi/news-archive/891-information-regarding-proficiency-testing-round-01,-2021.html	html	hi	T2-article-detail	Information Regarding Proficiency Testing Round-01, 2021 - Indian Pharmacopoeia Commission	49111
/hi/news-archive/892-corrigendum-walk-in-interview-for-the-engagement-of-scientific-post.html	html	hi	T2-article-detail	CORRIGENDUM: Walk in Interview for the engagement of Scientific Post - Indian Pharmacopoeia Commission	49220
/hi/news-archive/894-ipc,ncc-pvpi-redesignated-as-who-collaborating-centre-for-parmacovigilance-in-public-health-programmes-and-regulatory-services.html	html	hi	T2-article-detail	IPC,NCC-PvPI redesignated as WHO Collaborating Centre for Parmacovigilance in Public Health Programmes and Regulatory Services - Indian Pharmacopoeia Commission	50100
/hi/news-archive/895-18th-skill-development-programme-on-pharmacovigilance-for-medical-products.html	html	hi	T2-article-detail	18th Skill Development Programme on Pharmacovigilance for Medical Products - Indian Pharmacopoeia Commission	51698
/hi/news-archive/896-walk-in-interview-is-going-to-be-held-for-the-engagement-of-contractual-position-of-jr-pharmacovigilance-associate-for-pharmacovigilance-programme-of-india,-indian-pharmacopoeia-commission-ipc-,-ghaziabad.html	html	hi	T2-article-detail	Walk-in Interview is going to be held for the engagement of contractual position of Jr. Pharmacovigilance Associate for Pharmacovigilance Programme of India, Indian Pharmacopoeia Commission (IPC), Ghaziabad. - Indian Pharmacopoeia Commission	50144
/hi/news-archive/897-skill-development-programme-sdp-2021-on-pharmacovigilance-for-medical-products-through-webinar-2.html	html	hi	T2-article-detail	19th Skill Development Programme (SDP) - 2021 on Pharmacovigilance for Medical Products through Webinar - Indian Pharmacopoeia Commission	51809
/hi/news-archive/898-declaration-of-result-for-the-post-of-marketing-assistant-in-indian-pharmacopoeia-commission.html	html	hi	T2-article-detail	Declaration of result for the post of Marketing Assistant in Indian Pharmacopoeia Commission - Indian Pharmacopoeia Commission	49312
/hi/news-archive/899-link-for-pre-bid-opening-via-web-conferencing-facility-against-bid-no-gem-2021-b-1595501-manpower-outsourcing-services.html	html	hi	T2-article-detail	Link for Pre- Bid Opening via Web Conferencing Facility against Bid No. GEM/2021/B/1595501 (manpower outsourcing services) - Indian Pharmacopoeia Commission	49738
/hi/news-archive/900-induction-cum-training-programme-on-pharmacovigilance-for-newly-recruited-pharmacovigilance-associates-and-coordinators-deputy-coordinators-under-pvpi-on-the-date-pvpi-on-16th-18th-november-2021.html	html	hi	T2-article-detail	Induction-cum-Training Programme on Pharmacovigilance for newly recruited Pharmacovigilance Associates and Coordinators/Deputy Coordinators under PvPI on the date PvPI on 16th-18th November 2021 - Indian Pharmacopoeia Commission	49778
/hi/news-archive/902-list-of-7-new-indian-pharmacopoeial-reference-standards.html	html	hi	T2-article-detail	List of 7 New Indian Pharmacopoeial Reference standards Launched - Indian Pharmacopoeia Commission	49174
/hi/news-archive/903-list-of-23-new-impurities.html	html	hi	T2-article-detail	List of 23 New Impurities Launched - Indian Pharmacopoeia Commission	49055
/hi/news-archive/904-webinar-on-key-role-of-medical-technology-medical-device-industries-in-materiovigilance-programme-of-india-in-association-of-cdsco-and-aimed.html	html	hi	T2-article-detail	Webinar on &quot;Key role of medical technology/ medical device industries in Materiovigilance Programme of India&quot; - Indian Pharmacopoeia Commission	49836
/hi/news-archive/905-national-webinar-on-analytical-tools-and-techniques-for-phytopharmaceutical-monograph-development-under-the-joint-collaboration-of-ipc-and-csir-nbri,-lucknow.html	html	hi	T2-article-detail	National Webinar on analytical tools and techniques for phytopharmaceutical monograph development-under the joint collaboration of IPC and CSIR-NBRI, Lucknow - Indian Pharmacopoeia Commission	49883
/hi/news-archive/906-notice-regarding-date-venue-for-written-examination-of-administrative-assistant.html	html	hi	T2-article-detail	Notice regarding Date &amp; Venue for written examination of Administrative Assistant - Indian Pharmacopoeia Commission	49324
/hi/news-archive/908-nfi-brochure-and-salient-features-of-national-formulary-of-india-2021.html	html	hi	T2-article-detail	NFI Brochure and Salient Features of National Formulary of India-2021 - Indian Pharmacopoeia Commission	58273
/hi/news-archive/909-indian-pharmacopoeia-commission-ipc-in-collaboration-with-usp-conducted-a-webinar-on-23rd-nov-on-%E2%80%9Cfundamentals-of-dissolution%E2%80%9D-as-a-part-of-capabilitybuilding-initiative.html	html	hi	T2-article-detail	Indian Pharmacopoeia Commission (IPC) in collaboration with USP conducted a webinar on 23rd Nov. on “Fundamentals of Dissolution” as a part of Capability Building initiative. - Indian Pharmacopoeia Commission	51468
/hi/news-archive/909-indian-pharmacopoeia-commission-ipc-in-collaboration-with-usp-conducted-a-webinar-on-23rd-nov-on-“fundamentals-of-dissolution”-as-a-part-of-capabilitybuilding-initiative.html	html	hi	T2-article-detail	Indian Pharmacopoeia Commission (IPC) in collaboration with USP conducted a webinar on 23rd Nov. on “Fundamentals of Dissolution” as a part of Capability Building initiative. - Indian Pharmacopoeia Commission	51468
/hi/news-archive/910-9-new-ip-impurities-standard-launched.html	html	hi	T2-article-detail	9 New IP Impurities Standard Launched - Indian Pharmacopoeia Commission	48930
/hi/news-archive/911-15-new-ip-impurity-reference-substance-launched.html	html	hi	T2-article-detail	15 New IP Impurity Reference Substance Launched - Indian Pharmacopoeia Commission	55707
/hi/news-archive/912-11-new-ip-reference-substance-launched.html	html	hi	T2-article-detail	11 New IP Reference Substance Launched - Indian Pharmacopoeia Commission	53231
/hi/news-archive/913-release-of-second-edition-of-guidance-manual-for-monograph-development-of-herbs-and-herbal-products-including-phytopharmaceutical-drugs.html	html	hi	T2-article-detail	Release of Second edition of Guidance manual for Monograph Development of Herbs and Herbal Products Including Phytopharmaceutical Drugs - Indian Pharmacopoeia Commission	50838
/hi/news-archive/914-applications-are-invited-for-the-engagement-of-contractual-position-of-sr-pharmacopoeial-associate-at-indian-pharmacopoeia-commission-ipc-through-manpower-resource-outsourcing-services-providing-agency.html	html	hi	T2-article-detail	Applications are invited for the engagement of contractual position of Sr Pharmacopoeial Associate at Indian Pharmacopoeia Commission (IPC) through Manpower Resource Outsourcing Services Providing Agency. - Indian Pharmacopoeia Commission	50059
/hi/news-archive/915-webinar-organized-by-the-national-coordination-centre-for-pharmacovigilance-programme-of-india-ncc-pvpi-on-%E2%80%9Cbasics-of-good-pharmacovigilance-practices-with-reference-to-module-vi%E2%80%9D.html	html	hi	T2-article-detail	Webinar organized by the National Coordination Centre for Pharmacovigilance Programme of India (NCC-PvPI) on “Basics of Good Pharmacovigilance Practices with reference to Module VI” - Indian Pharmacopoeia Commission	52247
/hi/news-archive/915-webinar-organized-by-the-national-coordination-centre-for-pharmacovigilance-programme-of-india-ncc-pvpi-on-“basics-of-good-pharmacovigilance-practices-with-reference-to-module-vi”.html	html	hi	T2-article-detail	Webinar organized by the National Coordination Centre for Pharmacovigilance Programme of India (NCC-PvPI) on “Basics of Good Pharmacovigilance Practices with reference to Module VI” - Indian Pharmacopoeia Commission	52247
/hi/news-archive/916-amendment-list-09-to-ip-2018.html	html	hi	T2-article-detail	Amendment List-09 to IP-2018 - Indian Pharmacopoeia Commission	49633
/hi/news-archive/917-result-for-the-post-of-administrative-assistant-03-ur-01-obc-group-c-in-the-pay-level-5-of-pay-matrix-rs-29,200-92,300-published-in-employment-news-dated-26th-december,-2020-to.html	html	hi	T2-article-detail	Result for the post of Administrative Assistant (03-UR &amp; 01 -OBC) group “C” in the Pay Level 5 of Pay Matrix (Rs. 29,200-92,300) (Published in Employment News dated 26th December, 2020 to 1st January, 2021) - Indian Pharmacopoeia Commission	54377
/hi/news-archive/918-skill-development-programme-sdp-2022-on-pharmacovigilance-for-medical-products-through-webinar-7th-to-11th-march-2022.html	html	hi	T2-article-detail	Skill Development Programme (SDP) - 2022 on Pharmacovigilance for Medical Products through Webinar (7th to 11th March 2022) - Indian Pharmacopoeia Commission	50895
/hi/news-archive/919-link-for-gem-pre-bid-meeting-for-publication-of-ip-2022.html	html	hi	T2-article-detail	Link for GeM Pre-Bid Meeting for Publication of IP-2022 - Indian Pharmacopoeia Commission	49434
/hi/news-archive/920-updated-e-mail-id-for-sales-of-ipc-products.html	html	hi	T2-article-detail	Updated E-mail ID for Sales of IPC products - Indian Pharmacopoeia Commission	50964
/hi/news-archive/921-48th-meeting-of-the-scientific-body-of-ipc-on-8th-january-2022.html	html	hi	T2-article-detail	48th meeting of the scientific body of ipc on 8th january 2022 - Indian Pharmacopoeia Commission	49497
/hi/news-archive/923-ipc-s-notice-regarding-use-of-authentic-copies-of-indian-pharmacopoeia.html	html	hi	T2-article-detail	IPC's Notice Regarding Use of Authentic Copies of Indian Pharmacopoeia - Indian Pharmacopoeia Commission	49211
/hi/news-archive/925-expression-of-interest-for-%E2%80%9Cprocurement-of-certified-candidate-material-for-manufacturing-of-ipbrs-and-iphers-at-ipc.html	html	hi	T2-article-detail	Expression of Interest for “Procurement of Certified Candidate material for manufacturing of IPBRS and IPHERS at IPC&quot; - Indian Pharmacopoeia Commission	49643
/hi/news-archive/925-expression-of-interest-for-“procurement-of-certified-candidate-material-for-manufacturing-of-ipbrs-and-iphers-at-ipc.html	html	hi	T2-article-detail	Expression of Interest for “Procurement of Certified Candidate material for manufacturing of IPBRS and IPHERS at IPC&quot; - Indian Pharmacopoeia Commission	49643
/hi/news-archive/929-applications-are-invited-for-the-post-jr-pharmacovigilance-associate.html	html	hi	T2-article-detail	Applications are invited for the post of Jr. Pharmacovigilance Associate - Indian Pharmacopoeia Commission	49587
/hi/news-archive/930-notice-inviting-tender-nit-tender-document-for-procurement-of-113-nos-of-impurities-at-ipc-ghaziabad.html	html	hi	T2-article-detail	Notice Inviting Tender (NIT) &amp; Tender Document for procurement of 113 Nos. of Impurities at IPC Ghaziabad - Indian Pharmacopoeia Commission	49609
/hi/news-archive/932-link-for-pre-bid-meeting-against-ipc-tender-for-procurement-of-113-nos-of-impurities-at-ipc.html	html	hi	T2-article-detail	Link for Pre-Bid Meeting against IPC Tender for procurement of 113 Nos. of Impurities at IPC - Indian Pharmacopoeia Commission	51997
/hi/news-archive/933-applications-are-invited-for-the-engagement-of-contractual-position-of-jr-materiovigilancce-associate-at-indian-pharmacopoeia-commission-ipc-through-manpower-resource-outsourcing-services-providing-agency.html	html	hi	T2-article-detail	Applications are invited for the engagement of contractual position of Jr. Materiovigilancce Associate at Indian Pharmacopoeia Commission (IPC) through Manpower Resource Outsourcing Services Providing Agency. - Indian Pharmacopoeia Commission	50160
/hi/news-archive/934-applications-are-invited-for-the-engagement-of-contractual-position-of-pharmacopoeia-scientist-at-indian-pharmacopoeia-commission-ipc-through-manpower-resource-outsourcing-services-providing-agency.html	html	hi	T2-article-detail	Applications are invited for the engagement of contractual position of Pharmacopoeia Scientist at Indian Pharmacopoeia Commission (IPC) through Manpower Resource Outsourcing Services Providing Agency. - Indian Pharmacopoeia Commission	50093
/hi/news-archive/935-applications-are-invited-for-the-engagement-of-contractual-position-of-pharmacopoeial-associate-phyto-at-indian-pharmacopoeia-commission-ipc-through-manpower-resource-outsourcing-services-providing-agency.html	html	hi	T2-article-detail	Applications are invited for the engagement of contractual position of Pharmacopoeial Associate at Indian Pharmacopoeia Commission (IPC) through Manpower Resource Outsourcing Services Providing Agency. - Indian Pharmacopoeia Commission	50100
/hi/news-archive/936-virtual-worksop-cum-training-progrmmeon-pharmacovigilance-for-nabh-accredited-hospitals-in-india.html	html	hi	T2-article-detail	Virtual Worksop-cum-Training Progrmmeon Pharmacovigilance for NABH Accredited Hospitals in India - Indian Pharmacopoeia Commission	52118
/hi/news-archive/937-call-for-experts-join-expert-working-groups-of-the-indian-pharmacopoeia.html	html	hi	T2-article-detail	Call for Experts: Join Expert Working Groups of the Indian Pharmacopoeia - Indian Pharmacopoeia Commission	49504
/hi/news-archive/938-corrigendum-against-tender-for-supply-of-113-nos-of-impurities-against-tender-no-ipc-5555-2021-22,-dated-05-01-2022.html	html	hi	T2-article-detail	Corrigendum against Tender for supply of 113 Nos. of impurities against Tender No. IPC/5555/2021-22, dated. 05.01.2022 - Indian Pharmacopoeia Commission	49963
/hi/news-archive/939-the-advertisement-published-in-employment-news-dated-26th-december,-2020-1st-january,-2021-for-the-post-of-scientific-assistant.html	html	hi	T2-article-detail	Cancellation of recruitment for the Advertisement published in Employment News dated 26th December, 2020-1st January, 2021 for the post of Scientific Assistant - Indian Pharmacopoeia Commission	49796
/hi/news-archive/940-cancellation-of-recruitment-for-the-advertisement-no-ipc-1110-2019-20-dated-4th-june,-2019-published-in-employment-news-dated-29th-june,-2019.html	html	hi	T2-article-detail	Cancellation of recruitment for the Advertisement No IPC/1110/2019-20 dated 4th June, 2019 published in Employment News dated 29th June, 2019, for the post of Pharmacopoeia Proof Reader - Indian Pharmacopoeia Commission	49952
/hi/news-archive/941-ipc-s-notice-regarding-use-of-authentic-iprs-and-impurity-standards.html	html	hi	T2-article-detail	IPC's Notice Regarding Use of Authentic IPRS and Impurity Standards - Indian Pharmacopoeia Commission	49248
/hi/news-archive/942-ipc-update-february-4,-2022-inclusion-of-dissolution-test-in-prolonged-release-formulations-in-ip-and-adoption-of-flexible-monograph-approach.html	html	hi	T2-article-detail	IPC Update February 4, 2022 Inclusion of Dissolution Test in Prolonged-release Formulations in IP and Adoption of Flexible Monograph Approach - Indian Pharmacopoeia Commission	49838
/hi/news-archive/944-link-for-opening-of-technical-bids-against-tender-no-ipc-5555-2021-22-for-supply-of-pharmaceutical-impurities-at-ipc,-ghaziabad.html	html	hi	T2-article-detail	Link for Opening of Technical Bids against Tender No. IPC/5555/2021-22 for Supply of Pharmaceutical Impurities at IPC, Ghaziabad - Indian Pharmacopoeia Commission	52025
/hi/news-archive/945-a-walk-in-interview-is-going-to-be-held-for-the-engagement-of-pharmacopoeial-assistant-at-indian-pharmacopoeia-commission-ipc-,-ghaziabad-on-17-02-2022-purely-on-contract-basis-through-manpower-resource-outsourcing-services-providing-agency.html	html	hi	T2-article-detail	A Walk-in Interview is going to be held for the engagement of Pharmacopoeial Assistant at Indian Pharmacopoeia Commission (IPC), Ghaziabad on 18.02.2022 purely on contract basis through Manpower Resource Outsourcing Services Providing Agency. - Indian Pharmacopoeia Commission	52877
/hi/news-archive/946-virtual-induction-cum-training-programme-on-pharmacovigilance-for-coordinators-deputy-coordinators-of-newly-recognized-amcs-and-newly-recruited-pharmacovigilance-associates-at-amcs-held-on-31st-january-to-2nd-february-2022.html	html	hi	T2-article-detail	Virtual Induction-cum-Training Programme on Pharmacovigilance for Coordinators/Deputy Coordinators of Newly Recognized AMCs and Newly Recruited Pharmacovigilance Associates at AMCs held on 31st January to 2nd February 2022 - Indian Pharmacopoeia Commission	52864
/hi/news-archive/947-cancellation-of-the-advertisement-for-the-post-of-driver-in-ipc.html	html	hi	T2-article-detail	Cancellation of the advertisement for the post of Driver in IPC - Indian Pharmacopoeia Commission	49138
/hi/news-archive/949-pharmacopoeial-scientist-microbiology-division-applications-are-invited-for-the-following-vacant-post-purely-on-contract-basis-at-indian-pharmacopoeia-commission-ipc-,-an-autonomous-organization-under-the-ministry-of-health-family-welfare,-ghaziabad,-through-manpower-resource-outsourcing-services-providing-agency.html	html	hi	T2-article-detail	Applications for Pharmacopoeial Scientist are invited for the following vacant post purely on contract basis at Indian Pharmacopoeia Commission (IPC), Ghaziabad, through Manpower Resource Outsourcing Services Providing Agency. Back Pharmacopoeial Scientis - Indian Pharmacopoeia Commission	50574
/hi/news-archive/950-regional-workshop-via-webinar-on-pharmacovigilance-esablishment-of-pharmacovigilance-system-in-pharmaceutical-industries-a-way-forward-on-march-29,-2022.html	html	hi	T2-article-detail	Regional Workshop via Webinar on Pharmacovigilance &amp; Establishment of Pharmacovigilance System in Pharmaceutical Industries - A Way Forward On March 29, 2022 - Indian Pharmacopoeia Commission	53356
/hi/news-archive/953-blood-donation-camp.html	html	hi	T2-article-detail	BLOOD DONATION CAMP - Indian Pharmacopoeia Commission	50757
/hi/news-archive/954-aasss.html	html	hi	T2-article-detail	Proficiency Testing Schedule (Year 2022-2023) - Indian Pharmacopoeia Commission	49004
/hi/news-archive/955-glimpses-of-blood-donation-campt-at-ipc-campus.html	html	hi	T2-article-detail	Glimpses of Blood Donation Campt at IPC Campus - Indian Pharmacopoeia Commission	49144
/hi/news-archive/956-healthcare-professionals-are-requested-to-fill-questionnaire-to-asses-kap-knowledge,-attitude-practice-on-safety-surveillance-practice-of-medical-devices-in-india.html	html	hi	T2-article-detail	Healthcare professionals are requested to fill questionnaire to asses KAP (Knowledge, Attitude &amp; Practice) on safety surveillance practice of medical devices in India - Indian Pharmacopoeia Commission	50959
/hi/news-archive/964-for-any-query-regarding-quality-management-system,-kindly-e-mail-us-at-qualityassurance-ipc-gov-in-only.html	html	hi	T2-article-detail	For any query regarding Quality Management System, kindly e-mail us at qualityassurance-ipc@gov.in only - Indian Pharmacopoeia Commission	50980
/hi/news-archive/965-ipc-is-organising-a-awareness-programme-on-indian-pharmacopoeia-ip-and-indian-pharmacopoeia-reference-standards-iprs-on-thursday,-28th-april-2022-at-lp-vilas-hotel,-dehradun-timing-10-00-am-16-30-pm.html	html	hi	T2-article-detail	IPC is organising a awareness programme on Indian Pharmacopoeia (IP) and Indian Pharmacopoeia Reference Substances (IPRS) on Thursday, 28th April 2022 at LP vilas Hotel, Dehradun. Timing: 10:00 AM - 04:30 PM - Indian Pharmacopoeia Commission	51943
/hi/news-archive/983-survey-of-institutions-libraries-for-the-development-usage-of-ipc-library-resources.html	html	hi	T2-article-detail	Survey of Institutions / Libraries for the development &amp; Usage of IPC Library Resources. - Indian Pharmacopoeia Commission	51474
/hi/news-archive/984-applications-are-invited-for-the-following-vacant-post-purely-on-contract-basis-at-indian-pharmacopoeia-commission-ipc-,-an-autonomous-organization-under-the-ministry-of-health-family-welfare,-ghaziabad,-through-manpower-resource-outsourcing-services-providing-agency.html	html	hi	T2-article-detail	Applications are invited for the Pharmacopoeial Associate vacant post purely on contract basis at Indian Pharmacopoeia Commission (IPC), an Autonomous organization under the Ministry of Health &amp; Family Welfare, Ghaziabad, through Outsourcing Agency. - Indian Pharmacopoeia Commission	53946
/hi/news-archive/985-applications-are-invited-for-the-sr-pharmacopoeial-associate-vacant-post-purely-on-contract-basis-at-indian-pharmacopoeia-commission-ipc-,-an-autonomous-organization-under-the-ministry-of-health-family-welfare,-ghaziabad,-through-manpower-resource-outsourcing-services.html	html	hi	T2-article-detail	Applications are invited for the Sr. Pharmacopoeial Associate vacant post purely on contract basis at Indian Pharmacopoeia Commission (IPC), an Autonomous organization under the Ministry of Health &amp; Family Welfare, Ghaziabad, through Outsourcing Agency. - Indian Pharmacopoeia Commission	53973
/hi/news-archive/986-applications-are-invited-for-the-following-vacant-post-purely-on-contract-basis-at-indian-pharmacopoeia-commission-ipc-,-an-autonomous-organization-under-the-ministry-of-health-family-welfare,-ghaziabad,-through-manpower-resource-outsourcing-services-providing-agency-2.html	html	hi	T2-article-detail	Applications are invited for the post of Jr. Materiovigilance Associate purely on contract basis at IPC, an Autonomous organization under the Ministry of Health &amp; Family Welfare, Ghaziabad, through Manpower Resource Outsourcing Agency. - Indian Pharmacopoeia Commission	54440
/hi/news-archive/989-glimpses-of-7th-international-conference-on-pharmaceuticals-medical-devices-industry-i-e-india-pharma-2022-india-medical-device-2022-from-25th-27th-april-2022-at-dr-ambedkar-international-centre,-new-delhi-110001.html	html	hi	T2-article-detail	Glimpses of 7th International Conference on Pharmaceuticals &amp; Medical Devices Industry i.e. INDIA PHARMA 2022 &amp; INDIA MEDICAL DEVICE 2022 from 25th-27th April 2022 at Dr Ambedkar International Centre, New Delhi-110001. - Indian Pharmacopoeia Commission	51457
/hi/news-archive/990-pvpi-newsletter-vol-12-issue-1-2022.html	html	hi	T2-article-detail	PvPI Newsletter - Vol. 12 (Issue 1) 2022 - Indian Pharmacopoeia Commission	49312
/hi/news-archive/991-guidance-manual-for-online-and-offline-order-pathway.html	html	hi	T2-article-detail	How to Buy (Guidance Manual) - Indian Pharmacopoeia Commission	50973
/hi/news-archive/992-glimpses-of-workshop-on-save-birds-through-eco-roots-foundation,-new-delhi-on-29th-april-2022-at-ipc,-campus.html	html	hi	T2-article-detail	Glimpses of Workshop on SAVE BIRDS through ECO ROOTS FOUNDATION, New Delhi held on 29th April 2022 at IPC, Campus. - Indian Pharmacopoeia Commission	51559
/hi/news-archive/993-glimpses-of-awareness-program-on-indian-pharmacopoeia-iprs.html	html	hi	T2-article-detail	Glimpses of Awareness program on Indian Pharmacopoeia &amp; IPRS. - Indian Pharmacopoeia Commission	50651
/hi/news-archive/994-announcement-for-ipc-conference-2022-and-release-of-indian-pharmacopoeia-2022-on-july-01,-2022-in-new-delhi.html	html	hi	T2-article-detail	Announcement for IPC Conference 2022 and Release of Indian Pharmacopoeia 2022 on July 01, 2022 in New Delhi - Indian Pharmacopoeia Commission	49755
/hi/news-archive/996-workshop-cum-training-programme-on-pharmacovigilance-for-staff-of-nabh-accredited-hospitals.html	html	hi	T2-article-detail	Workshop-cum-Training Programme on Pharmacovigilance for staff of NABH Accredited Hospitals. - Indian Pharmacopoeia Commission	49674
/hi/news-archive/997-dr-rajeev-singh-raghuvanshi,-secretary-cum-scientific-director,-indian-pharmacopoeia-commission-ipc-visited-ccs-national-institute-of-animal-health-baghpat-uttar-pradesh.html	html	hi	T2-article-detail	Dr. Rajeev Singh Raghuvanshi, Secretary-cum-Scientific Director, Indian Pharmacopoeia Commission (IPC) visited CCS National Institute of Animal Health Baghpat Uttar Pradesh. - Indian Pharmacopoeia Commission	50390
/hi/news-archive/998-vacancy-circular-for-sr-pharmacopoeial-associate-vacant-posts-purely-on-contract-basis-at-indian-pharmacopoeia-commission-ipc.html	html	hi	T2-article-detail	Vacancy circular for Sr Pharmacopoeial Associate vacant posts purely on contract basis at Indian Pharmacopoeia Commission (IPC) - Indian Pharmacopoeia Commission	49617
/hi/news-archive/999-vacancy-circular-for-pharmacopoeial-associate-vacant-posts-purely-on-contract-basis-at-indian-pharmacopoeia-commission-ipc.html	html	hi	T2-article-detail	Vacancy circular for Pharmacopoeial Associate vacant posts purely on contract basis at Indian Pharmacopoeia Commission (IPC) - Indian Pharmacopoeia Commission	49595
/hi/news-highlights.feed	html	hi	T4-category-list	नवीनतम समाचार - Indian Pharmacopoeia Commission	50686
/hi/news-highlights/139-%E0%A4%B9%E0%A4%BF%E0%A4%82%E0%A4%A6%E0%A5%80-%E0%A4%B8%E0%A4%AE%E0%A4%BE%E0%A4%9A%E0%A4%BE%E0%A4%B0.html	html	hi	T2-article-detail	हिंदी समाचार - Indian Pharmacopoeia Commission	48915
/hi/news-highlights/139-%EF%BF%BD%EF%BF%BD%EF%BF%BD%EF%BF%BD%EF%BF%BD%EF%BF%BD%EF%BF%BD%EF%BF%BD%EF%BF%BD%EF%BF%BD%EF%BF%BD%EF%BF%BD%EF%BF%BD%EF%BF%BD%EF%BF%BD-%EF%BF%BD%EF%BF%BD%EF%BF%BD%EF%BF%BD%EF%BF%BD%EF%BF%BD%EF%BF%BD%EF%BF%BD%EF%BF%BD%EF%BF%BD%EF%BF%BD%EF%BF%BD%EF%BF%BD%EF%BF%BD%EF%BF%BD%EF%BF%BD%EF%BF%BD%EF%BF%BD.html	html	hi	T2-article-detail	हिंदी समाचार - Indian Pharmacopoeia Commission	49113
/hi/news-highlights/139-हिंदी-समाचार.html	html	hi	T2-article-detail	हिंदी समाचार - Indian Pharmacopoeia Commission	48915
/hi/training-form.html	html	hi	T5-plain-content	Training Form - Indian Pharmacopoeia Commission	70056
/hi/अन्य-वेबसाइटों-के-लिंक.html	html	hi	T5-plain-content	अन्य वेबसाइटों के लिंक - Indian Pharmacopoeia Commission	50142
/hi/अन्य-वेबसाइटों-के-लिंक/websitelinks.html	html	hi	T5-plain-content	अन्य वेबसाइटों के लिंक - Indian Pharmacopoeia Commission	50502
/hi/अस्वीकरण.html	html	hi	T2-article-detail	अस्वीकरण - Indian Pharmacopoeia Commission	51838
/hi/आदेश-परिपत्र-और-नोटिस.html	html	hi	T3-listing-paginated	आदेश / परिपत्र और नोटिस - Indian Pharmacopoeia Commission	50669
/hi/ई-सेवाएं.html	html	hi	T2-article-detail	ई-सेवाएं - Indian Pharmacopoeia Commission	48720
/hi/ई-सेवाएं/आदेश-आईपीआरएस/ऑफलाइन.html	html	hi	T2-article-detail	ऑफलाइन - Indian Pharmacopoeia Commission	49623
/hi/ई-सेवाएं/आदेश-पुस्तकें/ऑफलाइन.html	html	hi	T2-article-detail	ऑफलाइन - Indian Pharmacopoeia Commission	49812
/hi/करियर.html	html	hi	T3-listing-paginated	आजीविका - Indian Pharmacopoeia Commission	50740
/hi/करियर/careers.html	html	hi	T3-listing-paginated	आजीविका - Indian Pharmacopoeia Commission	51017
/hi/करियर/careers_archive.html	html	hi	T3-listing-paginated	आजीविका - Indian Pharmacopoeia Commission	50764
/hi/कॉपीराइट-नीति.html	html	hi	T2-article-detail	कॉपीराइट नीति - Indian Pharmacopoeia Commission	50547
/hi/गोपनीयता-नीति.html	html	hi	T2-article-detail	गोपनीयता नीति - Indian Pharmacopoeia Commission	54730
/hi/जनादेश/pvpi/पीवीपीआई-अपडेट.html	html	hi	T2-article-detail	पी.वी.पी.आई. अपडेट - Indian Pharmacopoeia Commission	76857
/hi/जनादेश/pvpi/फार्माकोविजिलेंस-स्किल-डेवलपमेंट-प्रोग्राम.html	html	hi	T2-article-detail	भेषजसतर्कता कौशल विकास कार्यक्रम - Indian Pharmacopoeia Commission	55725
/hi/जनादेश/pvpi/भारत-की-मातृविज्ञान-कार्यक्रम-एमवीपीआई.html	html	hi	T2-article-detail	भारतीय मटीरियोविजिलेंस कार्यक्रम (एम.वी.पी.आई.) - Indian Pharmacopoeia Commission	53583
/hi/जनादेश/आईपी-​​संदर्भ-पदार्थ-आईपीआरएस-और-अशुद्धि-मानक.html	html	hi	T2-article-detail	आई.पी. ​​संदर्भ पदार्थ (आई.पी.आर.एस.) और अशुद्धि मानक - Indian Pharmacopoeia Commission	60302
/hi/जनादेश/आईपी-​​संदर्भ-पदार्थ-आईपीआरएस-और-अशुद्धि-मानक/आईपी-प्रेडनिसोन-टैब्लेट-डिज़ोल्यूशन-एप्परेटस-कैलिब्रेटर-आईपीसी,-गाजियाबाद-में-उपलब्ध-है.html	html	hi	T2-article-detail	आई.पी. प्रेडनिसोन टैब्लेट (डिज़ोल्यूशन एप्परेटस कैलिब्रेटर) आई.पी.सी., गाजियाबाद में उपलब्ध है - Indian Pharmacopoeia Commission	53995
/hi/जनादेश/आईपी-​​संदर्भ-पदार्थ-आईपीआरएस-और-अशुद्धि-मानक/आईपीआरएस-का-प्रभावी-उपयोग.html	html	hi	T2-article-detail	आई.पी.आर.एस. का प्रभावी उपयोग - Indian Pharmacopoeia Commission	58011
/hi/जनादेश/आईपी-​​संदर्भ-पदार्थ-आईपीआरएस-और-अशुद्धि-मानक/आईपीआरएस-के-बारे-में.html	html	hi	T2-article-detail	आई.पी.आर.एस. के बारे में - Indian Pharmacopoeia Commission	61530
/hi/जनादेश/आईपी-​​संदर्भ-पदार्थ-आईपीआरएस-और-अशुद्धि-मानक/एनआईबी,-नोएडा-में-उपलब्ध-संदर्भ-मानक-जैवप्रौद्यौगिकी-उत्पाद.html	html	hi	T2-article-detail	एन.आई.बी., नोएडा में उपलब्ध संदर्भ मानक जैवप्रौद्यौगिकी उत्पाद - Indian Pharmacopoeia Commission	52385
/hi/जनादेश/आईपी-​​संदर्भ-पदार्थ-आईपीआरएस-और-अशुद्धि-मानक/एम-टी-सी-सी-,-चंडीगढ़-में-उपलब्ध-माइक्रोबियल-कल्चर-का-संदर्भ.html	html	hi	T2-article-detail	एम.टी.सी.सी., चंडीगढ़ में उपलब्ध माइक्रोबियल कल्चर का संदर्भ - Indian Pharmacopoeia Commission	61064
/hi/जनादेश/कौशल-विकास.html	html	hi	T2-article-detail	कौशल विकास - Indian Pharmacopoeia Commission	54366
/hi/जनादेश/भारतीय-फार्माकोपिया-आईपी.html	html	hi	T2-article-detail	भारतीय फार्माकोपिया (आई.पी.) - Indian Pharmacopoeia Commission	63523
/hi/जनादेश/भारतीय-फार्माकोपिया-आईपी/आई-पी-की-समीक्षा-प्रक्रिया.html	html	hi	T2-article-detail	आई.पी. की समीक्षा प्रक्रिया - Indian Pharmacopoeia Commission	50819
/hi/जनादेश/भारतीय-फार्माकोपिया-आईपी/आई-पी-के-लिए-वितरण-नेटवर्क.html	html	hi	T2-article-detail	आई.पी. के लिए वितरण नेटवर्क - Indian Pharmacopoeia Commission	59066
/hi/जनादेश/भारतीय-फार्माकोपिया-आईपी/आई-पी-​​मोनोग्राफ-के-विकास-के-लिए-एस-ओ-पी.html	html	hi	T2-article-detail	आई.पी. ​​मोनोग्राफ के विकास के लिए एस.ओ.पी. - Indian Pharmacopoeia Commission	50404
/hi/जनादेश/भारतीय-फार्माकोपिया-आईपी/आई-पी-​​संदर्भ-स्पेक्ट्रा.html	html	hi	T2-article-detail	आई.पी. ​​संदर्भ स्पेक्ट्रा - Indian Pharmacopoeia Commission	50082
/hi/जनादेश/भारतीय-फार्माकोपिया-आईपी/आईपी-के-बारे-में.html	html	hi	T2-article-detail	आई.पी. के बारे में - Indian Pharmacopoeia Commission	64573
/hi/जनादेश/भारतीय-फार्माकोपिया-आईपी/भारतीय-फार्माकोपिया-2014-और-उसके-ऐडेंडे.html	html	hi	T2-article-detail	भारतीय फार्माकोपिया 2014 और उसके ऐडेंडे - Indian Pharmacopoeia Commission	51140
/hi/जनादेश/भारतीय-फार्माकोपिया-आईपी/भारतीय-फार्माकोपिया-2018-के-लिए-रोड-मैप.html	html	hi	T2-article-detail	भारतीय फार्माकोपिया 2018 के लिए रोड मैप - Indian Pharmacopoeia Commission	51873
/hi/जनादेश/भारतीय-फार्माकोपिया-आईपी/भारतीय-फार्माकोपिया-पर-अद्यतन.html	html	hi	T2-article-detail	भारतीय फार्माकोपिया पर अद्यतन - Indian Pharmacopoeia Commission	52684
/hi/जनादेश/भारतीय-फार्माकोपिया-आईपी/भारतीय-भेषजसंहिता-2018-और-इसके-अनुशेष.html	html	hi	T2-article-detail	भारतीय भेषजसंहिता 2018 और इसके अनुशेष - Indian Pharmacopoeia Commission	59042
/hi/जनादेश/भारतीय-फार्माकोपिया-आईपी/मोनोग्राफ-के-स्वरूपण-के-लिए-दिशानिर्देश.html	html	hi	T2-article-detail	मोनोग्राफ के स्वरूपण के लिए दिशानिर्देश - Indian Pharmacopoeia Commission	51071
/hi/जनादेश/भारतीय-फार्माकोपिया-आईपी/मोनोग्राफ-समावेश-बहिष्करण-मानदंड.html	html	hi	T2-article-detail	मोनोग्राफ समावेश-बहिष्करण मानदंड - Indian Pharmacopoeia Commission	52744
/hi/जनादेश/भारतीय-फार्माकोपिया-आईपी/मोनोग्राफ/आई-पी-2018-के-लिए-तैयारी-के-तहत-मोनोग्राफ.html	html	hi	T2-article-detail	आई.पी. 2018 के लिए तैयारी के तहत मोनोग्राफ - Indian Pharmacopoeia Commission	51716
/hi/जनादेश/भारतीय-फार्माकोपिया-आईपी/मोनोग्राफ/मोनोग्राफ-पर-टिप्पणी.html	html	hi	T2-article-detail	मोनोग्राफ पर टिप्पणी - Indian Pharmacopoeia Commission	56284
/hi/जनादेश/भारतीय-फार्माकोपिया-आईपी/विशेषज्ञ-कार्य-समूह-की-बैठक.html	html	hi	T2-article-detail	विशेषज्ञ कार्य समूह की बैठक - Indian Pharmacopoeia Commission	50894
/hi/जनादेश/भारतीय-राष्ट्रीय-सूत्र-एनएफआई.html	html	hi	T2-article-detail	भारतीय राष्ट्रीय सूत्र (एन.एफ.आई.) - Indian Pharmacopoeia Commission	52969
/hi/जनादेश/भारतीय-राष्ट्रीय-सूत्र-एनएफआई/nfi-2016-के-लिए-सामग्री-सूची.html	html	hi	T2-article-detail	एन.एफ.आई. 2016 के लिए सामग्री सूची - Indian Pharmacopoeia Commission	50668
/hi/जनादेश/भारतीय-राष्ट्रीय-सूत्र-एनएफआई/एन-एफ-आइ-2016-की-मुख्य-विशेषताएं.html	html	hi	T2-article-detail	एन.एफ.आइ. 2016 की मुख्य विशेषताएं - Indian Pharmacopoeia Commission	50755
/hi/जनादेश/भारतीय-राष्ट्रीय-सूत्र-एनएफआई/एनएफआई-2016-की-खरीद.html	html	hi	T2-article-detail	एन.एफ.आई. 2016 की खरीद - Indian Pharmacopoeia Commission	58866
/hi/जनादेश/भारतीय-राष्ट्रीय-सूत्र-एनएफआई/भारतीय-राष्ट्रीय-फार्मूलरी-2016-का-विमोचन.html	html	hi	T2-article-detail	भारतीय राष्ट्रीय फार्मूलरी 2016 का विमोचन - Indian Pharmacopoeia Commission	55145
/hi/जनादेश/भारतीय-राष्ट्रीय-सूत्र-एनएफआई/राष्ट्रीय-भारतीय-फार्मूलरी-एनएफआई.html	html	hi	T2-article-detail	एन.एफ.आई. के बारे में - Indian Pharmacopoeia Commission	56160
/hi/नियम-एवं-शर्तें.html	html	hi	T2-article-detail	नियम एवं शर्तें - Indian Pharmacopoeia Commission	52654
/hi/निविदाएं.html	html	hi	T3-listing-paginated	निविदाएं - Indian Pharmacopoeia Commission	50248
/hi/मीडिया.html	html	hi	T2-article-detail	मीडिया - Indian Pharmacopoeia Commission	48710
/hi/मीडिया/आईपीसी-का-आभासी-दौरा.html	html	hi	T2-article-detail	आई.पी.सी. की दृश्य यात्रा - Indian Pharmacopoeia Commission	49534
/hi/मीडिया/ऑडियो-विजुअल-गैलरी.html	html	hi	T2-article-detail	दृश्य-श्रव्य गैलरी - Indian Pharmacopoeia Commission	49401
/hi/मीडिया/चित्र-प्रदर्शनी.html	html	hi	T2-article-detail	फोटो गैलरी - Indian Pharmacopoeia Commission	49375
/hi/मीडिया/दबाएँ-विज्ञप्ति.html	html	hi	T2-article-detail	प्रेस विज्ञप्ति - Indian Pharmacopoeia Commission	49864
/hi/मीडिया/समाचार-एवं-मीडिया-में-आईपीसी.html	html	hi	T2-article-detail	समाचार एवं मीडिया में आई.पी.सी. - Indian Pharmacopoeia Commission	50623
/hi/मीडिया/समाचार-और-हाइलाइट्स.feed	html	hi	T4-category-list	समाचार और प्रमुखताएँ - Indian Pharmacopoeia Commission	51639
/hi/मीडिया/समाचार-और-हाइलाइट्स.html	html	hi	T4-category-list	समाचार और प्रमुखताएँ - Indian Pharmacopoeia Commission	51639
/hi/सूचना-का-अधिकार.html	html	hi	T2-article-detail	सूचना का अधिकार - Indian Pharmacopoeia Commission	66789
/hi/हमारे-बारे-में.html	html	hi	T2-article-detail	हमारे बारे में - Indian Pharmacopoeia Commission	56235
/hi/हमारे-बारे-में/अध्यक्ष-से-संदेश.html	html	hi	T2-article-detail	अध्यक्ष से संदेश - Indian Pharmacopoeia Commission	49559
/hi/हमारे-बारे-में/कर्मचारियों-की-सूची.html	html	hi	T2-article-detail	कर्मचारियों की सूची - Indian Pharmacopoeia Commission	50620
/hi/हमारे-बारे-में/भारतीय-फार्माकोपिया-आयोग.html	html	hi	T2-article-detail	भारतीय फार्माकोपिया आयोग - Indian Pharmacopoeia Commission	52984
/hi/हमारे-बारे-में/भारतीय-फार्माकोपिया-आयोग/mission-vision-and-objectives-of-ipc.html	html	hi	T2-article-detail	आई.पी.सी. के लक्ष्य और दृष्टिकोण - Indian Pharmacopoeia Commission	51350
/hi/हमारे-बारे-में/भारतीय-फार्माकोपिया-आयोग/आईपीसी-का-गठन.html	html	hi	T2-article-detail	आई.पी.सी. का गठन - Indian Pharmacopoeia Commission	53415
/hi/हमारे-बारे-में/भारतीय-फार्माकोपिया-आयोग/आईपीसी-की-संरचना.html	html	hi	T2-article-detail	आई.पी.सी. की संरचना - Indian Pharmacopoeia Commission	51177
/hi/हमारे-बारे-में/भारतीय-फार्माकोपिया-आयोग/भारतीय-फार्माकोपिया-लैबोरेटरी-आईपीएल/कौशल-विकास-और-दवा-की-खोज-के-लिए-विश्लेषणात्मक-समर्थन.html	html	hi	T2-article-detail	कौशल विकास और दवा की खोज के लिए विश्लेषणात्मक समर्थन - Indian Pharmacopoeia Commission	63966
/hi/हमारे-बारे-में/भारतीय-फार्माकोपिया-आयोग/भारतीय-फार्माकोपिया-लैबोरेटरी-आईपीएल/नए-ड्रग्स-परीक्षण.html	html	hi	T2-article-detail	नए ड्रग्स परीक्षण - Indian Pharmacopoeia Commission	54197
/hi/हमारे-बारे-में/भारतीय-फार्माकोपिया-आयोग/वार्षिक-रिपोर्ट्स.html	html	hi	T2-article-detail	वार्षिक रिपोर्ट्स - Indian Pharmacopoeia Commission	52106
/hi/हमारे-बारे-में/विभाग.html	html	hi	T2-article-detail	विभाग - Indian Pharmacopoeia Commission	49284
/hi/हमारे-बारे-में/विभाग/phytopharmaceutical.html	html	hi	T2-article-detail	पादप औषधि - Indian Pharmacopoeia Commission	75838
/hi/हमारे-बारे-में/विभाग/store.html	html	hi	T2-article-detail	भंडार - Indian Pharmacopoeia Commission	49660
/hi/हमारे-बारे-में/विभाग/औषध.html	html	hi	T2-article-detail	औषधशास्त्र - Indian Pharmacopoeia Commission	49771
/hi/हमारे-बारे-में/विभाग/कीटाणु-विज्ञान.html	html	hi	T2-article-detail	सूक्ष्मजैविकी - Indian Pharmacopoeia Commission	53367
/hi/हमारे-बारे-में/विभाग/गुणवत्ता-आश्वासन.html	html	hi	T2-article-detail	गुणवत्ता आश्वासन - Indian Pharmacopoeia Commission	50033
/hi/हमारे-बारे-में/विभाग/जीवविज्ञानिक.html	html	hi	T2-article-detail	जैविक - Indian Pharmacopoeia Commission	55636
/hi/हमारे-बारे-में/विभाग/प्रकाशन.html	html	hi	T2-article-detail	प्रकाशन - Indian Pharmacopoeia Commission	50778
/hi/हमारे-बारे-में/विभाग/वित्त-और-लेखांकन.html	html	hi	T2-article-detail	वित्त एवं लेखा - Indian Pharmacopoeia Commission	49992
/hi/हमारे-बारे-में/विभाग/वित्त-और-लेखांकन/नकद-और-लेखा.html	html	hi	T2-article-detail	नकद और लेखा - Indian Pharmacopoeia Commission	50581
/hi/हमारे-बारे-में/विभाग/वित्त-और-लेखांकन/बजट.html	html	hi	T2-article-detail	बजट - Indian Pharmacopoeia Commission	50384
/hi/हमारे-बारे-में/विभाग/वित्त-और-लेखांकन/लेखा-परीक्षा.html	html	hi	T2-article-detail	लेखा परीक्षा - Indian Pharmacopoeia Commission	50604
/hi/हमारे-बारे-में/विभाग/विश्लेषणात्मक-अनुसंधान-एवं-विकास-एआर-एंड-डी.html	html	hi	T2-article-detail	विश्लेषणात्मक अनुसंधान एवं विकास (ए.आर एंड डी) - Indian Pharmacopoeia Commission	56083
/hi/हमारे-बारे-में/विभाग/शासन-प्रबंध.html	html	hi	T2-article-detail	शासन प्रशासन - Indian Pharmacopoeia Commission	49905
/hi/हमारे-बारे-में/विभाग/संदर्भ-मानक.html	html	hi	T2-article-detail	संदर्भ मानक - Indian Pharmacopoeia Commission	60718
/hi/हमारे-बारे-में/संगठनात्मक-चार्ट.html	html	hi	T2-article-detail	संगठनात्मक चार्ट - Indian Pharmacopoeia Commission	50048
/hi/हमारे-बारे-में/सचिव-सह-वैज्ञानिक-निदेशक-के-संदेश.html	html	hi	T2-article-detail	सचिव-सह-वैज्ञानिक निदेशक के संदेश - Indian Pharmacopoeia Commission	55313
/hi/हमारे-बारे-में/हम-से-संपर्क-करें.html	html	hi	T2-article-detail	हम से संपर्क करें - Indian Pharmacopoeia Commission	50173
/hi/हमारे-बारे-में/हम-से-संपर्क-करें/आईपीसी-का-रूट-नक्शा.html	html	hi	T2-article-detail	आई.पी.सी. का रूट नक्शा - Indian Pharmacopoeia Commission	50975
/hi/हमारे-बारे-में/हम-से-संपर्क-करें/फेसबुक,-ट्विटर,-यूट्यूब.html	html	hi	T2-article-detail	फेसबुक, ट्विटर, यूट्यूब - Indian Pharmacopoeia Commission	50383
/hi/हाइपरलिंकिंग-नीति.html	html	hi	T2-article-detail	हाइपरलिंकिंग नीति - Indian Pharmacopoeia Commission	51559
/https:/ipc.gov.in/news-highlights/799-vacancy-circular-for-various-posts-at-ipc-purely-on-contractual-basis-through-manpower-resource-outsourcing-services-providing-agency-28-10-20.html	html	en	T2-article-detail	Vacancy Circular for Various Posts at IPC Purely on Contractual basis through Manpower Resource Outsourcing Services Providing Agency. - Indian Pharmacopoeia Commission	71566
/https:/www.ipc.gov.in/news-highlights/792-vacancy-c	html	en	T2-article-detail	Vacancy Circular for Various Posts at IPC Purely on Contractual basis through Manpower Resource Outsourcing Services Providing Agency. - Indian Pharmacopoeia Commission	74844
/https:/www.ipc.gov.in/news-highlights/792-vacancy-circular-for-various-posts-at-ipc-purely-on-contractual-basis-through-manpower-resource-outsourcing-services-providing-agency.html	html	en	T2-article-detail	Vacancy Circular for Various Posts at IPC Purely on Contractual basis through Manpower Resource Outsourcing Services Providing Agency. - Indian Pharmacopoeia Commission	74973
/https:/www.ipc.gov.in/news-highlights/792-vacancy-circular-for-various-posts-at-ipc-purely-on-contractual-basis-through-manpower-resource-outsourcing-services-providing-agency.html%EF%BF%BD%EF%BF%BD%EF%BF%BD	html	en	T2-article-detail	Vacancy Circular for Various Posts at IPC Purely on Contractual basis through Manpower Resource Outsourcing Services Providing Agency. - Indian Pharmacopoeia Commission	75000
/hyperlinking-policy.html	html	en	T2-article-detail	Hyperlinking Policy - Indian Pharmacopoeia Commission	56536
/icmed-certification.html	html	en	T2-article-detail	Certification Services - Indian Pharmacopoeia Commission	58825
/icmed-certification/8-category-en/1247-applicant.html	html	en	T2-article-detail	Applicant - Indian Pharmacopoeia Commission	56470
/icmed-certification/8-category-en/1248-certified-client.html	html	en	T2-article-detail	Certified Client - Indian Pharmacopoeia Commission	56626
/icmed-certification/8-category-en/1249-directory.html	html	en	T2-article-detail	Directory - Indian Pharmacopoeia Commission	55815
/images/	html	en	T8-stub-no-joomla-markup		31
/images/38	html	en	T2-article-detail	Indian Pharmacopoeia Laboratory (IPL) - Indian Pharmacopoeia Commission	68226
/images/842_AMC_Details_As_on_	html	en	T2-article-detail	NCC-MvPI is organizing an international webinar on &quot;Ensuring safety of medical devices focussed on ocular devices&quot; on April 09, 2021 via digital/virtual platform - Indian Pharmacopoeia Commission	69387
/images/news/	html	en	T8-stub-no-joomla-markup		44
/images/pdf/5	html	en	T2-article-detail	Formation of IPC - Indian Pharmacopoeia Commission	69419
/index.php	html	en	T1-home-featured	Home - Indian Pharmacopoeia Commission	66897
/library-about.html	html	en	T9-PvPI-static	About Us - Indian Pharmacopoeia Commission	20721
/library-contact.html	html	en	T9-PvPI-static	Contact Us - Indian Pharmacopoeia Commission	19273
/library-home.html	html	en	T9-PvPI-static	Home - Indian Pharmacopoeia Commission	22643
/library-publication.html	html	en	T9-PvPI-static	Library Publications - Indian Pharmacopoeia Commission	18164
/library-publication/12-ipc-library/576-current-content-of-books-please-click.html	html	en	T9-PvPI-static	Current Content of Books - Indian Pharmacopoeia Commission	18034
/library-publication/12-ipc-library/593-current-holdings.html	html	en	T9-PvPI-static	Current Holdings - Indian Pharmacopoeia Commission	23326
/library-publication/12-ipc-library/674-indexing-abstracting-of-journals.html	html	en	T9-PvPI-static	Indexing &amp; Abstracting of Journals - Indian Pharmacopoeia Commission	18529
/library-publication/8-category-en/688-library-catalogue.html	html	en	T9-PvPI-static	Library Catalogue - Indian Pharmacopoeia Commission	23390
/library-rules.html	html	en	T9-PvPI-static	Library Rules - Indian Pharmacopoeia Commission	23572
/login.asp	html	en	T5-plain-content	Login - Indian Pharmacopoeia Commission	57870
/mandates/analytical-services.html	html	en	T2-article-detail	Analytical Services - Indian Pharmacopoeia Commission	55659
/mandates/indian-pharmacopoeia.html	html	en	T2-article-detail	Indian Pharmacopoeia (IP) - Indian Pharmacopoeia Commission	57152
/mandates/indian-pharmacopoeia/about-ip	html	en	T2-article-detail	About IP - Indian Pharmacopoeia Commission	67207
/mandates/indian-pharmacopoeia/about-ip.html	html	en	T2-article-detail	About IP - Indian Pharmacopoeia Commission	67212
/mandates/indian-pharmacopoeia/about-ip.html,	html	en	T2-article-detail	About IP - Indian Pharmacopoeia Commission	67213
/mandates/indian-pharmacopoeia/distribution-network-for-ip.html	html	en	T2-article-detail	Distribution Network for IP - Indian Pharmacopoeia Commission	61681
/mandates/indian-pharmacopoeia/general-guidance-for-phytopharmaceutical-drugs-development.html	html	en	T2-article-detail	General Guidance for Phytopharmaceutical Drugs Development - Indian Pharmacopoeia Commission	56375
/mandates/indian-pharmacopoeia/general-notices-of-ip.html	html	en	T2-article-detail	General Notices of IP - Indian Pharmacopoeia Commission	56098
/mandates/indian-pharmacopoeia/guidance-documents-for-stakeholders.html	html	en	T2-article-detail	Guidance Documents for Stakeholders - Indian Pharmacopoeia Commission	65007
/mandates/indian-pharmacopoeia/guideline-for-formatting-of-monographs.html	html	en	T2-article-detail	Guidance Document for Drafting and Formatting of Monographs for Indian Pharmacopoeia - Indian Pharmacopoeia Commission	57280
/mandates/indian-pharmacopoeia/indian-%20pharmacopoeia-2018-and-its-addenda/8-category-en/557-%20release-of-indian-pharmacopoeia-ip-2018.html	html	en	T2-article-detail	Release of Indian Pharmacopoeia (IP) - 2018 - Indian Pharmacopoeia Commission	59345
/mandates/indian-pharmacopoeia/indian-pharmacopoeia-2014-and-its-addenda.html	html	en	T2-article-detail	Indian Pharmacopoeia 2014 and its Addenda - Indian Pharmacopoeia Commission	57729
/mandates/indian-pharmacopoeia/indian-pharmacopoeia-2014-and-its-addenda/8-%20category-en/444-features-of-ip-addendum-2016.html	html	en	T2-article-detail	Features of IP Addendum 2016 - Indian Pharmacopoeia Commission	58778
/mandates/indian-pharmacopoeia/indian-pharmacopoeia-2014-and-its-addenda/8-category-%20en/235-%20highlights%20-of-ip-2014.html	html	en	T2-article-detail	Highlights of IP-2014 - Indian Pharmacopoeia Commission	58315
/mandates/indian-pharmacopoeia/indian-pharmacopoeia-2014-and-its-addenda/8-category-en/232-indian-pharmacopoeia-2014-and-its-addenda.html	html	en	T2-article-detail	Indian Pharmacopoeia 2014 -Amendments and Erratas, etc. - Indian Pharmacopoeia Commission	66751
/mandates/indian-pharmacopoeia/indian-pharmacopoeia-2014-and-its-addenda/8-category-en/234-release-of-indian-pharmacopoeia-2015.html	html	en	T2-article-detail	Release of Indian Pharmacopoeia-2014 - Indian Pharmacopoeia Commission	60988
/mandates/indian-pharmacopoeia/indian-pharmacopoeia-2014-and-its-addenda/8-category-en/235-highlights-of-ip-2014.html	html	en	T2-article-detail	Highlights of IP-2014 - Indian Pharmacopoeia Commission	58306
/mandates/indian-pharmacopoeia/indian-pharmacopoeia-2014-and-its-addenda/8-category-en/236-effective-date-of-ip-2014.html	html	en	T2-article-detail	Effective Date of IP 2014 - Indian Pharmacopoeia Commission	59265
/mandates/indian-pharmacopoeia/indian-pharmacopoeia-2014-and-its-addenda/8-category-en/237-press-release-of-ip-2014.html	html	en	T2-article-detail	Press Release of IP 2014 - Indian Pharmacopoeia Commission	59479
/mandates/indian-pharmacopoeia/indian-pharmacopoeia-2014-and-its-addenda/8-category-en/238-distribution-network-for-ip-2014.html	html	en	T2-article-detail	Distribution Network for IP 2014 - Indian Pharmacopoeia Commission	62754
/mandates/indian-pharmacopoeia/indian-pharmacopoeia-2014-and-its-addenda/8-category-en/239-installation-and-operation-of-dvd-ip-2014.html	html	en	T2-article-detail	Installation and Operation of DVD (IP 2014) - Indian Pharmacopoeia Commission	58562
/mandates/indian-pharmacopoeia/indian-pharmacopoeia-2014-and-its-addenda/8-category-en/240-list-of-anti-tubercular-drugs,-anti-cancer-drugs-and-antiretroviral-drugs-monographs-in-ip-2014.html	html	en	T2-article-detail	List of Anti-Tubercular Drugs, Anti-cancer Drugs and Antiretroviral Drugs Monographs in IP 2014 - Indian Pharmacopoeia Commission	57493
/mandates/indian-pharmacopoeia/indian-pharmacopoeia-2014-and-its-addenda/8-category-en/437-ip-addendum-2015-to-ip-2014.html	html	en	T2-article-detail	IP Addendum 2015 to IP 2014 - Indian Pharmacopoeia Commission	58406
/mandates/indian-pharmacopoeia/indian-pharmacopoeia-2014-and-its-addenda/8-category-en/438-release-of-addendum-2015-to-ip-2014.html	html	en	T2-article-detail	Release of Addendum 2015 to IP 2014 - Indian Pharmacopoeia Commission	60585
/mandates/indian-pharmacopoeia/indian-pharmacopoeia-2014-and-its-addenda/8-category-en/439-launching-of-ip-addendum-2015.html	html	en	T2-article-detail	Launching of IP Addendum-2015 - Indian Pharmacopoeia Commission	57403
/mandates/indian-pharmacopoeia/indian-pharmacopoeia-2014-and-its-addenda/8-category-en/440-ip-addendum-2015-to-ip-2014-effective-from-1st-april,-2015.html	html	en	T2-article-detail	IP Addendum 2015 to IP 2014 effective from 1st April, 2015 - Indian Pharmacopoeia Commission	64153
/mandates/indian-pharmacopoeia/indian-pharmacopoeia-2014-and-its-addenda/8-category-en/441-distribution-network-for-ip-addendum-2015.html	html	en	T2-article-detail	Distribution Network for IP Addendum 2015 - Indian Pharmacopoeia Commission	63264
/mandates/indian-pharmacopoeia/indian-pharmacopoeia-2014-and-its-addenda/8-category-en/442-ip-addendum-2016-to-ip-2014.html	html	en	T2-article-detail	IP Addendum 2016 to IP 2014 - Indian Pharmacopoeia Commission	58028
/mandates/indian-pharmacopoeia/indian-pharmacopoeia-2014-and-its-addenda/8-category-en/443-release-of-ip-addendum-2016-to-ip-2014.html	html	en	T2-article-detail	Release of IP Addendum 2016 to IP-2014 - Indian Pharmacopoeia Commission	60318
/mandates/indian-pharmacopoeia/indian-pharmacopoeia-2014-and-its-addenda/8-category-en/444-features-of-ip-addendum-2016.html	html	en	T2-article-detail	Features of IP Addendum 2016 - Indian Pharmacopoeia Commission	58775
/mandates/indian-pharmacopoeia/indian-pharmacopoeia-2014-and-its-addenda/8-category-en/445-distribution-network-for-ip-addendum-2016.html	html	en	T2-article-detail	Distribution Network for IP Addendum 2016 - Indian Pharmacopoeia Commission	63224
/mandates/indian-pharmacopoeia/indian-pharmacopoeia-2014-and-its-addenda/8-category-en/csrf.token	html	en	T4-category-list	English Category - Indian Pharmacopoeia Commission	253638
/mandates/indian-pharmacopoeia/indian-pharmacopoeia-2014-and-its-addenda/8-category-en/system.paths	html	en	T4-category-list	English Category - Indian Pharmacopoeia Commission	253642
/mandates/indian-pharmacopoeia/indian-pharmacopoeia-2018-and-its-addenda.html	html	en	T2-article-detail	Indian Pharmacopoeia 2018 and its Addenda - Indian Pharmacopoeia Commission	58006
/mandates/indian-pharmacopoeia/indian-pharmacopoeia-2018-and-its-addenda/8-category-en/250-road-map-for-indian-pharmacopoeia-2018.html	html	en	T2-article-detail	Road Map for Indian Pharmacopoeia 2018 - Indian Pharmacopoeia Commission	59043
/mandates/indian-pharmacopoeia/indian-pharmacopoeia-2018-and-its-addenda/8-category-en/557-release-of-indian-pharmacopoeia-ip-2018.html	html	en	T2-article-detail	Release of Indian Pharmacopoeia (IP) - 2018 - Indian Pharmacopoeia Commission	59978
/mandates/indian-pharmacopoeia/indian-pharmacopoeia-2018-and-its-addenda/8-category-en/587-indian-pharmacopoeia-2018.html	html	en	T2-article-detail	Indian Pharmacopoeia 2018 - Indian Pharmacopoeia Commission	65538
/mandates/indian-pharmacopoeia/indian-pharmacopoeia-2018-and-its-addenda/8-category-en/588-addendum-2019-to-ip-2018.html	html	en	T2-article-detail	Addendum 2019 to IP 2018 - Indian Pharmacopoeia Commission	65875
/mandates/indian-pharmacopoeia/indian-pharmacopoeia-2018-and-its-addenda/8-category-en/589-addendum-2020-to-ip-2018.html	html	en	T2-article-detail	Addendum 2021 to IP 2018 - Indian Pharmacopoeia Commission	60106
/mandates/indian-pharmacopoeia/indian-pharmacopoeia-2018-and-its-addenda/8-category-en/csrf.token	html	en	T4-category-list	English Category - Indian Pharmacopoeia Commission	253638
/mandates/indian-pharmacopoeia/indian-pharmacopoeia-2018-and-its-addenda/8-category-en/system.paths	html	en	T4-category-list	English Category - Indian Pharmacopoeia Commission	253642
/mandates/indian-pharmacopoeia/indian-pharmacopoeia-2022.html	html	en	T2-article-detail	Indian Pharmacopoeia 2022 - Indian Pharmacopoeia Commission	56690
/mandates/indian-pharmacopoeia/indian-pharmacopoeia-2022/8-category-en/1018-release-of-indian-pharmacopoeia-ip-2022.html	html	en	T2-article-detail	Release of Indian Pharmacopoeia (IP-2022) - Indian Pharmacopoeia Commission	56858
/mandates/indian-pharmacopoeia/indian-pharmacopoeia-ip-2026.html	html	en	T2-article-detail	Indian Pharmacopoeia 2026 - Indian Pharmacopoeia Commission	56763
/mandates/indian-pharmacopoeia/ip-review-process.html	html	en	T2-article-detail	IP Review Process - Indian Pharmacopoeia Commission	56389
/mandates/indian-pharmacopoeia/monographs-inclusion-exclusion-criteria.html	html	en	T2-article-detail	Monographs Inclusion-Exclusion Criteria - Indian Pharmacopoeia Commission	58916
/mandates/indian-pharmacopoeia/monographs.html	html	en	T2-article-detail	Stakeholder Comments - Indian Pharmacopoeia Commission	57346
/mandates/indian-pharmacopoeia/monographs/draft-general-chapter/8-category-en/744-new-revised-general-chapters.html	html	en	T2-article-detail	Chemical Monographs/General Chapters - Indian Pharmacopoeia Commission	58835
/mandates/indian-pharmacopoeia/monographs/draft-general-chapter/8-category-en/745-revised-general-monograph.html	html	en	T2-article-detail	Revised General Monograph - Indian Pharmacopoeia Commission	56932
/mandates/indian-pharmacopoeia/monographs/monographs-for-comments.html	html	en	T2-article-detail	Amendments Proposed to IP 2026 - For Comment - Indian Pharmacopoeia Commission	60532
/mandates/indian-pharmacopoeia/monographs/monographs-for-comments/30-monographs-under-preparation/addendum-2020-to-ip-2018-chemical-monographs/csrf.token	html	en	T4-category-list	Addendum 2020 to IP 2018 Chemical Monographs - Indian Pharmacopoeia Commission	58185
/mandates/indian-pharmacopoeia/monographs/monographs-for-comments/30-monographs-under-preparation/addendum-2020-to-ip-2018-chemical-monographs/system.paths	html	en	T4-category-list	Addendum 2020 to IP 2018 Chemical Monographs - Indian Pharmacopoeia Commission	58189
/mandates/indian-pharmacopoeia/monographs/monographs-for-comments/8-category-en/744-amendments-chemical-monographs-revised-general-chapters.html	html	en	T2-article-detail	Chemical Monographs/General Chapters - Indian Pharmacopoeia Commission	59473
/mandates/indian-pharmacopoeia/monographs/monographs-for-comments/8-category-en/837-biological-monographs-general-chapters.html	html	en	T2-article-detail	Biological Monographs/General Chapters - Indian Pharmacopoeia Commission	58121
/mandates/indian-pharmacopoeia/monographs/monographs-for-comments/8-category-en/838-amendments-herbs-and-herbal-products-monographs.html	html	en	T2-article-detail	Herbs and Herbal Products Monographs/General Chapters - Indian Pharmacopoeia Commission	58156
/mandates/indian-pharmacopoeia/monographs/monographs-for-comments/8-category-en/csrf.token	html	en	T4-category-list	English Category - Indian Pharmacopoeia Commission	251593
/mandates/indian-pharmacopoeia/monographs/monographs-for-comments/8-category-en/system.paths	html	en	T4-category-list	English Category - Indian Pharmacopoeia Commission	251597
/mandates/indian-pharmacopoeia/monographs/monographs-under-preparation.html	html	en	T2-article-detail	Draft New General Chapter / Monographs - For Comments - Indian Pharmacopoeia Commission	59162
/mandates/indian-pharmacopoeia/monographs/monographs-under-preparation/30-monographs-under-preparation/addendum-2020-to-ip-2018-chemical-monographs/csrf.token	html	en	T4-category-list	Addendum 2020 to IP 2018 Chemical Monographs - Indian Pharmacopoeia Commission	58046
/mandates/indian-pharmacopoeia/monographs/monographs-under-preparation/30-monographs-under-preparation/addendum-2020-to-ip-2018-chemical-monographs/system.paths	html	en	T4-category-list	Addendum 2020 to IP 2018 Chemical Monographs - Indian Pharmacopoeia Commission	58050
/mandates/indian-pharmacopoeia/monographs/monographs-under-preparation/8-category-en/1024-veterinary-monograph%20.html	html	en	T2-article-detail	Veterinary Monograph, General Requirements, General Chapters - Indian Pharmacopoeia Commission	59324
/mandates/indian-pharmacopoeia/monographs/monographs-under-preparation/8-category-en/1202-monographs-for-ip-2026.html	html	en	T2-article-detail	Chemical Monographs - Indian Pharmacopoeia Commission	66873
/mandates/indian-pharmacopoeia/monographs/monographs-under-preparation/8-category-en/836-general-chapters.html	html	en	T2-article-detail	General Chapters - Indian Pharmacopoeia Commission	58511
/mandates/indian-pharmacopoeia/monographs/monographs-under-preparation/8-category-en/csrf.token	html	en	T4-category-list	English Category - Indian Pharmacopoeia Commission	253321
/mandates/indian-pharmacopoeia/monographs/monographs-under-preparation/8-category-en/system.paths	html	en	T4-category-list	English Category - Indian Pharmacopoeia Commission	253325
/mandates/indian-pharmacopoeia/proforma-invoice-of-ip-publication.html	html	en	T2-article-detail	Proforma Invoice of IP Publication - Indian Pharmacopoeia Commission	56212
/mandates/materiovigilance-programme-of-india-mvpi/8-category-en/432-launch-of-materiovigilance-programme-of-india-mvpi.html	html	en	T2-article-detail	Launch of Materiovigilance Programme of India (MvPI) - Indian Pharmacopoeia Commission	58304
/mandates/materiovigilance-programme-of-india-mvpi/about-us.html	html	en	T2-article-detail	About Us - Indian Pharmacopoeia Commission	58091
/mandates/materiovigilance-programme-of-india-mvpi/enrolment-form-for-mvpi.html	html	en	T2-article-detail	MDMC Enrolment form - Indian Pharmacopoeia Commission	62343
/mandates/materiovigilance-programme-of-india-mvpi/mah-enrolment-form.html	html	en	T2-article-detail	MAH Enrolment form - Indian Pharmacopoeia Commission	59015
/mandates/materiovigilance-programme-of-india-mvpi/mdmc-updates.html	html	en	T2-article-detail	MDMC Updates - Indian Pharmacopoeia Commission	57048
/mandates/materiovigilance-programme-of-india-mvpi/mvpi-internship-programme.html	html	en	T2-article-detail	MvPI Internship Programme - Indian Pharmacopoeia Commission	59864
/mandates/materiovigilance-programme-of-india-mvpi/mvpi-resource-material.html	html	en	T2-article-detail	Resource Material - Indian Pharmacopoeia Commission	57073
/mandates/materiovigilance-programme-of-india-mvpi/mvpi-resource-material/8-category-en/1180-resource-material-for-consumer-awareness.html	html	en	T2-article-detail	Resource Material For Consumer Awareness - Indian Pharmacopoeia Commission	59057
/mandates/materiovigilance-programme-of-india-mvpi/mvpi-resource-material/8-category-en/637-mvpi-e-newsletters.html	html	en	T2-article-detail	MvPI e-Newsletters - Indian Pharmacopoeia Commission	97402
/mandates/materiovigilance-programme-of-india-mvpi/mvpi-sops.html	html	en	T2-article-detail	SOPs - Indian Pharmacopoeia Commission	60949
/mandates/materiovigilance-programme-of-india-mvpi/mvpi-toolkit.html	html	en	T2-article-detail	MvPI Toolkit - Indian Pharmacopoeia Commission	58798
/mandates/materiovigilance-programme-of-india-mvpi/mvpi-toolkit/8-category-en/1312-medical-device-adverse-event-reporting-form-for-licence-holders-health-care-proffesionals-english-editable-version.html	html	en	T2-article-detail	Medical Device Adverse Event Reporting form for Licence Holders &amp; Health Care Proffesionals (English Editable version) - Indian Pharmacopoeia Commission	57619
/mandates/national-formulary-of-india-nfi.html	html	en	T2-article-detail	IP Reference Substances (IPRS) &amp; Impurity - Indian Pharmacopoeia Commission	63822
/mandates/national-formulary-of-india-nfi/8-category-en/264-protocol-of-ip-prednisone-tablet-for-dissolution-apparatus-calibration.html	html	en	T2-article-detail	Protocol of IP Prednisone Tablet for Dissolution Apparatus Calibration - Indian Pharmacopoeia Commission	56661
/mandates/national-formulary-of-india-nfi/about-iprs.html	html	en	T2-article-detail	About IPRS - Indian Pharmacopoeia Commission	64396
/mandates/national-formulary-of-india-nfi/about-iprs/8-category-en/264-protocol-of-ip-prednisone-tablet-for-dissolution-apparatus-calibration.html	html	en	T2-article-detail	Protocol of IP Prednisone Tablet for Dissolution Apparatus Calibration - Indian Pharmacopoeia Commission	57140
/mandates/national-formulary-of-india-nfi/effective-use-of-iprs.html	html	en	T2-article-detail	Effective use of IPRS - Indian Pharmacopoeia Commission	59394
/mandates/national-formulary-of-india-nfi/impurity-coa/8-category-en/1124-d-1.html	html	en	T2-article-detail	D. - Indian Pharmacopoeia Commission	59152
/mandates/national-formulary-of-india-nfi/impurity-coa/8-category-en/1125-e-1.html	html	en	T2-article-detail	E. - Indian Pharmacopoeia Commission	56597
/mandates/national-formulary-of-india-nfi/impurity-coa/8-category-en/1126-f-1.html	html	en	T2-article-detail	F. - Indian Pharmacopoeia Commission	58183
/mandates/national-formulary-of-india-nfi/impurity-coa/8-category-en/1127-g-1.html	html	en	T2-article-detail	G. - Indian Pharmacopoeia Commission	57918
/mandates/national-formulary-of-india-nfi/impurity-coa/8-category-en/1128-h-1.html	html	en	T2-article-detail	H. - Indian Pharmacopoeia Commission	56550
/mandates/national-formulary-of-india-nfi/impurity-coa/8-category-en/1129-i-1.html	html	en	T2-article-detail	I. - Indian Pharmacopoeia Commission	56470
/mandates/national-formulary-of-india-nfi/impurity-coa/8-category-en/1132-m-1.html	html	en	T2-article-detail	M. - Indian Pharmacopoeia Commission	61478
/mandates/national-formulary-of-india-nfi/impurity-coa/8-category-en/1133-n-1.html	html	en	T2-article-detail	N. - Indian Pharmacopoeia Commission	57726
/mandates/national-formulary-of-india-nfi/impurity-coa/8-category-en/1134-o-1.html	html	en	T2-article-detail	O. - Indian Pharmacopoeia Commission	57351
/mandates/national-formulary-of-india-nfi/impurity-coa/8-category-en/1135-p-1.html	html	en	T2-article-detail	P. - Indian Pharmacopoeia Commission	61100
/mandates/national-formulary-of-india-nfi/impurity-coa/8-category-en/1136-q-1.html	html	en	T2-article-detail	Q. - Indian Pharmacopoeia Commission	56485
/mandates/national-formulary-of-india-nfi/impurity-coa/8-category-en/1137-r-1.html	html	en	T2-article-detail	R. - Indian Pharmacopoeia Commission	57743
/mandates/national-formulary-of-india-nfi/impurity-coa/8-category-en/1138-s-1.html	html	en	T2-article-detail	S. - Indian Pharmacopoeia Commission	58151
/mandates/national-formulary-of-india-nfi/impurity-coa/8-category-en/1139-t-1.html	html	en	T2-article-detail	T. - Indian Pharmacopoeia Commission	61213
/mandates/national-formulary-of-india-nfi/impurity-coa/8-category-en/1141-v-1.html	html	en	T2-article-detail	V. - Indian Pharmacopoeia Commission	57210
/mandates/national-formulary-of-india-nfi/impurity-coa/8-category-en/1142-w-1.html	html	en	T2-article-detail	W. - Indian Pharmacopoeia Commission	56337
/mandates/national-formulary-of-india-nfi/impurity-coa/8-category-en/1143-z-1.html	html	en	T2-article-detail	Z. - Indian Pharmacopoeia Commission	56497
/mandates/national-formulary-of-india-nfi/impurity-coa/8-category-en/1207-x-1.html	html	en	T2-article-detail	X. - Indian Pharmacopoeia Commission	56164
/mandates/national-formulary-of-india-nfi/ip-prednisone-tablet-dissolution-apparatus-calibrator-is-available-at-ipc,-ghaziabad.html	html	en	T2-article-detail	IP Prednisone Tablet (Dissolution Apparatus Calibrator) is available at IPC, Ghaziabad - Indian Pharmacopoeia Commission	58702
/mandates/national-formulary-of-india-nfi/list-of-ip-phytochemical-reference-substances-available-at-ipc,-ghaziabad.html	html	en	T2-article-detail	List of IP Phytochemical Reference Substances available at IPC, Ghaziabad - Indian Pharmacopoeia Commission	56575
/mandates/national-formulary-of-india-nfi/reference-microbial-cultures-available-at-mtcc,-chandigarh.html	html	en	T2-article-detail	Reference Microbial Cultures available at MTCC, Chandigarh - Indian Pharmacopoeia Commission	63951
/mandates/national-formulary-of-india-nfi/reference-microbial-cultures-available-at-mtcc,-chandigarh/8-category-en/264-protocol-of-ip-prednisone-tablet-for-dissolution-apparatus-calibration.html	html	en	T2-article-detail	Protocol of IP Prednisone Tablet for Dissolution Apparatus Calibration - Indian Pharmacopoeia Commission	57130
/mandates/national-formulary-of-india-nfi/reference-standard-biotech-product-available-at-nib,-noida.html	html	en	T2-article-detail	IPRS Biologicals - Indian Pharmacopoeia Commission	57513
/mandates/nfi/about-nfi.html	html	en	T2-article-detail	About NFI 2021 - Indian Pharmacopoeia Commission	58956
/mandates/nfi/contents-list-for-nfi-2016.html	html	en	T2-article-detail	Contents List for NFI - Indian Pharmacopoeia Commission	58280
/mandates/nfi/national-formulary-of-india-nfi-2021-amendment-errata-lists.html	html	en	T2-article-detail	National Formulary of India (NFI) 2021 - Amendment/Errata Lists - Indian Pharmacopoeia Commission	56282
/mandates/nfi/nfi-monograph-chapter-appendices-development-checklist-version-1.html	html	en	T2-article-detail	NFI Monograph/Chapter/Appendices Development Checklist (Version 1) - Indian Pharmacopoeia Commission	56435
/mandates/nfi/procurement-of-nfi-2016.html	html	en	T2-article-detail	Procurement of NFI 2016 - Indian Pharmacopoeia Commission	66167
/mandates/nfi/procurement-of-nfi-2021.html	html	en	T2-article-detail	Procurement of NFI 2021 - Indian Pharmacopoeia Commission	56081
/mandates/nfi/release-of-national-formulary-of-india-2021.html	html	en	T2-article-detail	Release of National Formulary of India 2021 - Indian Pharmacopoeia Commission	58163
/mandates/nfi/salient-features-of-nfi-2016.html	html	en	T2-article-detail	Salient features of NFI - Indian Pharmacopoeia Commission	64645
/mandates/pvpi/adr-monitoring-centers.html	html	en	T2-article-detail	ADR Monitoring Centers &amp; Enrollment form for New AMC - Indian Pharmacopoeia Commission	57414
/mandates/pvpi/adr-reporting.html	html	en	T2-article-detail	ADR Reporting Tools - Indian Pharmacopoeia Commission	56536
/mandates/pvpi/adr-reporting/8-category-en/1092-year-2023.html	html	en	T2-article-detail	Year 2023 - Indian Pharmacopoeia Commission	59634
/mandates/pvpi/adr-reporting/8-category-en/1274-year-2024.html	html	en	T2-article-detail	Year 2024 - Indian Pharmacopoeia Commission	60150
/mandates/pvpi/adr-reporting/8-category-en/1356-year-2025.html	html	en	T2-article-detail	Year 2025 - Indian Pharmacopoeia Commission	59408
/mandates/pvpi/adr-reporting/8-category-en/1433-year-2026.html	html	en	T2-article-detail	Year 2026 - Indian Pharmacopoeia Commission	57701
/mandates/pvpi/adr-reporting/8-category-en/420-adrs-reporting-status%20of%20amcs.html	html	en	T2-article-detail	ADRs Reporting Status of AMCs - Indian Pharmacopoeia Commission	59499
/mandates/pvpi/adr-reporting/8-category-en/420-adrs-reporting-status-of-amcs.html	html	en	T2-article-detail	ADRs Reporting Status of AMCs - Indian Pharmacopoeia Commission	59495
/mandates/pvpi/adr-reporting/8-category-en/429-pvpi-frequently-asked-questions.html	html	en	T2-article-detail	PvPI-Frequently asked questions - Indian Pharmacopoeia Commission	66250
/mandates/pvpi/adr-reporting/8-category-en/430-adr-reporting-form-for-consumers-in-hindi-other-vernacular-languages.html	html	en	T2-article-detail	ADR Reporting Form for Consumers in Hindi &amp; other Vernacular Languages - Indian Pharmacopoeia Commission	60371
/mandates/pvpi/adr-reporting/8-category-en/562-adr-rs-2018.html	html	en	T2-article-detail	Year 2018 - Indian Pharmacopoeia Commission	58427
/mandates/pvpi/adr-reporting/8-category-en/563-adr-rs-2017.html	html	en	T2-article-detail	Year 2017 - Indian Pharmacopoeia Commission	59423
/mandates/pvpi/adr-reporting/8-category-en/565-adr-rs-2016.html	html	en	T2-article-detail	Year 2016 - Indian Pharmacopoeia Commission	57098
/mandates/pvpi/adr-reporting/8-category-en/611-year-2019.html	html	en	T2-article-detail	Year 2019 - Indian Pharmacopoeia Commission	58037
/mandates/pvpi/adr-reporting/8-category-en/730-adr-rs-2020.html	html	en	T2-article-detail	Year 2020 - Indian Pharmacopoeia Commission	58102
/mandates/pvpi/adr-reporting/8-category-en/818-year-2021.html	html	en	T2-article-detail	Year 2021 - Indian Pharmacopoeia Commission	64217
/mandates/pvpi/adr-reporting/8-category-en/865-adr-reporting-forms.html	html	en	T2-article-detail	ADR Reporting Forms - Indian Pharmacopoeia Commission	58548
/mandates/pvpi/adr-reporting/8-category-en/952-year-2022.html	html	en	T2-article-detail	Year 2022 - Indian Pharmacopoeia Commission	65003
/mandates/pvpi/news-events.html	html	en	T2-article-detail	News &amp; Events - Indian Pharmacopoeia Commission	58026
/mandates/pvpi/news-events/8-category-en/1224-memorandum-of-understanding-mou.html	html	en	T2-article-detail	Memorandum of Understanding(MOU) - Indian Pharmacopoeia Commission	56514
/mandates/pvpi/news-events/8-category-en/1225-event-photo-gallary.html	html	en	T2-article-detail	Event Photo Gallary - Indian Pharmacopoeia Commission	56256
/mandates/pvpi/news-events/8-category-en/419-mou-between-ipc,ncc-pvpi-and-nabh.html	html	en	T2-article-detail	MoU between IPC,NCC-PvPI and NABH - Indian Pharmacopoeia Commission	58000
/mandates/pvpi/news-events/8-category-en/428-union-health-minister-inaugurated-the-38th-annual-meeting-of-representatives-of-national-pharmacovigilance-centres-participating-in-the-who-programme-for-international-drug-monitoring.html	html	en	T2-article-detail	Union Health Minister inaugurated the 38th Annual Meeting of Representatives of National Pharmacovigilance Centres participating in the WHO Programme for International Drug Monitoring - Indian Pharmacopoeia Commission	61179
/mandates/pvpi/orders-circulars.html	html	en	T2-article-detail	Orders &amp; Circulars - Indian Pharmacopoeia Commission	60987
/mandates/pvpi/orders-circulars/8-category-en/414-ministry-circulars.html	html	en	T2-article-detail	Ministry Circulars - Indian Pharmacopoeia Commission	56510
/mandates/pvpi/orders-circulars/8-category-en/415-office-orders.html	html	en	T2-article-detail	Office Orders - Indian Pharmacopoeia Commission	56840
/mandates/pvpi/orders-circulars/8-category-en/763-revised-advisory-on-the-use-of-hydroxychloroquine-hcq-as-prophylaxis-for-covid-19-infection-in-supersession-of-previous-advisory-dated-23rd-march,-2020.html	html	en	T2-article-detail	Revised advisory on the use of Hydroxychloroquine (HCQ) as prophylaxis for COVID-19 infection (in supersession of previous advisory dated 23rd March, 2020) - Indian Pharmacopoeia Commission	57905
/mandates/pvpi/pharmacovigilance-skill-development-programme.html	html	en	T2-article-detail	About Us - Indian Pharmacopoeia Commission	58330
/mandates/pvpi/pharmacovigilance-skill-development-programme/8-category-en/1213-message-from-secretary-cum-scientific-director-1.html	html	en	T2-article-detail	Message from Secretary-cum-Scientific Director - Indian Pharmacopoeia Commission	56664
/mandates/pvpi/pharmacovigilance-skill-development-programme/8-category-en/1214-ipc,-ncc-pvpi-as-who-collaboration-centre.html	html	en	T2-article-detail	IPC, NCC-PvPI as WHO Collaboration Centre - Indian Pharmacopoeia Commission	56630
/mandates/pvpi/pharmacovigilance-skill-development-programme/8-category-en/1215-	html	en	T2-article-detail	Introduction to PvPI - Indian Pharmacopoeia Commission	62240
/mandates/pvpi/pharmacovigilance-skill-development-programme/8-category-en/1215-introduction-to-pvpi-1.html	html	en	T2-article-detail	Introduction to PvPI - Indian Pharmacopoeia Commission	62267
/mandates/pvpi/pharmacovigilance-skill-development-programme/8-category-en/1216-pvpi-network-1.html	html	en	T2-article-detail	PvPI Network - Indian Pharmacopoeia Commission	56536
/mandates/pvpi/pharmacovigilance-skill-development-programme/8-category-en/1217-list-of-employees-of-pvpi.html	html	en	T2-article-detail	List of employees of PVPI - Indian Pharmacopoeia Commission	56534
/mandates/pvpi/pharmacovigilance-skill-development-programme/8-category-en/1228-divisons-of-pvpi.html	html	en	T2-article-detail	Divisons of PvPI - Indian Pharmacopoeia Commission	56528
/mandates/pvpi/pharmacovigilance-skill-development-programme/8-category-en/429-pvpi-frequently-asked-questions.html	html	en	T2-article-detail	PvPI-Frequently asked questions - Indian Pharmacopoeia Commission	66452
/mandates/pvpi/publications.html	html	en	T2-article-detail	Publications - Indian Pharmacopoeia Commission	57200
/mandates/pvpi/publications/8-category-en/1082-posters-and-pamphlets.html	html	en	T2-article-detail	Posters and Pamphlets - Indian Pharmacopoeia Commission	63166
/mandates/pvpi/publications/8-category-en/1222-guidance-documents.html	html	en	T2-article-detail	PV Guidance Documents - Indian Pharmacopoeia Commission	60081
/mandates/pvpi/publications/8-category-en/1223-promotional-materials-of-pvpi.html	html	en	T2-article-detail	Promotional Materials of PvPI - Indian Pharmacopoeia Commission	57530
/mandates/pvpi/publications/8-category-en/1404-pv-comic.html	html	en	T2-article-detail	PV Comic - Indian Pharmacopoeia Commission	57659
/mandates/pvpi/publications/8-category-en/421-pvpi-newsletters.html	html	en	T2-article-detail	PvPI Newsletters - Indian Pharmacopoeia Commission	69802
/mandates/pvpi/publications/8-category-en/646-annual-performance-report.html	html	en	T2-article-detail	Annual Performance Report - Indian Pharmacopoeia Commission	59671
/mandates/pvpi/publications/8-category-en/646-annual-performance-report.html.9	html	en	T2-article-detail	Annual Performance Report - Indian Pharmacopoeia Commission	59673
/mandates/pvpi/pvpi-outcome.html	html	en	T2-article-detail	PvPI Outcome - Indian Pharmacopoeia Commission	56717
/mandates/pvpi/pvpi-outcome/8-category-en/1089-drug-alerts-2023.html	html	en	T2-article-detail	Drug Alerts 2023 - Indian Pharmacopoeia Commission	60292
/mandates/pvpi/pvpi-outcome/8-category-en/1155-cdsco-alerts.html	html	en	T2-article-detail	CDSCO Alerts - Indian Pharmacopoeia Commission	57070
/mandates/pvpi/pvpi-outcome/8-category-en/1281-drugs-alerts-2024.html	html	en	T2-article-detail	Drug Alerts 2024 - Indian Pharmacopoeia Commission	61373
/mandates/pvpi/pvpi-outcome/8-category-en/1361-drug-alerts-2025.html	html	en	T2-article-detail	Drug Alerts 2025 - Indian Pharmacopoeia Commission	59601
/mandates/pvpi/pvpi-outcome/8-category-en/1439-drug-alerts-2026.html	html	en	T2-article-detail	Drug Alerts 2026 - Indian Pharmacopoeia Commission	60097
/mandates/pvpi/pvpi-outcome/8-category-en/1495-orders-issued-by-cdsco-based-on-pvpi-recommendations.html	html	en	T2-article-detail	Orders issued by CDSCO based on PvPI recommendations - Indian Pharmacopoeia Commission	69912
/mandates/pvpi/pvpi-outcome/8-category-en/416-drug-safety-alerts.html	html	en	T2-article-detail	Drugs Safety Alerts for Sensitisation of Healthcare Professionals - Indian Pharmacopoeia Commission	59621
/mandates/pvpi/pvpi-outcome/8-category-en/417-drug-alerts-2016.html	html	en	T2-article-detail	Drug Alerts 2016 - Indian Pharmacopoeia Commission	58897
/mandates/pvpi/pvpi-outcome/8-category-en/418-drug-alerts-2017.html	html	en	T2-article-detail	Drug Alerts 2017 - Indian Pharmacopoeia Commission	61578
/mandates/pvpi/pvpi-outcome/8-category-en/427-pvpi-recommendations-to-regulators.html	html	en	T2-article-detail	PvPI recommendations to Regulators - Indian Pharmacopoeia Commission	57138
/mandates/pvpi/pvpi-outcome/8-category-en/568-drug-alerts-2018.html	html	en	T2-article-detail	Drug Alerts 2018 - Indian Pharmacopoeia Commission	58422
/mandates/pvpi/pvpi-outcome/8-category-en/602-drug-alerts-2019.html	html	en	T2-article-detail	Drug Alerts 2019 - Indian Pharmacopoeia Commission	59329
/mandates/pvpi/pvpi-outcome/8-category-en/723-drug-alerts-2020.html	html	en	T2-article-detail	Drug Alerts 2020 - Indian Pharmacopoeia Commission	58591
/mandates/pvpi/pvpi-outcome/8-category-en/812-drug-alerts-2021.html	html	en	T2-article-detail	Drug Alerts 2021 - Indian Pharmacopoeia Commission	62462
/mandates/pvpi/pvpi-outcome/8-category-en/931-drug-alerts-2022.html	html	en	T2-article-detail	Drug Alerts 2022 - Indian Pharmacopoeia Commission	64068
/mandates/pvpi/pvpi-toolkit.html	html	en	T2-article-detail	PvPI Toolkit - Indian Pharmacopoeia Commission	55814
/mandates/pvpi/training-and-education.html	html	en	T2-article-detail	Training and Education - Indian Pharmacopoeia Commission	57496
/mandates/pvpi/training-and-education/8-category-en/1103-forthcoming-events.html	html	en	T2-article-detail	Upcoming Training Programs - Indian Pharmacopoeia Commission	57252
/mandates/pvpi/training-and-education/8-category-en/1104-archives-pvpi-training-education.html	html	en	T2-article-detail	Archives - Indian Pharmacopoeia Commission	57405
/mandates/pvpi/training-and-education/8-category-en/1194-national-pharmacovigilance-week%20celebration.html	html	en	T2-article-detail	National Pharmacovigilance Week Celebration - Indian Pharmacopoeia Commission	57819
/mandates/pvpi/training-and-education/8-category-en/1194-national-pharmacovigilance-week-	html	en	T2-article-detail	National Pharmacovigilance Week Celebration - Indian Pharmacopoeia Commission	57801
/mandates/pvpi/training-and-education/8-category-en/1194-national-pharmacovigilance-week-celebration.html	html	en	T2-article-detail	National Pharmacovigilance Week Celebration - Indian Pharmacopoeia Commission	57817
/mandates/pvpi/training-and-education/8-category-en/1219-2nd-national-pharmacovigilance-week.html	html	en	T2-article-detail	2nd National Pharmacovigilance Week - Indian Pharmacopoeia Commission	56626
/mandates/pvpi/training-and-education/8-category-en/1220-1st-national-pharmacovigilance-week.html	html	en	T2-article-detail	1st National Pharmacovigilance Week - Indian Pharmacopoeia Commission	56836
/mandates/pvpi/training-and-education/8-category-en/1221-trainings-under-pvpi.html	html	en	T2-article-detail	Trainings Under PvPI - Indian Pharmacopoeia Commission	58625
/mandates/pvpi/training-and-education/8-category-en/1275-pvpi-calender-year-2023.html	html	en	T2-article-detail	PvPI Training Calendar Year 2023 - Indian Pharmacopoeia Commission	56490
/mandates/pvpi/training-and-education/8-category-en/1276-pvpi-training-calender-year-2024.html	html	en	T2-article-detail	PvPI Training Calendar Year 2024 - Indian Pharmacopoeia Commission	56513
/mandates/pvpi/training-and-education/8-category-en/1277-pvpi-training-calendar.html	html	en	T2-article-detail	PvPI Training Calendar - Indian Pharmacopoeia Commission	57523
/mandates/pvpi/training-and-education/8-category-en/1285-internship-training-in-pharmacovigilance.html	html	en	T2-article-detail	Internship Training in Pharmacovigilance - Indian Pharmacopoeia Commission	57783
/mandates/pvpi/training-and-education/8-category-en/1497-save-the-date.html	html	en	T2-article-detail	Save the Date - Indian Pharmacopoeia Commission	56352
/mandates/pvpi/training-and-education/8-category-en/1498-brochure.html	html	en	T2-article-detail	Brochure - Indian Pharmacopoeia Commission	56420
/mandates/pvpi/training-and-education/8-category-en/1499-flyer.html	html	en	T2-article-detail	Flyer - Indian Pharmacopoeia Commission	56300
/mandates/pvpi/training-and-education/8-category-en/1500-6th-national-pharmacovigilance-week%20.html	html	en	T2-article-detail	6th National Pharmacovigilance Week - Indian Pharmacopoeia Commission	56765
/mandates/skill-development.html	html	en	T2-article-detail	Skill Development - Indian Pharmacopoeia Commission	59339
/mandates/skill-development/8-category-en/215-three-months-certificate-course-on-pharmaceuticals-analysis-starting-from-01st-august-2017.html	html	en	T2-article-detail	Three Months Certificate Course on Pharmaceuticals Analysis Starting from 01st August 2017 - Indian Pharmacopoeia Commission	57854
/mandates/skill-development/8-category-en/216-one-day-awareness-programme-at-haridwar-on-01st-june-2017.html	html	en	T2-article-detail	One Day Awareness Programme at Haridwar on 01st June 2017 - Indian Pharmacopoeia Commission	59350
/mandates/skill-development/8-category-en/217-forthcoming-training-schedule-of-the-year-2017.html	html	en	T2-article-detail	Forthcoming Training Schedule of the year 2017 - Indian Pharmacopoeia Commission	56314
/mandates/skill-development/8-category-en/218-benefit-of-one-day-awareness-program-on-indian-pharmacopoeia-and-indian-pharmacopoeia-reference-standards.html	html	en	T2-article-detail	Benefit of One day awareness program on Indian Pharmacopoeia and Indian Pharmacopoeia Reference Standards - Indian Pharmacopoeia Commission	58231
/mandates/skill-development/8-category-en/219-inauguration-ceremony-for-sixth-training-programme-on-various-analytical-instruments-and-techniques-for-government-drugs-analyst.html	html	en	T2-article-detail	Inauguration Ceremony for Sixth Training Programme on Various Analytical Instruments and Techniques for Government Drugs Analyst - Indian Pharmacopoeia Commission	58640
/mandates/skill-development/8-category-en/220-inauguration-ceremony-for-fifth-training-programme-on-various-analytical-instruments-and-techniques-for-government-drugs-analyst.html	html	en	T2-article-detail	Inauguration Ceremony For Fifth Training Programme on Various Analytical Instruments and Techniques for Government Drugs Analyst - Indian Pharmacopoeia Commission	56626
/mandates/skill-development/8-category-en/221-summary-on-training-conducted-byipc-from-01-april,-2014-to-19-june-2015.html	html	en	T2-article-detail	Summary on Training conducted byIPC from 01 April, 2014 to 19 June 2015 - Indian Pharmacopoeia Commission	56292
/mandates/skill-development/8-category-en/224-ipc-had-organized-one-day-workshop-at-pgimer,-chandigarh.html	html	en	T2-article-detail	IPC had organized One Day Workshop at PGIMER, Chandigarh - Indian Pharmacopoeia Commission	58371
/mandates/skill-development/8-category-en/227-3rd-training-programme-on-various-analytical-instruments-techniques-for-government-drug-analysts.html	html	en	T2-article-detail	3rd Training Programme on various Analytical Instruments &amp; Techniques for Government Drug Analysts - Indian Pharmacopoeia Commission	59613
/mandates/skill-development/8-category-en/229-inauguration-ceremony-for-seventh-training-programme-on-various-analytical-instruments-and-techniques-for-government-drugs-analyst-2.html	html	en	T2-article-detail	Inauguration Ceremony for Seventh Training Programme on Various Analytical Instruments and Techniques for Government Drugs Analyst - Indian Pharmacopoeia Commission	57324
/mandates/skill-development/8-category-en/284-training-programme-3.html	html	en	T2-article-detail	Training Programme - Indian Pharmacopoeia Commission	73134
/media-new/photo-gallery/category/1-launch-of-ip-2010.html	html	en	T2-article-detail	Home - En - Indian Pharmacopoeia Commission	77003
/media-new/photo-gallery/category/10-1st-national-workshop.html	html	en	T2-article-detail	Annual Reports of IPC - Indian Pharmacopoeia Commission	70684
/media-new/photo-gallery/category/14-celebration-of-hindi-diwas-on-14th-september,-2018-at-ipc,-ghaziabad.html	html	en	T2-article-detail	List of Employees - Indian Pharmacopoeia Commission	68890
/media-new/photo-gallery/category/18-national-seminar-27th-july-2018.html	html	en	T2-article-detail	Mandates - Indian Pharmacopoeia Commission	67727
/media-new/photo-gallery/category/21-indian-pharmacopoeia-commission-organized-the-%EF%BF%BD%EF%BF%BD%EF%BF%BD1st-ipc-interactive-meet-on-pharmacopoeia-standards-regulatory-and-quality-considerations%EF%BF%BD%EF%BF%BD%EF%BF%BD-at-csir-imtech,-chandigarh-on-4th-february,-2019.html	html	en	T2-article-detail	Orders/ Circulars &amp; Notices - Indian Pharmacopoeia Commission	69341
/media-new/photo-gallery/category/22-launch-of-materiovigilance-programme-of-india-mvpi-reporting-tools.html	html	en	T2-article-detail	Careers - Indian Pharmacopoeia Commission	74282
/media-new/photo-gallery/category/23-launch-of-materiovigilance-programme-of-india-mvpi-reporting-tools.html	html	en	T2-article-detail	Media - Indian Pharmacopoeia Commission	67753
/media-new/photo-gallery/category/3-visit-of-shri-v-venkatachalam.html	html	en	T2-article-detail	About Us - Indian Pharmacopoeia Commission	70875
/media-new/photo-gallery/category/38-the-9th-regional-workshop-on-%E2%80%9Cpharmacovigilance-and-establishment-of-pharmacovigilance-system-in-pharmaceutical-industries-a-way-forward%E2%80%9D-was-conducted-by-ipc,-ghaziabad-at-yashoda-hospital,-kaushambi,-ghaziabad,-uttar-pradesh-on-may-9,-2019.html	html	en	T2-article-detail	Indian Pharmacopoeia Laboratory (IPL) - Indian Pharmacopoeia Commission	68515
/media-new/photo-gallery/category/38-the-9th-regional-workshop-on-%EF%BF%BD%EF%BF%BD%EF%BF%BDpharmacovigilance-and-establishment-of-pharmacovigilance-system-in-pharmaceutical-industries-a-way-forward%EF%BF%BD%EF%BF%BD%EF%BF%BD-was-conducted-by-ipc,-ghaziabad-at-yashoda-hospital,-kaushambi,-ghaziabad,-uttar-pradesh-on-may-9,-2019.html	html	en	T2-article-detail	Indian Pharmacopoeia Laboratory (IPL) - Indian Pharmacopoeia Commission	68551
/media-new/photo-gallery/category/43-9th-one-week-advance-training-programme-on-%E2%80%9Chigh-performance-liquid-chromatography-hplc-and-dissolution-test-apparatus%E2%80%9D-used-for-drugs-pharma-analysis-for-government-drugs-analysts-working-in-central,-state,-and-regional-drug-testing-laboratories.html	html	en	T2-article-detail	Pharmacovigilance Programme of India (PvPI) - Indian Pharmacopoeia Commission	68203
/media-new/photo-gallery/category/43-9th-one-week-advance-training-programme-on-%EF%BF%BD%EF%BF%BD%EF%BF%BDhigh-performance-liquid-chromatography-hplc-and-dissolution-test-apparatus%EF%BF%BD%EF%BF%BD%EF%BF%BD-used-for-drugs-pharma-analysis-for-government-drugs-analysts-working-in-central,-state,-and-regional-drug-testing-laboratories.html	html	en	T2-article-detail	Pharmacovigilance Programme of India (PvPI) - Indian Pharmacopoeia Commission	68239
/media-new/photo-gallery/category/44-training-on-quality-management-system-of-pharmacovigilance-given-by-ms-durga-mane,-associate-director-delivery-excellence,-quality-at-cognizant-technology-solutions,-mumbai-to-pvpi-officials-at-r-s-iyer-hall,-ipc-on-26th-april-2019.html	html	en	T2-article-detail	Microbiology - Indian Pharmacopoeia Commission	69246
/media-new/photo-gallery/category/45-indian-pharmacopoeia-commission-ipc-established-working-relationship-with-csir-centre-for-cellular-and-molecular-biology-ccmb-by-signing-mou-on-23-04-2019-during-the-meeting-of-subcommittee-for-dna-barcode-at-ipc,-ghaziabad.html	html	en	T2-article-detail	Phytopharmaceuticals - Indian Pharmacopoeia Commission	78109
/media-new/photo-gallery/category/47-the-ipc,-in-technical-collaboration-with-lovely-professional-university,-phagwara-had-organized-one-day-training-on-%E2%80%9Cpharmacopoeial-standard-for-herbal-drugs-and-phytopharmaceuticals%E2%80%9D,-on-30th-march-2019,-at-lpu-campus,-punjab.html	html	en	T2-article-detail	Pharmacology - Indian Pharmacopoeia Commission	67954
/media-new/photo-gallery/category/47-the-ipc,-in-technical-collaboration-with-lovely-professional-university,-phagwara-had-organized-one-day-training-on-%EF%BF%BD%EF%BF%BD%EF%BF%BDpharmacopoeial-standard-for-herbal-drugs-and-phytopharmaceuticals%EF%BF%BD%EF%BF%BD%EF%BF%BD,-on-30th-march-2019,-at-lpu-campus,-punjab.html	html	en	T2-article-detail	Pharmacology - Indian Pharmacopoeia Commission	67990
/media-new/photo-gallery/category/48-40th-scientific-body-meeting-of-the-indian-pharmacopoeia-commission-at-india-international-centre-on-march-27,-2019,-under-the-chairmanship-of-prof-n-k-ganguly.html	html	en	T2-article-detail	Quality Assurance - Indian Pharmacopoeia Commission	67886
/media-new/photo-gallery/category/5-some-glimpses-of-72nd-independence-day-celebrations.html	html	en	T2-article-detail	Formation of IPC - Indian Pharmacopoeia Commission	69498
/media-new/photo-gallery/category/51-launching-of-indian-pharmacopoeia-reference-substance-ipprs-guggulsterones-e-z-done-at-csir-nbri,-lucknow.html	html	en	T2-article-detail	Supply Chain &amp; Maintenance Management - Indian Pharmacopoeia Commission	68303
/media-new/photo-gallery/category/52-1st-ipc-interactive-meet-on-pharmacopoeia-standards-regulatory-and-quality-considerations-held-at-csir-imtech,-chandigarh-on-04th-february-2019.html	html	en	T2-article-detail	Finance &amp; Accounting - Indian Pharmacopoeia Commission	67885
/media-new/photo-gallery/category/53-fifth-core-training-panel-ctp-meeting-cum-fourth-regional-training-centers-rtcs-coordinators-meeting-at-ipc,-ghaziabad-on-31st-january-2019.html	html	en	T2-article-detail	Administration - Indian Pharmacopoeia Commission	67970
/media-new/photo-gallery/category/54-1st-workshop-on-human-vaccine-immunosera-regulatory-and-quality-considerations%E2%80%9D-on-29th-january-2019.html	html	en	T2-article-detail	Route Map of IPC - Indian Pharmacopoeia Commission	69318
/media-new/photo-gallery/category/54-1st-workshop-on-human-vaccine-immunosera-regulatory-and-quality-considerations%EF%BF%BD%EF%BF%BD%EF%BF%BD-on-29th-january-2019.html	html	en	T2-article-detail	Route Map of IPC - Indian Pharmacopoeia Commission	69336
/media-new/photo-gallery/category/56-the-10th-regional-workshop-on-%E2%80%9Cpharmacovigilance-and-establishment-of-pharmacovigilance-system-in-pharmaceutical-industries-a-way-forward%E2%80%9D-was-conducted-by-ipc,-ghaziabad-at-mtcc,-csir-institute-of-microbial-technology,-chandigarh-on-july-12,-2019.html	html	en	T2-article-detail	New Drugs Testing - Indian Pharmacopoeia Commission	69251
/media-new/photo-gallery/category/56-the-10th-regional-workshop-on-%EF%BF%BD%EF%BF%BD%EF%BF%BDpharmacovigilance-and-establishment-of-pharmacovigilance-system-in-pharmaceutical-industries-a-way-forward%EF%BF%BD%EF%BF%BD%EF%BF%BD-was-conducted-by-ipc,-ghaziabad-at-mtcc,-csir-institute-of-microbial-technology,-chandigarh-on-july-12,-2019.html	html	en	T2-article-detail	New Drugs Testing - Indian Pharmacopoeia Commission	69287
/media-new/photo-gallery/category/57-38th-annual-meeting-of-national-pharmacovigilance-centres-on-november-4-6,-2015-at-hotel-lalit.html	html	en	T2-article-detail	Analytical Support for skill development &amp; drug discovery - Indian Pharmacopoeia Commission	74573
/media-new/photo-gallery/category/59-12th-skill-development-programme-on-pharmacovigilance-for-medical-products-was-conducted-at-indian-pharmacopoeia-commission-from-15th-to-19th-july-2019.html	html	en	T2-article-detail	Budget - Indian Pharmacopoeia Commission	67864
/media-new/photo-gallery/category/60-2nd-ipc-interactive-meet-on-pharmacopoeia-standards-regulatory-and-quality-considerations-on-26th-july-2019-at-fda,-goa.html	html	en	T2-article-detail	Cash &amp; Accounts - Indian Pharmacopoeia Commission	67865
/media-new/photo-gallery/category/61-workshop-cum-training-programme-on-pharmacovigilance-for-nabh-accredited-hospitals-in-delhi-ncr-region-held-on-26-july-2019.html	html	en	T2-article-detail	Audit - Indian Pharmacopoeia Commission	67833
/media-new/photo-gallery/category/62-11th-regional-workshop-on-%E2%80%9Cpharmacovigilance-and-establishment-of-pharmacovigilance-system-in-pharmaceutical-industries-a-way-forward%E2%80%9D-was-conducted-by-ipc,-ghaziabad-at-csir-centre-for-cellular-molecular-biology,-hyderabad-on-august-28,-2019.html	html	en	T2-article-detail	Indian Pharmacopoeia (IP) - Indian Pharmacopoeia Commission	70568
/media-new/photo-gallery/category/62-11th-regional-workshop-on-%EF%BF%BD%EF%BF%BD%EF%BF%BDpharmacovigilance-and-establishment-of-pharmacovigilance-system-in-pharmaceutical-industries-a-way-forward%EF%BF%BD%EF%BF%BD%EF%BF%BD-was-conducted-by-ipc,-ghaziabad-at-csir-centre-for-cellular-molecular-biology,-hyderabad-on-august-28,-2019.html	html	en	T2-article-detail	Indian Pharmacopoeia (IP) - Indian Pharmacopoeia Commission	70604
/media-new/photo-gallery/category/65-%E2%80%9Cannual-report-2018-19-of-ipc-and-annual-performance-report-2018-19-of-pharmacovigilance-programme-of-india-pvpi-%E2%80%9D-during-the-18-th-governing-body-meeting-of-ipc-held-on-21-st-january,-2020-at-nirman-bhawan,.html	html	en	T2-article-detail	IP Reference Substances (IPRS) &amp; Impurity Standards - Indian Pharmacopoeia Commission	75649
/media-new/photo-gallery/category/65-%EF%BF%BD%EF%BF%BD%EF%BF%BDannual-report-2018-19-of-ipc-and-annual-performance-report-2018-19-of-pharmacovigilance-programme-of-india-pvpi-%EF%BF%BD%EF%BF%BD%EF%BF%BD-during-the-18-th-governing-body-meeting-of-ipc-held-on-21-st-january,-2020-at-nirman-bhawan,.html	html	en	T2-article-detail	IP Reference Substances (IPRS) &amp; Impurity Standards - Indian Pharmacopoeia Commission	75685
/media-new/photo-gallery/category/66-71st-republic-day-on-january-26,-2020-at-ipc,-ghaziabad.html	html	en	T2-article-detail	PvPI - Indian Pharmacopoeia Commission	67739
/media-new/photo-gallery/category/67-key-role-of-in-vitro-diagnostic-medical-device-stakeholders-in-mvpi-held-on-22nd-july-2022-at-ipc.html	html	en	T2-article-detail	25th Skill Development Programme on Pharmacovigilance for Medical Products - Indian Pharmacopoeia Commission	70359
/media-new/photo-gallery/category/9-38th-scientific-body-meeting.html	html	en	T2-article-detail	Secretary-cum-Scientific Director - Indian Pharmacopoeia Commission	71011
/media-new/press-release/8-category-en/734-inauguration-of-6th-asia-pacific-pharmacovigilance-training-course.html	html	en	T2-article-detail	Press Release on Inauguration of 6th Asia-Pacific Pharmacovigilance Training Course - Indian Pharmacopoeia Commission	72270
/membership.html	html	en	T9-PvPI-static	Membership - Indian Pharmacopoeia Commission	18239
/modules/mod_responsive_contact_form/captcha/securimage_show.php	html	en	T8-stub-no-joomla-markup		1212
/modules/mod_slideshowck/images/	html	en	T8-stub-no-joomla-markup		31
/monograph-inclusion-request-form.html	html	en	T7-contact-directory	Monograph Inclusion Request Form - Indian Pharmacopoeia Commission	64690
/monograph-inclusion-request-form/submissions.html	html	en	T7-contact-directory	Monograph Inclusion Request Form - Indian Pharmacopoeia Commission	64714
/monograph-inclusion-request-form/submissions.saveData	html	en	T7-contact-directory	Monograph Inclusion Request Form - Indian Pharmacopoeia Commission	64722
/mvpi/mvpi/Mdf/home.php	html	en	T9-PvPI-static	Medical Device Form	9592
/news-archive.feed	html	en	T4-category-list	News Archive - Indian Pharmacopoeia Commission	64757
/news-archive.html	html	en	T4-category-list	News Archive - Indian Pharmacopoeia Commission	64757
/news-highlights	html	en	T4-category-list	News &amp; Highlights - Indian Pharmacopoeia Commission	63588
/news-highlights.feed	html	en	T4-category-list	News &amp; Highlights - Indian Pharmacopoeia Commission	63598
/news-highlights.html	html	en	T4-category-list	News &amp; Highlights - Indian Pharmacopoeia Commission	63598
/news-highlights/1000-ncc-mvpi,-ipc-in-association-with-national-institute-of-mental-health-neuro-sciences-nimhans-,-bengaluru-is-organizing-a-national-conference-entitled-%E2%80%9Cmanagement-ensuring-safety-of-medical-devices%E2%80%9D-at-nimhans-convection-centre,-bengaluru-on-july-09,-2022.html	html	en	T2-article-detail	NCC-MvPI, IPC in association with National Institute of Mental Health &amp; Neuro Sciences (NIMHANS), Bengaluru is organizing a National Conference entitled “Management &amp; Ensuring Safety of Medical Devices” at NIMHANS convection centre, Bengaluru on July 09, - Indian Pharmacopoeia Commission	57705
/news-highlights/1000-ncc-mvpi,-ipc-in-association-with-national-institute-of-mental-health-neuro-sciences-nimhans-,-bengaluru-is-organizing-a-national-conference-entitled-%EF%BF%BD%EF%BF%BD%EF%BF%BDmanagement-ensuring-safety-of-medical-devices%EF%BF%BD%EF%BF%BD%EF%BF%BD-at-nimhans-convection-centre,-bengaluru-on-july-09,-2022.html	html	en	T2-article-detail	NCC-MvPI, IPC in association with National Institute of Mental Health &amp; Neuro Sciences (NIMHANS), Bengaluru is organizing a National Conference entitled “Management &amp; Ensuring Safety of Medical Devices” at NIMHANS convection centre, Bengaluru on July 09, - Indian Pharmacopoeia Commission	57741
/news-highlights/1000-ncc-mvpi,-ipc-in-association-with-national-institute-of-mental-health-neuro-sciences-nimhans-,-bengaluru-is-organizing-a-national-conference-entitled-“management-ensuring-safety-of-medical-devices”-at-nimhans-convection-centre,-bengaluru-on-july-09,-2022.html	html	en	T2-article-detail	NCC-MvPI, IPC in association with National Institute of Mental Health &amp; Neuro Sciences (NIMHANS), Bengaluru is organizing a National Conference entitled “Management &amp; Ensuring Safety of Medical Devices” at NIMHANS convection centre, Bengaluru on July 09, - Indian Pharmacopoeia Commission	57705
/news-highlights/1001-vacancy-circular-for-jr-pharmacovigilance-associate-vacant-posts-purely-on-contract-basis-at-indian-pharmacopoeia-commission-ipc.html	html	en	T2-article-detail	Vacancy circular for Jr. Pharmacovigilance Associate vacant posts purely on contract basis at Indian Pharmacopoeia Commission (IPC) - Indian Pharmacopoeia Commission	60119
/news-highlights/1002-ncc-mvpi,-ipc-in-organizing-a-workshop-entitled-%E2%80%9Ckey-role-of-in-vitro-diagnostic-medical-device-stakeholders-in-materiovigilance-programme-of-india%E2%80%9D-at-ipc,-ghaziabad-on-july-22,-2022.html	html	en	T2-article-detail	NCC-MvPI, IPC is organizing a workshop entitled “Key Role of in-vitro diagnostic medical device stakeholders in Materiovigilance Programme of India” at IPC, Ghaziabad on July 22, 2022. - Indian Pharmacopoeia Commission	57636
/news-highlights/1002-ncc-mvpi,-ipc-in-organizing-a-workshop-entitled-%EF%BF%BD%EF%BF%BD%EF%BF%BDkey-role-of-in-vitro-diagnostic-medical-device-stakeholders-in-materiovigilance-programme-of-india%EF%BF%BD%EF%BF%BD%EF%BF%BD-at-ipc,-ghaziabad-on-july-22,-2022.html	html	en	T2-article-detail	NCC-MvPI, IPC is organizing a workshop entitled “Key Role of in-vitro diagnostic medical device stakeholders in Materiovigilance Programme of India” at IPC, Ghaziabad on July 22, 2022. - Indian Pharmacopoeia Commission	57672
/news-highlights/1002-ncc-mvpi,-ipc-in-organizing-a-workshop-entitled-“key-role-of-in-vitro-diagnostic-medical-device-stakeholders-in-materiovigilance-programme-of-india”-at-ipc,-ghaziabad-on-july-22,-2022.html	html	en	T2-article-detail	NCC-MvPI, IPC is organizing a workshop entitled “Key Role of in-vitro diagnostic medical device stakeholders in Materiovigilance Programme of India” at IPC, Ghaziabad on July 22, 2022. - Indian Pharmacopoeia Commission	57636
/news-highlights/1003-ipc-updates.html	html	en	T2-article-detail	Press Note on Recognition of Indian Pharmacopoeia in Foreign Countries - Indian Pharmacopoeia Commission	55994
/news-highlights/1004-call-for-experts-join-subject-expert-committee-of-materiovigilance-programme-of-india.html	html	en	T2-article-detail	Call for Experts: Join subject Expert Committee of Materiovigilance programme of India - Indian Pharmacopoeia Commission	57039
/news-highlights/1005-procedure-for-purchasing-ip-2022-via-online-mode-for-ip-conference-2022-attendees-industry-and-accademia-only.html	html	en	T2-article-detail	Procedure for Purchasing IP 2022 via Online Mode- For IP conference 2022 attendees (Industry and Accademia) Only - Indian Pharmacopoeia Commission	57164
/news-highlights/1006-application-are-invited-for-the-22nd-skill-development-programme-on-pharmacovigilance-for-medical-products.html	html	en	T2-article-detail	Application are invited for the 22nd Skill Development Programme On Pharmacovigilance for Medical Products - Indian Pharmacopoeia Commission	58576
/news-highlights/1007-awareness-programme-on-9th-edition-of-indian-pharmacopoeia-ip-2022-indian-pharmacopoeia-reference-substance-iprs-bengaluru-on-friday,-26th-august-2022-timing-10-00-am%E2%80%9404-30-pm.html	html	en	T2-article-detail	AWARENESS PROGRAMME ON 9th EDITION OF INDIAN PHARMACOPOEIA (IP-2022) &amp; INDIAN PHARMACOPOEIA REFERENCE SUBSTANCE (IPRS) @ BENGALURU on Friday, 26th August 2022 Timing: 10:00 AM—04:30 PM - Indian Pharmacopoeia Commission	58334
/news-highlights/1007-awareness-programme-on-9th-edition-of-indian-pharmacopoeia-ip-2022-indian-pharmacopoeia-reference-substance-iprs-bengaluru-on-friday,-26th-august-2022-timing-10-00-am%EF%BF%BD%EF%BF%BD%EF%BF%BD04-30-pm.html	html	en	T2-article-detail	AWARENESS PROGRAMME ON 9th EDITION OF INDIAN PHARMACOPOEIA (IP-2022) &amp; INDIAN PHARMACOPOEIA REFERENCE SUBSTANCE (IPRS) @ BENGALURU on Friday, 26th August 2022 Timing: 10:00 AM—04:30 PM - Indian Pharmacopoeia Commission	58352
/news-highlights/1007-awareness-programme-on-9th-edition-of-indian-pharmacopoeia-ip-2022-indian-pharmacopoeia-reference-substance-iprs-bengaluru-on-friday,-26th-august-2022-timing-10-00-am%ef%bf%bd%ef%bf%bd%ef%bf%bd04-30-pm.html	html	en	T2-article-detail	AWARENESS PROGRAMME ON 9th EDITION OF INDIAN PHARMACOPOEIA (IP-2022) &amp; INDIAN PHARMACOPOEIA REFERENCE SUBSTANCE (IPRS) @ BENGALURU on Friday, 26th August 2022 Timing: 10:00 AM—04:30 PM - Indian Pharmacopoeia Commission	58352
/news-highlights/1007-awareness-programme-on-9th-edition-of-indian-pharmacopoeia-ip-2022-indian-pharmacopoeia-reference-substance-iprs-bengaluru-on-friday,-26th-august-2022-timing-10-00-am—04-30-pm.html	html	en	T2-article-detail	AWARENESS PROGRAMME ON 9th EDITION OF INDIAN PHARMACOPOEIA (IP-2022) &amp; INDIAN PHARMACOPOEIA REFERENCE SUBSTANCE (IPRS) @ BENGALURU on Friday, 26th August 2022 Timing: 10:00 AM—04:30 PM - Indian Pharmacopoeia Commission	58334
/news-highlights/1008-applications-are-invited-for-the-following-vacant-post-purely-on-contract-basis-at-indian-pharmacopoeia-commission-ipc-,-an-autonomous-organization-under-the-ministry-of-health-family-welfare,-ghaziabad,-through-manpower-resource-outsourcing-services-providing-agency-3.html	html	en	T2-article-detail	Applications are invited for the IT Associate post purely on contract basis at Indian Pharmacopoeia Commission (IPC), an Autonomous organization under the Ministry of Health &amp; Family Welfare, Ghaziabad, through Manpower Resource Outsourcing Services - Indian Pharmacopoeia Commission	65088
/news-highlights/1012-clarification-of-ip-general-chapter-2-5-4-i-uniformity-of-dosage-units.html	html	en	T2-article-detail	Clarification of IP General Chapter 2.5.4 (i). Uniformity of Dosage Units - Indian Pharmacopoeia Commission	56500
/news-highlights/1013-indian-pharmacopoeia-commission-ghaziabad-celebrates-the-azadi-ka-amrit-mahotsav,-76thindependence-day-of-india.html	html	en	T2-article-detail	Indian Pharmacopoeia Commission-Ghaziabad celebrates the Azadi ka Amrit Mahotsav, 76thIndependence Day of India. - Indian Pharmacopoeia Commission	57096
/news-highlights/1014-05-new-ip-reference-substance-launched.html	html	en	T2-article-detail	05 New IP Reference Substance Launched - Indian Pharmacopoeia Commission	55758
/news-highlights/1015-07-new-ip-impurity-reference-substance-launched.html	html	en	T2-article-detail	07 New IP Impurity Reference Substance Launched - Indian Pharmacopoeia Commission	55824
/news-highlights/1016-applications-are-invited-for-jr-materiovigilance-associate.html	html	en	T2-article-detail	Applications are invited for Jr. Materiovigilance Associate - Indian Pharmacopoeia Commission	56003
/news-highlights/1017-applications-are-invited-for-filling-up-of-the-four-posts-upper-division-clerk-through-deputation-including-short-term-contract-basis.html	html	en	T2-article-detail	Applications are invited for filling up of the four posts Upper Division Clerk through Deputation (including short term contract) basis. - Indian Pharmacopoeia Commission	56318
/news-highlights/1019-information-brochure-of-webinar-on-utilization-of-vigiflow-vigilyze-ensuring-quality-of-icsrs-and-signal-detection.html	html	en	T2-article-detail	Information Brochure of Webinar on &quot; Utilization of VigiFlow &amp; VigiLyze-Ensuring Quality of ICSRs and Signal Detection&quot; - Indian Pharmacopoeia Commission	57112
/news-highlights/1023-minutes-of-49th-meeting-of-the-scientific-body-of-ipc.html	html	en	T2-article-detail	Minutes of 49th Meeting of The Scientific Body of IPC - Indian Pharmacopoeia Commission	55917
/news-highlights/1026-new-chemical-monographs-for-stakeholders-comments.html	html	en	T2-article-detail	New chemical monographs for stakeholders comments - Indian Pharmacopoeia Commission	55860
/news-highlights/1027-new-veterinary-chemical-monographs-for-stakeholder-comments.html	html	en	T2-article-detail	New veterinary chemical monographs for stakeholder comments - Indian Pharmacopoeia Commission	55907
/news-highlights/1034-link-for-pre-bid-meeting-against-ipc-tender-no-ipc-5522-2022-23-for-supply-of-102-nos-of-impurity-at-ipc.html	html	en	T2-article-detail	Link for Pre-Bid Meeting on 20th Sept. 2022, 03:00 PM against IPC Tender No. IPC/5522/2022-23 for supply of 102 Nos. of Impurity - Indian Pharmacopoeia Commission	57889
/news-highlights/1036-indian-pharmacopoeia-commission-launches-15-new-ip-impurities-substance.html	html	en	T2-article-detail	Indian Pharmacopoeia Commission launches 15 New IP Impurities Substance. - Indian Pharmacopoeia Commission	55979
/news-highlights/1037-1000th-ip-reference-standard-launch.html	html	en	T2-article-detail	1000th IP Reference Standard launch - Indian Pharmacopoeia Commission	57770
/news-highlights/1038-result-of-e-poster-animation-video-competition-during-the-2nd-npw-celebration-held-from-17th-23rd-september-2022.html	html	en	T2-article-detail	Result of E-Poster &amp; Animation/Video Competition during the 2nd NPW Celebration held from 17th-23rd September 2022 - Indian Pharmacopoeia Commission	56241
/news-highlights/1040-link-for-pre-bid-meeting-on-11th-oct-2022,-11-30-am-against-ipc-tender-no-ipc-5522-2022-23-for-supply-of-102-nos-of-impurity.html	html	en	T2-article-detail	Link for Pre-Bid Meeting on 11th Oct. 2022, 11:30 AM against IPC Tender No. IPC/5522/2022-23 for supply of 102 Nos. of Impurity - Indian Pharmacopoeia Commission	58720
/news-highlights/1041-rolling-advertisement-for-recruitment-of-%20jr-pharmacovigilance-associate-at-pharmacovigilance-programme-of-india,-indian-pharmacopoeia-commission,-ghaziabad.html	html	en	T2-article-detail	ROLLING ADVERTISEMENT FOR RECRUITMENT OF Jr PHARMACOVIGILANCE ASSOCIATE AT PHARMACOVIGILANCE PROGRAMME OF INDIA, INDIAN PHARMACOPOEIA COMMISSION, GHAZIABAD - Indian Pharmacopoeia Commission	61012
/news-highlights/1044-biological-monographs-biological-monographs,-general-requirements,-general-chapters.html	html	en	T2-article-detail	Biological Monographs, General Requirements, General Chapters - Indian Pharmacopoeia Commission	57318
/news-highlights/1047-ipc-in-association-with-govt-pharmacy-college-sajong,-sikkim-is-organizing-a-national-conference-on-strengthening-of-medical-products-safety-surveillance-system-in-north-eastern-states-of-india-at-govt-pharmacy-college-sajong,-sikkim-on-oct-19,-2022.html	html	en	T2-article-detail	IPC in association with Govt. Pharmacy College Sajong, Sikkim is organizing a National Conference on &quot;Strengthening of Medical Products Safety Surveillance System in North Eastern States of India&quot; at Govt. Pharmacy College Sajong, Sikkim on Oct 19, 2022. - Indian Pharmacopoeia Commission	57920
/news-highlights/1048-ipc-in-association-with-ruby-hall-clinic,-pune-is-organizing-a-national-conference-on-%E2%80%9Cstrengthening-medical-product-safety-surveillance%E2%80%9D-on-november-12,-2022-at-sheraton-grand-hotel,-bund-garden-road,-pune-411001.html	html	en	T2-article-detail	IPC in association with Ruby Hall Clinic, Pune is organizing a national conference on “Strengthening Medical Product Safety Surveillance” on November 12, 2022 at Sheraton Grand Hotel, Bund Garden Road, Pune- 411001 - Indian Pharmacopoeia Commission	57072
/news-highlights/1048-ipc-in-association-with-ruby-hall-clinic,-pune-is-organizing-a-national-conference-on-%EF%BF%BD%EF%BF%BD%EF%BF%BDstrengthening-medical-product-safety-surveillance%EF%BF%BD%EF%BF%BD%EF%BF%BD-on-november-12,-2022-at-sheraton-grand-hotel,-bund-garden-road,-pune-411001.html	html	en	T2-article-detail	IPC in association with Ruby Hall Clinic, Pune is organizing a national conference on “Strengthening Medical Product Safety Surveillance” on November 12, 2022 at Sheraton Grand Hotel, Bund Garden Road, Pune- 411001 - Indian Pharmacopoeia Commission	57108
/news-highlights/1048-ipc-in-association-with-ruby-hall-clinic,-pune-is-organizing-a-national-conference-on-“strengthening-medical-product-safety-surveillance”-on-november-12,-2022-at-sheraton-grand-hotel,-bund-garden-road,-pune-411001.html	html	en	T2-article-detail	IPC in association with Ruby Hall Clinic, Pune is organizing a national conference on “Strengthening Medical Product Safety Surveillance” on November 12, 2022 at Sheraton Grand Hotel, Bund Garden Road, Pune- 411001 - Indian Pharmacopoeia Commission	57072
/news-highlights/1051-ipc-s-notice-regarding-general-chapters-of-ip-2022.html	html	en	T2-article-detail	IPC's Notice Regarding General Chapters of IP 2022 - Indian Pharmacopoeia Commission	55849
/news-highlights/1052-indian-pharmacopoeia-commission-launches-10-new-ip-impurities-substance.html	html	en	T2-article-detail	Indian Pharmacopoeia Commission launches 10 New IP Impurities Substance - Indian Pharmacopoeia Commission	55980
/news-highlights/1056-medsafetyweek.html	html	en	T2-article-detail	#MedSafetyWeek - Indian Pharmacopoeia Commission	55635
/news-highlights/1057-pharmacopoeial-harmonisation-group-pdg-%0Aupdates.html	html	en	T2-article-detail	Pharmacopeial Discussion Group (PDG) - Indian Pharmacopoeia Commission	57766
/news-highlights/1057-pharmacopoeial-harmonisation-group-pdg-updates.html	html	en	T2-article-detail	Pharmacopeial Discussion Group (PDG) - Indian Pharmacopoeia Commission	57763
/news-highlights/1058-notice-inviting-tender-nit-and-tender-document-for-supply-of-pharmaceutical-impurities-at-ipc,-gzb-tender-no-ipc-5533-2022-23-dated-16-11-2022.html	html	en	T2-article-detail	Notice Inviting Tender (NIT) and Tender Document for supply of Pharmaceutical Impurities at IPC, GZB (Tender No. IPC/5533/2022-23 Dated-16/11/2022) - Indian Pharmacopoeia Commission	56784
/news-highlights/1060-indian-pharmacopoeia-commission-launches-20-new-ip-impurities-substance.html	html	en	T2-article-detail	Indian Pharmacopoeia Commission launches 20 New IP Impurities Substance - Indian Pharmacopoeia Commission	55967
/news-highlights/1061-indian-pharmacopoeia-commission-launches-01-new-ip-reference-substance.html	html	en	T2-article-detail	Indian Pharmacopoeia Commission launches 01 New IP Reference Substance - Indian Pharmacopoeia Commission	55948
/news-highlights/1062-gem-tender-notice-invitation-digitalization-of-indian-pharmacopoeia.html	html	en	T2-article-detail	GEM Tender Notice Invitation-Digitalization of Indian Pharmacopoeia - Indian Pharmacopoeia Commission	57065
/news-highlights/1065-indian-pharmacopoeia-2022-amendment-lists-%0A2.html	html	en	T2-article-detail	Indian Pharmacopoeia 2022- Amendment Lists - Indian Pharmacopoeia Commission	59089
/news-highlights/1065-indian-pharmacopoeia-2022-amendment-lists-2.html	html	en	T2-article-detail	Indian Pharmacopoeia 2022- Amendment Lists - Indian Pharmacopoeia Commission	59086
/news-highlights/1066-applications-are-invited-for-the-following-vacant-post-at-indian-pharmacopoeia-commission-ipc-,-an-autonomous-organization-under-the-ministry-of-health-family-welfare,-ghaziabad,-through-manpower-resource-outsourcing-services-providing-agency.html	html	en	T2-article-detail	Applications are invited for post of Pharmacopoeial Associate (Phyto Division) at Indian Pharmacopoeia Commission (IPC), an Autonomous organization under the MoH&amp;FW, Ghaziabad, through Manpower Resource Outsourcing Services Providing Agency - Indian Pharmacopoeia Commission	57232
/news-highlights/1067-corrigendum-i-against-impurity-tender-no-ipc-5533-2022-23,-dated-16-11-2022-regarding.html	html	en	T2-article-detail	Corrigendum-I against Impurity Tender No. IPC/5533/2022-23, Dated. 16.11.2022- regarding - Indian Pharmacopoeia Commission	57018
/news-highlights/1068-refund-and-cancellation-policy-for-online-orders.html	html	en	T2-article-detail	Refund and Cancellation policy for Online orders - Indian Pharmacopoeia Commission	55964
/news-highlights/1069-notice-inviting-quotation-for-the-shifting-of-compactor-from-1st-floor-to-ground-floor-in-new-advance-level-research-centre-alrc-building-at-ipc,-ghaziabad.html	html	en	T2-article-detail	Notice - Inviting quotation for the shifting of compactor from 1st floor to Ground Floor in New Advance Level Research Centre (ALRC) building at IPC, Ghaziabad - Indian Pharmacopoeia Commission	56470
/news-highlights/1070-pre-bid-meeting-link-for-tender-of-digitalization-of-ip.html	html	en	T2-article-detail	Pre-Bid Meeting Link for Tender of Digitalization of IP - Indian Pharmacopoeia Commission	56368
/news-highlights/1071-indian-pharmacopoeia-commission-launches-15-new-ip-impurities-substance-2.html	html	en	T2-article-detail	Indian Pharmacopoeia Commission launches 15 New IP Impurities Substance - Indian Pharmacopoeia Commission	55968
/news-highlights/1072-opening-of-technical-bids-on-09-12-2022,-11-30-hrs-against-impurity-tender-no-ipc-5533-2022-23-reg.html	html	en	T2-article-detail	Opening of Technical Bids on 09.12.2022, 11:30 Hrs. against Impurity Tender No. IPC/5533/2022-23- Reg. - Indian Pharmacopoeia Commission	56202
/news-highlights/1073-corrigendum-i-gem-tender-for-digitalization-of-indian-pharmacopoeia-reg.html	html	en	T2-article-detail	CORRIGENDUM-I GEM Tender for Digitalization of Indian Pharmacopoeia Reg. - Indian Pharmacopoeia Commission	56015
/news-highlights/1074-tender-for-lab-furniture-of-alrc-building.html	html	en	T2-article-detail	Invitation of BIDS for Procurement of Lab Furniture for New ALRC Building at Indian Pharmacopoeia Commission, Ghaziabad. - Indian Pharmacopoeia Commission	56152
/news-highlights/1075-corrigendum-ii-of-gem-tender-for-digitalization-of-indian-pharmacopoeia.html	html	en	T2-article-detail	Corrigendum II of GeM tender for digitalization of Indian Pharmacopoeia - Indian Pharmacopoeia Commission	55987
/news-highlights/1076-invitation-of-bids-for-hiring-of-security-manpower-agency-for-providing-security-personnel-i-e-security-supervisor,-gunmen-security-guards-in-ipc,-sector-23,-raj-nagar,-ghaziabad-201002-up.html	html	en	T2-article-detail	Invitation of BIDs for Hiring of Security Manpower Agency for providing Security Personnel (i.e. Security Supervisor, Gunmen &amp; Security Guards) in IPC, Sector-23, Raj Nagar, Ghaziabad-201002 (UP). - Indian Pharmacopoeia Commission	56758
/news-highlights/1077-applications-are-invited-for-filling-up-various-posts-through-deputation-including-short-term-contract.html	html	en	T2-article-detail	Applications are invited for filling up various posts through Deputation (Including Short Term Contract) - Indian Pharmacopoeia Commission	56568
/news-highlights/1078-indian-pharmacopoeia-commission-launches-10-new-ip-impurities-substance-2.html	html	en	T2-article-detail	Indian Pharmacopoeia Commission launches 10 New IP Impurities Substance - Indian Pharmacopoeia Commission	55964
/news-highlights/1080-application-are-invited-for-the-24th-skill-development-programme-on-pharmacovigilance-for-medical-products.html	html	en	T2-article-detail	Skill Development Progamme - Indian Pharmacopoeia Commission	57007
/news-highlights/1081-cancellation-notice-for-gem-tender-for-digitalization-of-indian-pharmacopoeia-2.html	html	en	T2-article-detail	Cancellation notice for GeM tender for digitalization of Indian Pharmacopoeia - Indian Pharmacopoeia Commission	56019
/news-highlights/1083-15th-foundation-day-celebration-of-indian-pharmacopoeia-commission.html	html	en	T2-article-detail	15Th Foundation Day Celebration of Indian Pharmacopoeia Commission - Indian Pharmacopoeia Commission	56023
/news-highlights/1086-microbiology-general-chapters-monographs.html	html	en	T2-article-detail	Draft Amendments - Indian Pharmacopoeia Commission	55672
/news-highlights/1087-apply-for-gem-tender-for-digitalization-of-indian-pharmacopoeia-ip-last-date-11-02-2023.html	html	en	T2-article-detail	Apply for GeM Tender for Digitalization of Indian Pharmacopoeia (IP) Last date: 11-02-2023 &quot; - Indian Pharmacopoeia Commission	56832
/news-highlights/1090-pre-bid-meeting-for-gem-tender-for-digitalization-of-indian-pharmacopoeia.html	html	en	T2-article-detail	Pre-Bid Meeting for GeM Tender for Digitalization of Indian Pharmacopoeia - Indian Pharmacopoeia Commission	56965
/news-highlights/1091-ipc-notices-and-updates.html	html	en	T2-article-detail	IPC Notices and Updates - Indian Pharmacopoeia Commission	56840
/news-highlights/1093-corrigendum-i-of-gem-tender-for-digitalization-of-indian-pharmacopoeia-reg.html	html	en	T2-article-detail	Corrigendum I of GeM tender for digitalization of Indian Pharmacopoeia - reg. - Indian Pharmacopoeia Commission	56293
/news-highlights/1094-tender-document-for-supply-of-%E2%80%9Ccandidate-material-for-preparation-of-ip-reference-substances%E2%80%9D-at-ipc,-ghaziabad.html	html	en	T2-article-detail	Tender Document for Supply of “CANDIDATE MATERIAL FOR PREPARATION OF IP REFERENCE SUBSTANCES” at IPC, Ghaziabad - Indian Pharmacopoeia Commission	56535
/news-highlights/1094-tender-document-for-supply-of-%EF%BF%BD%EF%BF%BD%EF%BF%BDcandidate-material-for-preparation-of-ip-reference-substances%EF%BF%BD%EF%BF%BD%EF%BF%BD-at-ipc,-ghaziabad.html	html	en	T2-article-detail	Tender Document for Supply of “CANDIDATE MATERIAL FOR PREPARATION OF IP REFERENCE SUBSTANCES” at IPC, Ghaziabad - Indian Pharmacopoeia Commission	56571
/news-highlights/1094-tender-document-for-supply-of-“candidate-material-for-preparation-of-ip-reference-substances”-at-ipc,-ghaziabad.html	html	en	T2-article-detail	Tender Document for Supply of “CANDIDATE MATERIAL FOR PREPARATION OF IP REFERENCE SUBSTANCES” at IPC, Ghaziabad - Indian Pharmacopoeia Commission	56535
/news-highlights/1095-corrigendum-ii-of-gem-tender-for-digitalization-of-indian-pharmacopoeia-reg.html	html	en	T2-article-detail	Corrigendum II of GeM tender for digitalization of Indian Pharmacopoeia - reg. - Indian Pharmacopoeia Commission	55998
/news-highlights/1096-link-for-pre-bid-meeting-against-reference-substances-ipc-tender-no-ipc-5535-2022-23.html	html	en	T2-article-detail	Link for Pre-bid Meeting against Reference Substances IPC Tender No. IPC/5535/2022-23 - Indian Pharmacopoeia Commission	56701
/news-highlights/1097-indian-pharmacopoeia-commission-launches-15-new-ip-impurities-substance-3.html	html	en	T2-article-detail	Order Issued by National Medical Commission for Enrolment of Medical Colleges as Adverse Drug Reactions (ADR) Monitoring Centres Under PvPI - Indian Pharmacopoeia Commission	56275
/news-highlights/1098-pt-round-01,-2023-in-assay-by-hplc-in-tablet-formulation.html	html	en	T2-article-detail	PT round 01, 2023 in Assay by HPLC in tablet formulation. - Indian Pharmacopoeia Commission	59078
/news-highlights/1099-3-press-release.html	html	en	T2-article-detail	Press Release / News - Indian Pharmacopoeia Commission	58376
/news-highlights/1100-link-for-opening-of-technical-bids-on-03-03-2023,-11-00-hrs-against-impurity-tender-no-ipc-5535-2022-23-reg-hosted-by-indian-pharmacopoeia-commission.html	html	en	T2-article-detail	Link for Opening of Technical Bids on 03.03.2023, 11:00 Hrs. against Impurity Tender No. IPC/5535/2022-23- Reg. Hosted by Indian Pharmacopoeia Commission - Indian Pharmacopoeia Commission	57095
/news-highlights/1107-pt-schedule-2023.html	html	en	T2-article-detail	PT schedule-2023 - Indian Pharmacopoeia Commission	55714
/news-highlights/1110-delisting-of-amcs-under-pvpi-notices.html	html	en	T2-article-detail	Delisting of AMCs under PvPI (Notice) - Indian Pharmacopoeia Commission	56124
/news-highlights/1111-visit-of-ms-aradhana-patnaik,-ias,-joint-secretary-regulations-to-indian-pharmacopoeia-commission-ghaziabad-on-12th-april,-2023.html	html	en	T2-article-detail	Visit of Ms. Aradhana Patnaik, IAS, Joint Secretary (Regulations) to Indian Pharmacopoeia Commission Ghaziabad on 12th April, 2023 - Indian Pharmacopoeia Commission	59995
/news-highlights/1112-pt-round-02,-2023-in-biological-discipline.html	html	en	T2-article-detail	PT round-02, 2023 in biological discipline - Indian Pharmacopoeia Commission	58202
/news-highlights/1115-applications-are-invited-for-the-vacant-post-of-pharmacopoeia-editor-and-pharmacopeia-proof-reader-in-ipc,-ghaziabad.html	html	en	T2-article-detail	Applications are invited for the vacant post of Pharmacopoeia Editor and Pharmacopeia Proof Reader in IPC, Ghaziabad - Indian Pharmacopoeia Commission	56426
/news-highlights/1144-gem-tender-for-printing-binding-of-addendum-2024-to-ip-22.html	html	en	T2-article-detail	GeM tender for printing &amp; binding of Addendum 2024 to IP 22 - Indian Pharmacopoeia Commission	55919
/news-highlights/1169-walk-in-interview-is-going-to-be-held-on-6th-june-2023-for-filling-up-of-the-vacant-post-of-human-resource-associate-in-pharamacovigilance-programme-of-india,-indian-pharmacopoeia-commission-ipc-,-an-autonomous-organization-under-the-ministry-of-health-family-welfare,-ghaziabad,-through-outsourcing-manpower-providing-agency.html	html	en	T2-article-detail	Walk-in Interview is scheduled on 6th June 2023 for the post of Human Resource Associate in Pharamacovigilance Programme of India, Indian Pharmacopoeia Commission (IPC), an Autonomous organization under the Ministry of Health &amp; Family Welfare, Ghaziabad, - Indian Pharmacopoeia Commission	57524
/news-highlights/1170-extension-of-gem-tender-for-printing-binding-of-addendum-2024-to-ip-22.html	html	en	T2-article-detail	Extension of GeM tender for printing &amp; binding of Addendum 2024 to IP 22 - Indian Pharmacopoeia Commission	56264
/news-highlights/1171-indian-pharmacopoeia-commission,-mohfw,-govt-of-india-invites-application-for-the-26th-skill-development-programme-on-pharmacovigilance-from-7-11-august-2023.html	html	en	T2-article-detail	Indian Pharmacopoeia Commission, MoHFW, Govt. of India Invites Application for the 26th Skill Development Programme on Pharmacovigilance from 7-11 August 2023. - Indian Pharmacopoeia Commission	56623
/news-highlights/1173-recognition-of-the-indian-pharmacopoeia-ip-2022-by-republic-of-suriname.html	html	en	T2-article-detail	Recognition of the Indian Pharmacopoeia (IP-2022) by Republic of Suriname - Indian Pharmacopoeia Commission	57309
/news-highlights/1174-application-are-invited-for-the-26th-skill-development-programme-on-pharmacovigilance.html	html	en	T2-article-detail	Application are invited for the 26th Skill Development Programme on Pharmacovigilance. - Indian Pharmacopoeia Commission	58066
/news-highlights/1176-filling-up-of-vacant-posts-group-%E2%80%9Ca%E2%80%9D,-group-%E2%80%9Cb%E2%80%9D-and-group-%E2%80%9Cc%E2%80%9D-in-ipc-regarding.html	html	en	T2-article-detail	Filling up of vacant posts (Group “A”, Group “B” and Group “C”) in IPC- regarding. - Indian Pharmacopoeia Commission	56541
/news-highlights/1176-filling-up-of-vacant-posts-group-%EF%BF%BD%EF%BF%BD%EF%BF%BDa%EF%BF%BD%EF%BF%BD%EF%BF%BD,-group-%EF%BF%BD%EF%BF%BD%EF%BF%BDb%EF%BF%BD%EF%BF%BD%EF%BF%BD-and-group-%EF%BF%BD%EF%BF%BD%EF%BF%BDc%EF%BF%BD%EF%BF%BD%EF%BF%BD-in-ipc-regarding.html	html	en	T2-article-detail	Filling up of vacant posts (Group “A”, Group “B” and Group “C”) in IPC- regarding. - Indian Pharmacopoeia Commission	56649
/news-highlights/1176-filling-up-of-vacant-posts-group-“a”,-group-“b”-and-group-“c”-in-ipc-regarding.html	html	en	T2-article-detail	Filling up of vacant posts (Group “A”, Group “B” and Group “C”) in IPC- regarding. - Indian Pharmacopoeia Commission	56541
/news-highlights/1178-international-yoga-day-2023-celebration-at-ipc.html	html	en	T2-article-detail	International Yoga Day 2023 celebration at IPC - Indian Pharmacopoeia Commission	57155
/news-highlights/1179-recognizing-the-contribution-made-to-the-healthcare-system-in-india,-ipc-has-been-conferred-upon-dr-keshav-baliram-hedgewar-integral-healthcare-honor-2023.html	html	en	T2-article-detail	Recognizing the contribution made to the healthcare system in India, IPC has been conferred upon Dr. Keshav Baliram Hedgewar Integral Healthcare Honor 2023. - Indian Pharmacopoeia Commission	56492
/news-highlights/1181-changing-landscape-of-materiovigilance-opportunities-challenges-for-healthcare-professionals.html	html	en	T2-article-detail	Changing Landscape of Materiovigilance: Opportunities &amp; Challenges for Healthcare Professionals - Indian Pharmacopoeia Commission	59997
/news-highlights/1183-gem-tender-for-printing-binding-of-addendum-2024-to-ip-2022.html	html	en	T2-article-detail	GeM tender for printing &amp; binding of Addendum 2024 to IP 2022 - Indian Pharmacopoeia Commission	55892
/news-highlights/1188-applications-are-invited-for-workshop-cum-training-programme-on-pharmacovigilance-for-nabh-accredited-hospitals.html	html	en	T2-article-detail	Applications are invited for Workshop-cum-Training Programme on Pharmacovigilance for NABH Accredited Hospitals. - Indian Pharmacopoeia Commission	57043
/news-highlights/1195-3rd-national-pharmacovigilance-week.html	html	en	T2-article-detail	3rd National Pharmacovigilance Week - Indian Pharmacopoeia Commission	59642
/news-highlights/1197-applications-are-invited-for-the-following-vacant-post-at-indian-pharmacopoeia-commission-ipc-,-an-autonomous-organization-under-the-ministry-of-health-family-welfare,-ghaziabad,-through-manpower-resource-outsourcing-services-providing-agency-mvpi.html	html	en	T2-article-detail	Applications are invited for the following vacant post at Indian Pharmacopoeia Commission (IPC), an Autonomous organization under the Ministry of Health &amp; Family Welfare, Ghaziabad, through Manpower Resource Outsourcing Services Providing Agency. - Indian Pharmacopoeia Commission	57653
/news-highlights/1198-pvpi-ipc,-mohfw,-govt-of-india-invites-application-for-the-27th-skill-development-programme-on-pharmacovigilance-from-20-24th-november-2023.html	html	en	T2-article-detail	PvPI-IPC, MoHFW, Govt. of India invites Application for the 27th Skill Development Programme on -Pharmacovigilance from 20-24th November 2023. - Indian Pharmacopoeia Commission	56733
/news-highlights/1199-visit-of-sh-sudhansh-pant,-secretary-health-and-family-welfare-,-govt-of-india-in-indian-pharmacopoeia-commission,-ghaziabad-on%208th-september,-2023.html	html	en	T2-article-detail	Visit of Sh. Sudhansh Pant, Secretary (Health and Family Welfare), Govt. of India in Indian Pharmacopoeia Commission, Ghaziabad on 8th September, 2023 - Indian Pharmacopoeia Commission	58101
/news-highlights/1200-ncc-mvpi,-ipc-in-organizing-a-webinar-entitled-%E2%80%9C-empowering-biomedical-engineers-in-reporting-adverse-events-linked-to-medical-devices-in-materiovigilance-programme-%E2%80%9D-at-ipc,-ghaziabad-on-september-25,-2023.html	html	en	T2-article-detail	NCC-MvPI, IPC is organizing a webinar entitled “ Empowering Biomedical Engineers in reporting adverse events linked to medical devices in Materiovigilance Programme ” at IPC, Ghaziabad on September 25, 2023 - Indian Pharmacopoeia Commission	57391
/news-highlights/1200-ncc-mvpi,-ipc-in-organizing-a-webinar-entitled-%ef%bf%bd%ef%bf%bd%ef%bf%bd-empowering-biomedical-engineers-in-reporting-adverse-events-linked-to-medical-devices-in-materiovigilance-programme-%ef%bf%bd%ef%bf%bd%ef%bf%bd-at-ipc,-ghaziabad-on-september-25,-2023.html	html	en	T2-article-detail	NCC-MvPI, IPC is organizing a webinar entitled “ Empowering Biomedical Engineers in reporting adverse events linked to medical devices in Materiovigilance Programme ” at IPC, Ghaziabad on September 25, 2023 - Indian Pharmacopoeia Commission	57427
/news-highlights/1200-ncc-mvpi,-ipc-in-organizing-a-webinar-entitled-“-empowering-biomedical-engineers-in-reporting-adverse-events-linked-to-medical-devices-in-materiovigilance-programme-”-at-ipc,-ghaziabad-on-september-25,-2023.html	html	en	T2-article-detail	NCC-MvPI, IPC is organizing a webinar entitled “ Empowering Biomedical Engineers in reporting adverse events linked to medical devices in Materiovigilance Programme ” at IPC, Ghaziabad on September 25, 2023 - Indian Pharmacopoeia Commission	57391
/news-highlights/1203-ncc-mvpi,-ipc-is-organizing-a-webinar-on-%E2%80%9Ckey-role-of-consumer-in-materiovigilance-programme-of-india%E2%80%9D.html	html	en	T2-article-detail	NCC-MvPI, IPC is organizing a webinar on “Key role of Consumer in Materiovigilance Programme of India” - Indian Pharmacopoeia Commission	56143
/news-highlights/1203-ncc-mvpi,-ipc-is-organizing-a-webinar-on-%ef%bf%bd%ef%bf%bd%ef%bf%bdkey-role-of-consumer-in-materiovigilance-programme-of-india%ef%bf%bd%ef%bf%bd%ef%bf%bd.html	html	en	T2-article-detail	NCC-MvPI, IPC is organizing a webinar on “Key role of Consumer in Materiovigilance Programme of India” - Indian Pharmacopoeia Commission	56179
/news-highlights/1203-ncc-mvpi,-ipc-is-organizing-a-webinar-on-“key-role-of-consumer-in-materiovigilance-programme-of-india”.html	html	en	T2-article-detail	NCC-MvPI, IPC is organizing a webinar on “Key role of Consumer in Materiovigilance Programme of India” - Indian Pharmacopoeia Commission	56143
/news-highlights/1204-signing-of-mou-between-the-food-safety-and-drug-administration,-government-of-uttar-pradesh-and-the-indian-pharmacopoeia-commission,-ghaziabad.html	html	en	T2-article-detail	Signing of MoU between the Food Safety and Drug Administration, Government of Uttar Pradesh and the Indian Pharmacopoeia Commission, Ghaziabad - Indian Pharmacopoeia Commission	57189
/news-highlights/1205-pharmacopoeial-discussion-group-welcomes-indian-pharmacopoeia-commission-as-a-member,-facilitating-reach-and-enhancing-impact-of-pharmacopoeial-standards-harmonisation.html	html	en	T2-article-detail	Pharmacopoeial Discussion Group welcomes Indian Pharmacopoeia Commission as a Member - Indian Pharmacopoeia Commission	56575
/news-highlights/1206-draft-revisions-for-comments.html	html	en	T2-article-detail	DRAFT REVISIONS FOR COMMENTS - Indian Pharmacopoeia Commission	55714
/news-highlights/1227-ipc-interactive-meet-on-pharmacopoeia-standards-in-haridwar-on-october-14,-2023.html	html	en	T2-article-detail	'IPC Interactive Meet on Pharmacopoeia Standards' in Haridwar on October 14, 2023 - Indian Pharmacopoeia Commission	56754
/news-highlights/1230-pharmacopoeial-discussion-group-achievements.html	html	en	T2-article-detail	Pharmacopoeial Discussion Group Achievements - Indian Pharmacopoeia Commission	55958
/news-highlights/1233-vacancy-circular-for-the-post-of-secretary-cum-scientific-director,-indian-pharmacopoeia-commission.html	html	en	T2-article-detail	Vacancy Circular for the post of Secretary-cum-Scientific Director, Indian Pharmacopoeia Commission - Indian Pharmacopoeia Commission	57203
/news-highlights/1234-vacancy-circular-for-the-post-of-stores-officer.html	html	en	T2-article-detail	Vacancy circular for the post of Stores Officer - Indian Pharmacopoeia Commission	55832
/news-highlights/1235-citizen-charter.html	html	en	T2-article-detail	CITIZEN CHARTER - Indian Pharmacopoeia Commission	55614
/news-highlights/1240-biological-monographs-general-chapters.html	html	en	T2-article-detail	Biological Monographs/General Chapters - Indian Pharmacopoeia Commission	57166
/news-highlights/1241-01-one-post-ur-on-direct-recruitment-basis,-of-senior-scientific-officer-in-indian-pharmacopoeia-commission-through-advertisement-no-employment-news-11-45-dated-10-16-june,-2023.html	html	en	T2-article-detail	01 (one) post (UR) on direct recruitment basis, of Senior Scientific Officer in Indian Pharmacopoeia Commission through advertisement No. Employment News 11/45 dated 10-16 June, 2023. - Indian Pharmacopoeia Commission	56576
/news-highlights/1242-02-two-post-ur-on-direct-recruitment-basis,-of-senior-principal-scientific-officer-in-indian-pharmacopoeia-commission-through-advertisement-no-employment-news-11-45-dated-10-16-june,-2023.html	html	en	T2-article-detail	02 (two) post (UR) on direct recruitment basis, of Senior Principal Scientific Officer in Indian Pharmacopoeia Commission through Advertisement No. Employment News 11/45 dated 10-16 June, 2023. - Indian Pharmacopoeia Commission	56638
/news-highlights/1243-pt-round-04,-2023-in-biological-discipline.html	html	en	T2-article-detail	PT round-04, 2023 in biological discipline (Group - Biologically Derived Pharmaceutical) - Indian Pharmacopoeia Commission	59405
/news-highlights/1244-cdsco-vacancy-notice.html	html	en	T2-article-detail	CDSCO VACANCY NOTICE - Indian Pharmacopoeia Commission	55702
/news-highlights/1245-vacancy-circular-for-the-post-of-sr-pharmacovigilance-associate.html	html	en	T2-article-detail	Vacancy circular for the post of Sr. Pharmacovigilance Associate - Indian Pharmacopoeia Commission	56441
/news-highlights/1246-pre-bid-meeting-link-for-gem-bid-regarding-supply-of-pharmaceutical-impurities-at-ipc.html	html	en	T2-article-detail	Pre Bid Meeting link for GeM Bid regarding Supply of Pharmaceutical Impurities at IPC - Indian Pharmacopoeia Commission	56731
/news-highlights/1251-internship-training-in-pharmacovigilance.html	html	en	T2-article-detail	Flyer for Internship Training in Pharmacovigilance - Indian Pharmacopoeia Commission	56290
/news-highlights/1251-internship-training-in-pharmacovigilance.html%0A%0A%0ALink	html	en	T2-article-detail	Flyer for Internship Training in Pharmacovigilance - Indian Pharmacopoeia Commission	56303
/news-highlights/1252-release-of-ip-addendum-2024.html	html	en	T2-article-detail	Salient Features of IP Addendum 2024 - Indian Pharmacopoeia Commission	56689
/news-highlights/1254-application-for-the-28th-skill-development-programme-on-pharmacovigilance-from-04-08th-march-2024.html	html	en	T2-article-detail	Application for the 28th Skill Development Programme on Pharmacovigilance from 04-08th March 2024. - Indian Pharmacopoeia Commission	56548
/news-highlights/1255-diclofenac-injection-notice.html	html	en	T2-article-detail	Diclofenac Injection Notice - Indian Pharmacopoeia Commission	55879
/news-highlights/1256-vacancy-circular-for-the-post-of-pharmacopoeial-scientist.html	html	en	T2-article-detail	Vacancy Circular for the post of Pharmacopoeial Scientist - Indian Pharmacopoeia Commission	56485
/news-highlights/1257-circular-for-half-day-closing-on-22-01-2024-till-02-30-pm.html	html	en	T2-article-detail	Circular for Half Day closing on 22.01.2024 till 02.30 PM - Indian Pharmacopoeia Commission	55955
/news-highlights/1258-the-reporting-time-for-personal-interview-for-the-post-of-senior-scientific-officer-has-been-postponed-at-the-afternoon-instead-of-09-00-am-on-22-01-2024.html	html	en	T2-article-detail	The Reporting time for personal interview for the post of Senior Scientific Officer has been postponed at the afternoon instead of 09.00 AM on 22.01.2024 - Indian Pharmacopoeia Commission	56493
/news-highlights/1259-the-reporting-time-for-personal-interview-for-the-post-of-senior-scientific-officer-has-been-postponed-to-09-00-am-on-23-01-2024-instead-of-22-01-2024.html	html	en	T2-article-detail	The reporting time for personal interview for the post of Senior Scientific Officer has been postponed to 09.00 AM on 23.01.2024 instead of 22.01.2024 - Indian Pharmacopoeia Commission	56459
/news-highlights/1260-draft-new-chemical-monographs-for-stakeholder-s-comments.html	html	en	T2-article-detail	Draft Monographs and Revision / Amendments Proposals for Stakeholders’ Comments - Indian Pharmacopoeia Commission	56402
/news-highlights/1262-16th-foundation-day-celebration-of-the-indian-pharmacopoeia-commission.html	html	en	T2-article-detail	16th Foundation Day Celebration of the Indian Pharmacopoeia Commission - Indian Pharmacopoeia Commission	57213
/news-highlights/1263-draft-of-pharmacovigilance-guidance-document-for-the-marketing-authorization-holders-mahs-of-pharmaceutical-products-for-seeking-comments-from-stakeholders-version-2-0.html	html	en	T2-article-detail	Draft of Pharmacovigilance Guidance Document for the Marketing Authorization Holders (MAHs) of Pharmaceutical Products for seeking comments from stakeholders (Version 2.0) - Indian Pharmacopoeia Commission	57664
/news-highlights/1264-one-day-training-programme-on-%E2%80%9Cstepping-forward-to-promote-the-safety-of-medical-devices-materiovigilance-program-of-india.html	html	en	T2-article-detail	One day training programme on “Stepping forward to promote the safety of medical devices: Materiovigilance Program of India&quot; - Indian Pharmacopoeia Commission	57180
/news-highlights/1264-one-day-training-programme-on-“stepping-forward-to-promote-the-safety-of-medical-devices-materiovigilance-program-of-india.html	html	en	T2-article-detail	One day training programme on “Stepping forward to promote the safety of medical devices: Materiovigilance Program of India&quot; - Indian Pharmacopoeia Commission	57180
/news-highlights/1265-vacancy-circular-for-the-post-of-pharmacopoeial-scientist-2.html	html	en	T2-article-detail	Vacancy circular for the post of Pharmacopoeial Scientist - Indian Pharmacopoeia Commission	56464
/news-highlights/1266-draft-amendments-and-revisions-for-stakeholder-s-comments.html	html	en	T2-article-detail	Draft amendments and revisions for stakeholder's comments - Indian Pharmacopoeia Commission	56032
/news-highlights/1267-result-notice-for-the-post-of-scientific-assistant-pharmacopoeia-proof-reader-pharmacopoeia-editor-senior-scientific-officer-senior-principal-scientific-officer.html	html	en	T2-article-detail	Result Notice for the post of Scientific Assistant/Pharmacopoeia Proof Reader/Pharmacopoeia Editor/Senior Scientific Officer/Senior Principal Scientific Officer - Indian Pharmacopoeia Commission	57389
/news-highlights/1269-prime-minister-virtually-inaugurated-advance-level-research-centre-alrc-at-indian-pharmacopoeia-commission,-ghaziabad-on-25th-february-2024.html	html	en	T2-article-detail	Hon'ble Prime Minister Virtually Inaugurated Advance Level Research Centre (ALRC) at Indian Pharmacopoeia Commission, Ghaziabad on 25th February 2024 - Indian Pharmacopoeia Commission	58187
/news-highlights/1270-nicaragua-becomes-first-spanish-speaking-nation-to-recognize-indian-pharmacopoeia-standards.html	html	en	T2-article-detail	Nicaragua Becomes First Spanish-Speaking Nation to Recognize Indian Pharmacopoeia Standards - Indian Pharmacopoeia Commission	56131
/news-highlights/1271-draft-new-general-chapter-for-comments.html	html	en	T2-article-detail	DRAFT NEW GENERAL CHAPTER FOR COMMENTS - Indian Pharmacopoeia Commission	55771
/news-highlights/1272-cancellation-of-advertisement-for-the-post-of-stores-officer-in-ipc.html	html	en	T2-article-detail	Cancellation of advertisement for the post of Stores Officer in IPC - Indian Pharmacopoeia Commission	56017
/news-highlights/1273-pc-signs-memorandum-of-understanding-with-usp.html	html	en	T2-article-detail	IPC Signs Memorandum of Understanding with USP - Indian Pharmacopoeia Commission	55854
/news-highlights/1279-29th-skill-development-programme-on-pharmacovigilance.html	html	en	T2-article-detail	Flyer for 29th Skill Development Programme on Pharmacovigilance - Indian Pharmacopoeia Commission	55935
/news-highlights/1280-advertisement-for-the-post-of-jr-pva.html	html	en	T2-article-detail	Advertisement for the post of Jr. PvA - Indian Pharmacopoeia Commission	55906
/news-highlights/1282-proficiency-schedule-for-the-year-2024-2025.html	html	en	T2-article-detail	Proficiency Schedule for the year 2024-2025 - Indian Pharmacopoeia Commission	55896
/news-highlights/1283-draft-amendments-and-revisions-for-stakeholder-s-comments-2.html	html	en	T2-article-detail	Draft amendments and revisions for stakeholder's comments - Indian Pharmacopoeia Commission	55940
/news-highlights/1284-pt-round-01,-2024-registration-form.html	html	en	T2-article-detail	PT round-01, 2024 Registration Form - Indian Pharmacopoeia Commission	57336
/news-highlights/1286-result-for-internship-training-in-pharmacovigilance.html	html	en	T2-article-detail	Result for Internship Training in Pharmacovigilance - Indian Pharmacopoeia Commission	55940
/news-highlights/1287-signing-of-mou-between-the-csir-institute-of-microbial-technology-imtech-,-chandigarh-and-indian-pharmacopoeia-commission,-ghaziabad.html	html	en	T2-article-detail	Signing of MOU between the CSIR- Institute of Microbial Technology (IMTech), Chandigarh and Indian Pharmacopoeia Commission, Ghaziabad - Indian Pharmacopoeia Commission	56327
/news-highlights/1290-result-notice-for-the-post-of-senior-scientific-officer.html	html	en	T2-article-detail	Result Notice for the post of Senior Scientific Officer - Indian Pharmacopoeia Commission	55937
/news-highlights/1291-vacancy-circular-for-the-post-of-materiovigilance-associate.html	html	en	T2-article-detail	Vacancy circular for the post of Materiovigilance Associate - Indian Pharmacopoeia Commission	56361
/news-highlights/1292-applications-are-invited-for-the-training-programme-on-pharmacovigilance-at-smims,-gangtok,-sikkim.html	html	en	T2-article-detail	Applications are invited for the Training programme on Pharmacovigilance at SMIMS, Gangtok, Sikkim. - Indian Pharmacopoeia Commission	56248
/news-highlights/1293-product-stock-update.html	html	en	T2-article-detail	Product Stock Update - Indian Pharmacopoeia Commission	58471
/news-highlights/1295-call-for-application-for-one-month-training-in-pharmacovigilance-at-ncc-pvpi,-ipc.html	html	en	T2-article-detail	Call for application for one month training in Pharmacovigilance at NCC-PvPI, IPC - Indian Pharmacopoeia Commission	56858
/news-highlights/1296-indian-pharmacopoeia-commission-%E2%80%93-materiovigilance-programme-of-india-ipc-mvpi-as-certification-body-for-icmed-9000-and-icmed-13485.html	html	en	T2-article-detail	Indian Pharmacopoeia Commission – Materiovigilance Programme of India (IPC-MvPI) as Certification Body for ICMED 9000 and ICMED 13485 - Indian Pharmacopoeia Commission	57106
/news-highlights/1296-indian-pharmacopoeia-commission-–-materiovigilance-programme-of-india-ipc-mvpi-as-certification-body-for-icmed-9000-and-icmed-13485.html	html	en	T2-article-detail	Indian Pharmacopoeia Commission – Materiovigilance Programme of India (IPC-MvPI) as Certification Body for ICMED 9000 and ICMED 13485 - Indian Pharmacopoeia Commission	57106
/news-highlights/1297-tender-for-hiring-of-security-agency-for-indian-pharmacopoeia-commission,-ghaziabad.html	html	en	T2-article-detail	Tender for hiring of Security Agency for Indian Pharmacopoeia Commission, Ghaziabad. - Indian Pharmacopoeia Commission	56030
/news-highlights/1298-national-coordination-centre-for-pharmacovigilance-programme-of-india,-indian-pharmacopoeia-commission-invites-applications-for-the-upcoming-30th-skill-development-programme.html	html	en	T2-article-detail	National Coordination Centre for Pharmacovigilance Programme of India, Indian Pharmacopoeia Commission invites applications for the upcoming 30th Skill Development Programme - Indian Pharmacopoeia Commission	56896
/news-highlights/1299-amendment-in-recruitment-rule-for-the-post-of-upper-division-clerk-regarding.html	html	en	T2-article-detail	Amendment in Recruitment Rule for the post of Upper Division Clerk - regarding - Indian Pharmacopoeia Commission	56119
/news-highlights/1300-amendment-list-06-to-ip-2022.html	html	en	T2-article-detail	Amendment List 06 to IP 2022 - Indian Pharmacopoeia Commission	55752
/news-highlights/1302-empanelment-of-vendors-suppliers-for-supplying-of-the-newspapers-and-magazines-to-the-indian-pharmacopoeia-commission-ipc-library,-ghaziabad,-u-p.html	html	en	T2-article-detail	Empanelment of vendors/ suppliers for supplying of the Newspapers and Magazines to the Indian Pharmacopoeia Commission (IPC) Library, Ghaziabad, U.P. - Indian Pharmacopoeia Commission	56636
/news-highlights/1303-advertisement-to-fill-up-vacant-post-of-secretary-cum-scientific-director,-indina-pharmacopoeia-commission-of-the-website-of-this-commission.html	html	en	T2-article-detail	Advertisement to fill up vacant post of Secretary-cum-Scientific Director, Indian Pharmacopoeia Commission - Indian Pharmacopoeia Commission	56375
/news-highlights/1304-seminar-on-strengthening-medical-device-license-holders-on-post-market-safety-surveillance-practices-in-india.html	html	en	T2-article-detail	Seminar on Strengthening Medical Device Licence Holders on Post Market Safety Surveillance Practices in India - Indian Pharmacopoeia Commission	56580
/news-highlights/1305-biological-monographs,-general-requirements,-general-chapters.html	html	en	T2-article-detail	Biological Monographs, General Requirements, General Chapters - Indian Pharmacopoeia Commission	57145
/news-highlights/1306-pt-round-02-2024-intimation-letter-and-registration-form.html	html	en	T2-article-detail	PT round-02/2024: Intimation Letter and Registration Form - Indian Pharmacopoeia Commission	57652
/news-highlights/1307-compliance-on-ip-general-chapter-5-10-elelmental-impurities-dated%20july-26,-2024.html	html	en	T2-article-detail	Compliance on IP General Chapter (5.10) Elemental Impurities Dated July 26, 2024 - Indian Pharmacopoeia Commission	55998
/news-highlights/1308-veterinary-monograph-general-chapters-for-stackholder-s-comment.html	html	en	T2-article-detail	Veterinary Monograph/General Chapters for stackholder's comment - Indian Pharmacopoeia Commission	55955
/news-highlights/1309-vacancy-circular-for-the-post-of-principal-scientific-officer-senior-scientific-officer-at-indian-pharmacopoeia-commission.html	html	en	T2-article-detail	Vacancy Circular for the post of Principal Scientific Officer &amp; Senior Scientific Officer at Indian Pharmacopoeia Commission - Indian Pharmacopoeia Commission	56504
/news-highlights/1310-proposed-amendments-in-monographs_blood-and-blood-related-products_dated-02-08-2024.html	html	en	T2-article-detail	Proposed Amendments in monographs_Blood and Blood related products_dated 02.08.2024 - Indian Pharmacopoeia Commission	56088
/news-highlights/1311-new-monographs,-revisions-and-amendments-for-stakeholders-comments.html	html	en	T2-article-detail	New Monographs, Revisions and Amendments for Stakeholders' comments - Indian Pharmacopoeia Commission	56338
/news-highlights/1313-union-minister-of-health-family-welfare-and-chemicals-fertilizers-shri-jp-nadda-inaugurates-%E2%80%98first-policy-makers%E2%80%99-forum%E2%80%99-in-new-delhi.html	html	en	T2-article-detail	Union Minister of Health &amp; Family Welfare and Chemicals &amp; Fertilizers Shri JP Nadda inaugurates ‘First Policy Makers’ Forum’ in New Delhi - Indian Pharmacopoeia Commission	57876
/news-highlights/1313-union-minister-of-health-family-welfare-and-chemicals-fertilizers-shri-jp-nadda-inaugurates-‘first-policy-makers’-forum’-in-new-delhi.html	html	en	T2-article-detail	Union Minister of Health &amp; Family Welfare and Chemicals &amp; Fertilizers Shri JP Nadda inaugurates ‘First Policy Makers’ Forum’ in New Delhi - Indian Pharmacopoeia Commission	57876
/news-highlights/1314-launch-of-the-indian-pharmacopoeia-ip-online-portal.html	html	en	T2-article-detail	Launch of the Indian Pharmacopoeia (IP) Online Portal - Indian Pharmacopoeia Commission	59187
/news-highlights/1315-launch-of-the-adverse-drug-monitoring-system-adrms-online-portal.html	html	en	T2-article-detail	Launch of the Adverse Drug Monitoring System (ADRMS) Online Portal - Indian Pharmacopoeia Commission	57574
/news-highlights/1316-call-for-experts-join-subject-expert-committee-of-materiovigilance-programme-of-india-2.html	html	en	T2-article-detail	Call for Experts: Join Subject Expert Committee of Materiovigilance Programme of India - Indian Pharmacopoeia Commission	60461
/news-highlights/1317-ncc,-pvpi-is-celebrating-4th-national-pharmacovigilance-week-from-17th-to-23rd-september-2024.html	html	en	T2-article-detail	NCC, PvPI is celebrating 4th National Pharmacovigilance Week from 17th to 23rd September 2024. - Indian Pharmacopoeia Commission	58077
/news-highlights/1318-application-are-invited-for-31st-skill-development-programme-on-pharmacovigilance-scheduled-from-18th-to%2022nd-november-2024.html	html	en	T2-article-detail	Application are invited for 31st Skill Development Programme on Pharmacovigilance scheduled from 18th to 22nd November 2024 - Indian Pharmacopoeia Commission	59839
/news-highlights/1319-digitalization-of-the-indian-pharmacopoeia-ip-2022-and-launching-of-the-ip-online-reg.html	html	en	T2-article-detail	Digitalization of the Indian Pharmacopoeia (IP) 2022 and Launching of the IP Online-reg. - Indian Pharmacopoeia Commission	56093
/news-highlights/1320-national-coordination-centre-pharmacovigilance-programme-of-india,-indian-pharmacopoeia-commission-is-celebrating-4th-national-pharmacovigilance-week-from-17th-to-23rd-september-2024.html	html	en	T2-article-detail	National Coordination Centre- Pharmacovigilance Programme of India, Indian Pharmacopoeia Commission is celebrating 4th National Pharmacovigilance Week from 17th to 23rd September 2024. - Indian Pharmacopoeia Commission	59063
/news-highlights/1321-international-webinar-on-optimizing-the-use-of-icsrs-in-signal-detection-process.html	html	en	T2-article-detail	International Webinar on &quot;Optimizing the use of ICSRs in Signal Detection Process&quot; - Indian Pharmacopoeia Commission	58774
/news-highlights/1322-pharmacovigilance-guidance-document-for-marketing-authorization-holders-of-pharmaceutical-products-version-2-0.html	html	en	T2-article-detail	Pharmacovigilance Guidance Document for Marketing Authorization Holders of Pharmaceutical Products (Version: 2.0) - Indian Pharmacopoeia Commission	56401
/news-highlights/1323-inaugural-ceremony-of-4th-national-pharmacovigilance-week-2024.html	html	en	T2-article-detail	Inaugural Ceremony of 4th National Pharmacovigilance Week 2024 - Indian Pharmacopoeia Commission	58127
/news-highlights/1324-4th-national-	html	en	T2-article-detail	4th National Pharmacovigilance Week - Indian Pharmacopoeia Commission	57305
/news-highlights/1324-4th-national-pharmacovigilance-week.html	html	en	T2-article-detail	4th National Pharmacovigilance Week - Indian Pharmacopoeia Commission	57332
/news-highlights/1325-empanelment-of-vendors-suppliers-for-supply-of-newspapers-and-magazines-to-the-indian-pharmacopoeia-commission-ipc-library,-ghaziabad,-u-p.html	html	en	T2-article-detail	Empanelment of vendors/ suppliers for supply of Newspapers and Magazines to the Indian Pharmacopoeia Commission (IPC) Library, Ghaziabad, U.P. - Indian Pharmacopoeia Commission	56761
/news-highlights/1326-india-and-fiji-hold-discussion-on-pharmacopoeial-cooperation.html	html	en	T2-article-detail	India and Fiji Hold Discussion on Pharmacopoeial Cooperation - Indian Pharmacopoeia Commission	57192
/news-highlights/1327-joint-working-group-meeting-held-to-strengthen-pharmacopoeial-cooperation.html	html	en	T2-article-detail	Joint Working Group Meeting Held to Strengthen Pharmacopoeial Cooperation - Indian Pharmacopoeia Commission	57420
/news-highlights/1328-uzbek-delegation-visits-indian-pharmacopoeia-commission-ghaziabad,-october-16,-2024-a-delegation-from-uzbekistan-visited-the-indian-pharmacopoeia-commission-ipc-on-october-16,-2024-to-explore-collaboration-on-pharmaceutical-standards-the-visit-focused-on-discussions-about-the-indian-pharmacopoeia-ip-,-indian-pharmacopoeia-reference-standards-iprs-,-and-potential-training-programs-for-capacity-buil.html	html	en	T2-article-detail	Uzbek Delegation Visits Indian Pharmacopoeia Commission Ghaziabad - Indian Pharmacopoeia Commission	57483
/news-highlights/1329-draft-new-general-chapter-disinfectants-and-antiseptics-version-3-0-for-comments.html	html	en	T2-article-detail	Draft New General Chapter &quot;Disinfectants and Antiseptics (Version-3.0)&quot; For Comments - Indian Pharmacopoeia Commission	57199
/news-highlights/1330-vacancy-circular-for-the-post-of-sr-materiovigilance-associate.html	html	en	T2-article-detail	Vacancy circular for the post of Sr. Materiovigilance Associate - Indian Pharmacopoeia Commission	56595
/news-highlights/1331-india-takes-part-in-global-campaign-for-safer-use-of-medicines.html	html	en	T2-article-detail	INDIA TAKES PART IN GLOBAL CAMPAIGN FOR SAFER USE OF MEDICINES - Indian Pharmacopoeia Commission	62800
/news-highlights/1332-vacancy-circular-for-lead-auditor-auditor-for-iso-13485-and-technical-expert-for-class-a-and-class-b-medical-devices.html	html	en	T2-article-detail	Vacancy circular for Empanelment of Lead Auditor/Auditor for ISO 13485 and Technical Expert for class &quot;A&quot; and class &quot;B&quot; medical devices. - Indian Pharmacopoeia Commission	57596
/news-highlights/1333-notice-regarding-implementation-of-pharmacovigilance-guidance-document-for-marketing-authorization-holders-mahs-of-pharmaceutical-products,-version-2-0.html	html	en	T2-article-detail	Notice regarding implementation of Pharmacovigilance Guidance Document for Marketing Authorization Holders (MAHs) of Pharmaceutical Products, Version 2.0 - Indian Pharmacopoeia Commission	56444
/news-highlights/1334-extension-of-last-date-of-submission-of-application-pertaining-to-empanelment-of-lead-auditor-auditor-for-iso-13485-and-technical-expert-for-class-%E2%80%98a%E2%80%99-and-class-%E2%80%98b%E2%80%99-medical-devices-and-acceptance-of-application-duly-filled-via-e-mail-as-well.html	html	en	T2-article-detail	Extension of last date of submission of application pertaining to Empanelment of Lead Auditor/ Auditor for ISO 13485 and Technical Expert for Class ‘A’ and Class ‘B’ medical devices and acceptance of application duly filled via e-mail as well. - Indian Pharmacopoeia Commission	57535
/news-highlights/1334-extension-of-last-date-of-submission-of-application-pertaining-to-empanelment-of-lead-auditor-auditor-for-iso-13485-and-technical-expert-for-class-‘a’-and-class-‘b’-medical-devices-and-acceptance-of-application-duly-filled-via-e-mail-as-well.html	html	en	T2-article-detail	Extension of last date of submission of application pertaining to Empanelment of Lead Auditor/ Auditor for ISO 13485 and Technical Expert for Class ‘A’ and Class ‘B’ medical devices and acceptance of application duly filled via e-mail as well. - Indian Pharmacopoeia Commission	57535
/news-highlights/1335-ipc-receives-special-recognition-award-for-outstanding-contribution-to-pharmaceutical-research-at-cphi-india-pharma-awards-2024.html	html	en	T2-article-detail	IPC Receives Special Recognition Award for Outstanding Contribution to Pharmaceutical Research at CPHI India Pharma Awards 2024 - Indian Pharmacopoeia Commission	57741
/news-highlights/1336-pt-round-03,-2024-registration-form.html	html	en	T2-article-detail	PT round-03, 2024 Registration Form - Indian Pharmacopoeia Commission	58356
/news-highlights/1337-vacancy-circular-for-the-post-of-pharmacopoeial-scientist-3.html	html	en	T2-article-detail	Vacancy circular for the post of Pharmacopoeial Scientist - Indian Pharmacopoeia Commission	55952
/news-highlights/1338-vigilance-awareness-programme-2024.html	html	en	T2-article-detail	Vigilance Awareness Programme 2024 - Indian Pharmacopoeia Commission	56198
/news-highlights/1339-vacancy-circular-for-the-post-of-jr-associate.html	html	en	T2-article-detail	Vacancy circular for the post of Jr Associate - Indian Pharmacopoeia Commission	56405
/news-highlights/1340-vacancy-circular-for-the-post-of-human-resource-associate.html	html	en	T2-article-detail	Vacancy circular for the post of Human Resource Associate - Indian Pharmacopoeia Commission	56544
/news-highlights/1341-application-are-invited-for-32nd-skill-development-programme-on-pharmacovigilance-scheduled-from-3rd-to%207th-march-2025.html	html	en	T2-article-detail	Application are invited for 32nd Skill Development Programme on Pharmacovigilance scheduled from 3rd to 7th March 2025. - Indian Pharmacopoeia Commission	60981
/news-highlights/1342-register-for-15th-international-meeting-of-world-pharmacopoeias-imwp-2nd-policymakers%E2%80%99-forum.html	html	en	T2-article-detail	Register for 15th International Meeting of World Pharmacopoeias (IMWP) &amp; 2nd Policymakers’ Forum - Indian Pharmacopoeia Commission	56375
/news-highlights/1342-register-for-15th-international-meeting-of-world-pharmacopoeias-imwp-2nd-policymakers’-forum.html	html	en	T2-article-detail	Register for 15th International Meeting of World Pharmacopoeias (IMWP) &amp; 2nd Policymakers’ Forum - Indian Pharmacopoeia Commission	56375
/news-highlights/1343-application-are-invited-for-workshop-cum-training-for-the-staff-of-nabh-accredited-hospitals-on-pharmacovigilance-at-fortis-hospital-mohali-punjab-on-31st-january-2025.html	html	en	T2-article-detail	Application are invited for Workshop-cum-Training for the staff of NABH accredited hospitals on Pharmacovigilance at Fortis Hospital Mohali Punjab on 31st January 2025. - Indian Pharmacopoeia Commission	62621
/news-highlights/1344-flyer-along-with-tentative-agenda-for-the-registration-by-mahs-to-attend-regional-training-programme.html	html	en	T2-article-detail	Application are invited for Regional Training Programme on &quot;Implementation of PV Guidance Document for MAHs of Pharmaceutical Products, Version 2.0&quot; at NIMHANS, Bengaluru on 29th January, 2025. - Indian Pharmacopoeia Commission	56810
/news-highlights/1345-indian-pharmacopoeia-2022-amendment-list.html	html	en	T2-article-detail	Indian Pharmacopoeia 2022- Amendment List 07 to IP 2022 - Indian Pharmacopoeia Commission	56282
/news-highlights/1346-circular-for-filling-up-of-various-vacant-post-in-ipc.html	html	en	T2-article-detail	Circular for filling up of various vacant post in IPC - Indian Pharmacopoeia Commission	56799
/news-highlights/1347-17th-foundation-day-celebration-of-the-indian-pharmacopoeia-commission-ghaziabad.html	html	en	T2-article-detail	17th Foundation Day Celebration of the Indian Pharmacopoeia Commission Ghaziabad - Indian Pharmacopoeia Commission	57416
/news-highlights/1348-call-for-experts-join-subject-expert-committee-of-materiovigilance-programme-of-india-3.html	html	en	T2-article-detail	Call for Experts: Join Subject Expert Committee of Materiovigilance Programme of India - Indian Pharmacopoeia Commission	64236
/news-highlights/1349-register-for-15th-international-meeting-of-world-pharmacopoeias-imwp.html	html	en	T2-article-detail	Last date extended till 30th January, 2025: Register for 15th International Meeting of World Pharmacopoeias (IMWP) - Indian Pharmacopoeia Commission	56666
/news-highlights/1350-applications-are-invited-for-regional-training-programme-on-implementation-of-pv-guidance-document-for-mahs-of-pharmaceutical-products,-version-2-0-at-,-central-drugs-testing-laboratory-cdtl-mumbai-on-28th-february,-2025.html	html	en	T2-article-detail	Applications are invited for Regional Training Programme on &quot;Implementation of PV Guidance Document for MAHs of Pharmaceutical Products, Version 2.0&quot; at Central Drugs Testing Laboratory (CDTL) Mumbai on 28th February 2025. - Indian Pharmacopoeia Commission	59559
/news-highlights/1351-15th-international-meeting-of-world-pharmacopoeias-imwp-inaugurated-in-new-delhi.html	html	en	T2-article-detail	15th International Meeting of World Pharmacopoeias (IMWP) Inaugurated in New Delhi - Indian Pharmacopoeia Commission	58319
/news-highlights/1352-empanelment-of-publishers-suppliers-book-sellers-for-supply-of-books-to-indian-pharmacopoeia-commission-ipc-library,-ghaziabad,-u-p.html	html	en	T2-article-detail	Empanelment of Publishers/ Suppliers/ Book sellers for supply of Books to Indian Pharmacopoeia Commission (IPC) Library, Ghaziabad, U.P. - Indian Pharmacopoeia Commission	56982
/news-highlights/1353-indian-pharmacopoeia-commission-ipc-hosted-the-15th-international-meeting-of-world-pharmacopoeias-imwp.html	html	en	T2-article-detail	Indian Pharmacopoeia Commission (IPC) hosted the 15th International Meeting of World Pharmacopoeias (IMWP) - Indian Pharmacopoeia Commission	60196
/news-highlights/1354-proposal-to-change-titles-of-ip-monographs.html	html	en	T2-article-detail	Proposal to Change Titles of IP Monographs - Indian Pharmacopoeia Commission	56070
/news-highlights/1355-inviting-comments-from-the-stakeholders-for-the-draft-ivd-md-adverse-event-reporting-form.html	html	en	T2-article-detail	Inviting comments from the stakeholders for the draft IVD-MD adverse event reporting form - Indian Pharmacopoeia Commission	57708
/news-highlights/1357-pt-schedule-2025-2026.html	html	en	T2-article-detail	PT Schedule 2025-2026 - Indian Pharmacopoeia Commission	55768
/news-highlights/1358-public-auction-for-the-old-and-obsolete-items-at-ipc,-ghaziabad.html	html	en	T2-article-detail	Public Auction for the Old and obsolete Items at IPC, Ghaziabad - Indian Pharmacopoeia Commission	55976
/news-highlights/1359-statutory-audit-of-annual-accounts-of-the-indian-pharmacopoeia-commission,-ministry-of-health-family-welfare,-govt-of-india.html	html	en	T2-article-detail	Extention of Statutory Audit of Annual Accounts of the Indian Pharmacopoeia Commission, Ministry of Health &amp; Family Welfare, Govt. of India - Indian Pharmacopoeia Commission	76605
/news-highlights/1360-applications-are-invited-for-regional-training-programme-on-implementation-of-pv-guidance-document-for-mahs-of-pharmaceutical-products,-version-2-0-at%20techno-india-university,-salt-lake,-kolkata,-west-bengal-on-08th-april-2025.html	html	en	T2-article-detail	Applications are invited for Regional Training Programme on &quot;Implementation of PV Guidance Document for MAHs of Pharmaceutical Products, Version 2.0&quot; at Techno India University, Salt Lake, Kolkata, West Bengal on 08th April 2025. - Indian Pharmacopoeia Commission	58020
/news-highlights/1362-tender-for-printing-and-binding-of-indian-pharmacopoeia-ip-2026.html	html	en	T2-article-detail	Tender for printing and Binding of Indian Pharmacopoeia (IP-2026) - Indian Pharmacopoeia Commission	56173
/news-highlights/1363-capacity-building-strengthening-of-materiovigilance-programme-of-india-in-north-eastern-states.html	html	en	T2-article-detail	Training Programme on Capacity Building &amp; Strengthening of Materiovigilance Programme of India in North Eastern States. - Indian Pharmacopoeia Commission	56252
/news-highlights/1364-notice-regarding-filling-up-three-vacant-posts-of-senior-scientific-officer-in-ipc.html	html	en	T2-article-detail	Notice regarding filling up three vacant posts of Senior Scientific Officer in IPC - Indian Pharmacopoeia Commission	56856
/news-highlights/1365-cancellation-notice-regarding-filling-up-of-10-posts-4-posts-by-direct-recruitment-and-6-posts-by-deputation-in-ipc.html	html	en	T2-article-detail	Cancellation notice regarding filling up of0 posts (4 posts by Direct Recruitment and 6 posts by Deputation) in IPC - Indian Pharmacopoeia Commission	57017
/news-highlights/1366-application-are-invited-for-workshop-cum-training-for-the-staff-of-nabh-accredited-hospitals-on-pharmacovigilance-at-indraprastha-apollo-hospital-new-delhi-on-30th-may-2025.html	html	en	T2-article-detail	Application are invited for Workshop-cum-Training for the staff of NABH accredited hospitals on Pharmacovigilance at Indraprastha Apollo Hospital New Delhi on 30th May 2025. - Indian Pharmacopoeia Commission	60300
/news-highlights/1367-application-are-invited-for-33rd-skill-development-programme-on-pharmacovigilance-scheduled-from-2nd-to%206th-june-2025.html	html	en	T2-article-detail	Application are invited for 33rd Skill Development Programme on Pharmacovigilance scheduled from 2nd to 6th June 2025. - Indian Pharmacopoeia Commission	59643
/news-highlights/1368-vacancy-circular-for-filling-up-of-the-vacant-post-of-jr-materiovigilance-associate-in-materiovigilance-programme-of-india,-indian-pharmacopoeia-commission-ipc.html	html	en	T2-article-detail	Vacancy circular for filling up of the vacant post of Jr Materiovigilance Associate in Materiovigilance Programme of India, Indian Pharmacopoeia Commission (IPC) - Indian Pharmacopoeia Commission	57195
/news-highlights/1369-display-of-result-for-the-post-of-principal-scientific-officer-gp-rs-7600-direct-recruitment.html	html	en	T2-article-detail	Display of result for the post of Principal Scientific Officer (GP Rs. 7600) (Direct Recruitment) - Indian Pharmacopoeia Commission	56093
/news-highlights/1371-pt-round-01,-2025-registration-form-2.html	html	en	T2-article-detail	PT Round-01, 2025 Registration Form - Indian Pharmacopoeia Commission	61419
/news-highlights/1372-notice-regarding-change-in-monograph-titles-and-synonyms-in-the-indian-pharmacopoeia.html	html	en	T2-article-detail	Notice regarding change in Monograph Titles and Synonyms in the Indian Pharmacopoeia - Indian Pharmacopoeia Commission	57148
/news-highlights/1373-filling-up-vacant-07-posts-of-scientific-officer,-group-%E2%80%9Ca%E2%80%9D-03-ur-01-obc-direct-recruitment-basis-and-03-deputation-istc-basis-in-indian-pharmacopoeia-commission,-ghaziabad.html	html	en	T2-article-detail	Filling up vacant 07 posts of Scientific Officer, Group “A” (03 UR &amp; 01 OBC Direct Recruitment basis and 03 Deputation/(ISTC) Basis) in Indian Pharmacopoeia Commission, Ghaziabad - Indian Pharmacopoeia Commission	56869
/news-highlights/1373-filling-up-vacant-07-posts-of-scientific-officer,-group-“a”-03-ur-01-obc-direct-recruitment-basis-and-03-deputation-istc-basis-in-indian-pharmacopoeia-commission,-ghaziabad.html	html	en	T2-article-detail	Filling up vacant 07 posts of Scientific Officer, Group “A” (03 UR &amp; 01 OBC Direct Recruitment basis and 03 Deputation/(ISTC) Basis) in Indian Pharmacopoeia Commission, Ghaziabad - Indian Pharmacopoeia Commission	56869
/news-highlights/1374-corrigendum-regarding-the-commission%E2%80%99s-advertisement-for-seven-posts-of-scientific-officer.html	html	en	T2-article-detail	Corrigendum regarding the Commission’s advertisement for seven posts of Scientific Officer - Indian Pharmacopoeia Commission	56156
/news-highlights/1374-corrigendum-regarding-the-commission’s-advertisement-for-seven-posts-of-scientific-officer.html	html	en	T2-article-detail	Corrigendum regarding the Commission’s advertisement for seven posts of Scientific Officer - Indian Pharmacopoeia Commission	56156
/news-highlights/1375-call-for-internship-in-pharmacovigilance-at-ncc-pvpi.html	html	en	T2-article-detail	Call for Internship in Pharmacovigilance at NCC-PvPI - Indian Pharmacopoeia Commission	59426
/news-highlights/1376-publication-of-monographs-on-prussian-blue-insoluble-and-prussian-blue-insoluble-and-magnesium-hydroxide-capsules-in-the-ip-2022-reg.html	html	en	T2-article-detail	Publication of Monographs on 'Prussian Blue Insoluble' and 'Prussian Blue Insoluble and Magnesium Hydroxide Capsules' in the IP 2022-reg. - Indian Pharmacopoeia Commission	57253
/news-highlights/1377-vacancy-circular-for-filling-up-of-the-vacant-post-of-jr-materiovigilance-associate-in-materiovigilance-progra%E2%80%A61/3	html	en	T2-article-detail	About Us - Indian Pharmacopoeia Commission	58743
/news-highlights/1377-vacancy-circular-for-filling-up-of-the-vacant-post-of-jr-materiovigilance-associate-in-materiovigilance-progra%E2%80%A62/3	html	en	T2-article-detail	About Us - Indian Pharmacopoeia Commission	58743
/news-highlights/1377-vacancy-circular-for-filling-up-of-the-vacant-post-of-jr-materiovigilance-associate-in-materiovigilance-progra%E2%80%A63/3	html	en	T2-article-detail	About Us - Indian Pharmacopoeia Commission	58743
/news-highlights/1377-vacancy-circular-for-filling-up-of-the-vacant-post-of-jr-materiovigilance-associate-in-materiovigilance-programme-of-india,-indian-pharmacopoeia-commission-ipc-2.html	html	en	T2-article-detail	Vacancy circular for filling up of the vacant post of Jr Materiovigilance Associate in Materiovigilance Programme of India, Indian Pharmacopoeia Commission (IPC) - Indian Pharmacopoeia Commission	56671
/news-highlights/1378-clarification-on-impurity-limits-published-in-the-indian-pharmacopoeia-ip-reg.html	html	en	T2-article-detail	Clarification on impurity limits published in the Indian Pharmacopoeia (IP)-reg - Indian Pharmacopoeia Commission	56032
/news-highlights/1380-application-are-invited-for-34th-skill-development-programme-on-pharmacovigilance-scheduled-from-18th-to-22nd-august-2025.html	html	en	T2-article-detail	Application are invited for 34th Skill Development Programme on Pharmacovigilance scheduled from 18th to 22nd August 2025. - Indian Pharmacopoeia Commission	63024
/news-highlights/1381-walk-in-interview-for-the-post-of-jr-pharmacovigilance-associate.html	html	en	T2-article-detail	Walk in interview for the post of Jr Pharmacovigilance Associate - Indian Pharmacopoeia Commission	56101
/news-highlights/1382-walk-in-interview-for-the-posts-of-pharmacopoeial-associate-senior-pharmacopoeial-associate.html	html	en	T2-article-detail	Walk-in interview for the posts of Pharmacopoeial Associate &amp; Senior Pharmacopoeial Associate - Indian Pharmacopoeia Commission	56211
/news-highlights/1383-pt-round-02,-2025-registration-form.html	html	en	T2-article-detail	PT Round-02, 2025 Registration Form - Indian Pharmacopoeia Commission	57380
/news-highlights/1384-national-medical-commission-directs-medical-colleges-to-establish-adverse-event-committees-in-coordination-with-ipc-under-mvpi.html	html	en	T2-article-detail	National Medical Commission Directs Medical Colleges to Establish Adverse Event Committees in Coordination with IPC under MvPI. - Indian Pharmacopoeia Commission	56799
/news-highlights/1388-free-webinar-on-discover-unlock-exclusive-access-of-indian-pharmacopoeia-ip.html	html	en	T2-article-detail	Free Webinar on Discover &amp; Unlock Exclusive Access of Indian Pharmacopoeia (IP) - Indian Pharmacopoeia Commission	56765
/news-highlights/1389-national-stakeholders-conclave-on-materiovigilance-and-in-vitro-diagnostics-ivd-safety-on-3rd-september-2025-at-advanced-level-research-center-alrc-,-indian-pharmacopoeia-commission-ipc.html	html	en	T2-article-detail	National Stakeholders' Conclave on Materiovigilance and In-Vitro Diagnostics (IVD) Safety on 3rd September 2025&quot; at Advanced Level Research Centre (ALRC), Indian Pharmacopoeia Commission (IPC) - Indian Pharmacopoeia Commission	63007
/news-highlights/1390-registraions-are-open-for-the-inaugural-ceremony-of-the%205th%20national-pharmacovigilance-week-celebration-on-17th%20september-2025-at-dr-ambedkar-international-centre,-new-delhi.html	html	en	T2-article-detail	Registrations are open for the inaugural ceremony of the 5th National Pharmacovigilance Week celebration on 17th September 2025 at Auditorium 2, Bharat Mandapam - Convention Centre, New Delhi. - Indian Pharmacopoeia Commission	66945
/news-highlights/1391-free-webinar-on-updates-of-indian-pharmacopoeia-ip-and-ip-reference-substances-iprs.html	html	en	T2-article-detail	Free Webinar on updates of Indian Pharmacopoeia (IP) and IP Reference Substances (IPRS) - Indian Pharmacopoeia Commission	76981
/news-highlights/1392-registration-open-for-the-two-day-workshop-on-enhancing-pharmacopoeial-standards-and-safety-reliance-through-scientific-publications-28%E2%80%9329-august-2025.html	html	en	T2-article-detail	Registration Open for the Two-Day Workshop on &quot;Enhancing Pharmacopoeial Standards and Safety Reliance through Scientific Publications| 28–29 August 2025 | - Indian Pharmacopoeia Commission	69257
/news-highlights/1392-registration-open-for-the-two-day-workshop-on-enhancing-pharmacopoeial-standards-and-safety-reliance-through-scientific-publications-28–29-august-2025.html	html	en	T2-article-detail	Registration Open for the Two-Day Workshop on &quot;Enhancing Pharmacopoeial Standards and Safety Reliance through Scientific Publications| 28–29 August 2025 | - Indian Pharmacopoeia Commission	69257
/news-highlights/1393-vacancy-circular-for-filling-up-of-the-vacant-post-of-marketing-executive-in-indian-pharmacopoeia-commission-ipc.html	html	en	T2-article-detail	Vacancy circular for filling up of the vacant post of Marketing Executive in Indian Pharmacopoeia Commission (IPC) - Indian Pharmacopoeia Commission	56823
/news-highlights/1394-vacancy-circular-for-filling-up-of-the-vacant-post-for-head-information-technology-in-indian-pharmacopoeia-commission-ipc.html	html	en	T2-article-detail	Vacancy circular for filling up of the vacant post of Head Information Technology in Indian Pharmacopoeia Commission (IPC) - Indian Pharmacopoeia Commission	57072
/news-highlights/1396-notice-regarding-date-and-venue-for-written-examination-for-the-post-of-scientific-assistant-in-ipc.html	html	en	T2-article-detail	Shortlisted candidates for the Written Examination for filling up one vacant post of Scientific Assistant on 13th September, 2025, Instructions to the Candidates and Recruitment Rules for the post of Scientific Assistant - Indian Pharmacopoeia Commission	56672
/news-highlights/1397-frequently-asked-questions-faqs-about-the-indian-pharmacopoeia-ip-,-ip-reference-substances-iprs-,-and-their-compliance-reg.html	html	en	T2-article-detail	Frequently Asked Questions (FAQs) about the Indian Pharmacopoeia (IP), IP Reference Substances (IPRS), and their compliance - Indian Pharmacopoeia Commission	56263
/news-highlights/1398-cancellation-notice,-regarding-recruitment-for-filling-up-one-vacant-post-of-administrative-assistant-in-ipc-which-was-advertised-in-employment-news-edition-dated-18th-24th-january,-2025.html	html	en	T2-article-detail	Cancellation Notice, regarding recruitment for filling up one vacant post of Administrative Assistant in IPC which was advertised in Employment News edition dated 18th-24th January, 2025 - Indian Pharmacopoeia Commission	56696
/news-highlights/1399-ipc-expands-helpline-number-1800-180-3024-multilingual-ivr-system.html	html	en	T2-article-detail	IPC Expands Helpline Number 1800-180-3024- Multilingual IVR System - Indian Pharmacopoeia Commission	58863
/news-highlights/1400-notice-regarding-change-of-venue-for-the-written-examination-for-the-post-of-scientific-assistant-scheduled-to-be-held-on-13-09-2025.html	html	en	T2-article-detail	Notice regarding change of Venue for the Written Examination for the post of Scientific Assistant scheduled to be held on 13.09.2025 - Indian Pharmacopoeia Commission	56455
/news-highlights/1401-international-webinar-on-strengthening-signal-detection-and-risk-management-framework-on-18th-september-2025.html	html	en	T2-article-detail	International Webinar on &quot;Strengthening Signal Detection and Risk Management Framework&quot; on 18th September 2025 - Indian Pharmacopoeia Commission	60683
/news-highlights/1402-internship-opportunity-materiovigilance-programme-of-india-mvpi-2.html	html	en	T2-article-detail	Internship Opportunity: Materiovigilance Programme of India (MvPI) - Indian Pharmacopoeia Commission	57284
/news-highlights/1403-indian-pharmacopoeia-commission-observes-5th-national-pharmacovigilance-week-to-promote-responsible-reporting-of-adverse-drug-reactions.html	html	en	T2-article-detail	Indian Pharmacopoeia Commission Observes 5th National Pharmacovigilance Week to Promote Responsible Reporting of Adverse Drug Reactions - Indian Pharmacopoeia Commission	64788
/news-highlights/1405-ipc,-ncc-pvpi-concludes-5th-national-pharmacovigilance-week-with-valedictory-ceremony-at-ghaziabad.html	html	en	T2-article-detail	IPC, NCC-PvPI Concludes 5th National Pharmacovigilance Week with Valedictory Ceremony at Ghaziabad - Indian Pharmacopoeia Commission	59406
/news-highlights/1406-mou-signed-between-ipc-and-up%20-pharmacy%20-council-uppc-to-promote-rational-use-of-medicines-through-nfi.html	html	en	T2-article-detail	MoU signed between IPC and UP Pharmacy Council (UPPC) to promote rational use of medicines through NFI - Indian Pharmacopoeia Commission	56670
/news-highlights/1408-vacancy-circular-for-the-post-of-senior-scientific-officer-and-administrative-assistant.html	html	en	T2-article-detail	Vacancy circular for the post of Senior Scientific Officer and Administrative Assistant - Indian Pharmacopoeia Commission	56266
/news-highlights/1409-india-joins-10th-anniversary-campaign-for-safer-use-of-medicines.html	html	en	T2-article-detail	INDIA JOINS 10th ANNIVERSARY CAMPAIGN FOR SAFER USE OF MEDICINES - Indian Pharmacopoeia Commission	63811
/news-highlights/141-disposal-of-toyota-qualis.html	html	en	T2-article-detail	Disposal of Toyota Qualis - Indian Pharmacopoeia Commission	61675
/news-highlights/1410-walk-in-interview-is-going-to-be-held-on-13th-december-2025-for-filling-up-of-the-vacant-positions-at-indian-pharmacopoeia-commission-ipc-,-an-autonomous-organization-under-the-ministry-of-health-family-welfare,-ghaziabad,-through-outsourcing-manpower-providing-agency.html	html	en	T2-article-detail	Walk-in Interview is going to be held on 13th December 2025 for filling up of the vacant positions at Indian Pharmacopoeia Commission (IPC), an Autonomous organization under the Ministry of Health &amp; Family Welfare, Ghaziabad, through Outsourcing Manpower - Indian Pharmacopoeia Commission	57655
/news-highlights/1411-applications-are-invited-for-the-engagement-of-following-contractual-position-at-indian-pharmacopoeia-commission-ipc-,-ministry-of-health-family-welfare,-ghaziabad.html	html	en	T2-article-detail	Applications are invited for the engagement of following contractual position at Indian Pharmacopoeia Commission (IPC), Ministry of Health &amp; Family Welfare, Ghaziabad - Indian Pharmacopoeia Commission	56866
/news-highlights/1413-applications-are-invited-for-36th-skill-development-programme-on-pharmacovigilance-scheduled-from-9th-13th-march-2026.html	html	en	T2-article-detail	Applications are invited for 36th Skill Development Programme on Pharmacovigilance scheduled from 9th-13th March 2026. - Indian Pharmacopoeia Commission	57668
/news-highlights/1414-internship-opportunity-materiovigilance-programme-of-india-mvpi-3.html	html	en	T2-article-detail	Internship Opportunity: Materiovigilance Programme of India (MvPI) - Indian Pharmacopoeia Commission	56768
/news-highlights/1415-1st-annual-meet-of-regional-centres-of-pvpi-mvpi-on-27th-28th-february-2026.html	html	en	T2-article-detail	1st Annual Meet of Regional Centres of PvPI &amp; MvPI on 27th - 28th February 2026 - Indian Pharmacopoeia Commission	57167
/news-highlights/1416-registration-open-for-the-release-of-the-10th-edition-of-indian-pharmacopoeia-2026-ip-2026.html	html	en	T2-article-detail	Registration Open for the Release of the 10th Edition of Indian Pharmacopoeia 2026 (IP 2026) - Indian Pharmacopoeia Commission	59378
/news-highlights/1417-walk-in-interview-for-filling-up-of-the-vacant-position-for-lab-attendant-at-indian-pharmacopoeia-commission-ipc-,-an-autonomous-organization-under-the-ministry-of-health-family-welfare,-ghaziabad,-through-outsourcing-manpower-providing-agency.html	html	en	T2-article-detail	Walk-in Interview for filling up of the vacant position for Lab attendant at IPC, an Autonomous organization under the Ministry of Health &amp; Family Welfare, Ghaziabad, through Outsourcing Manpower Providing Agency - Indian Pharmacopoeia Commission	57348
/news-highlights/1418-walk-in-interview-for-filling-up-of-the-vacant-position-for-pharmacopoeial-associate-at-indian-pharmacopoeia-commission-ipc-,-an-autonomous-organization-under-the-ministry-of-health-family-welfare,-ghaziabad,-through-outsourcing-manpower-providing-agency.html	html	en	T2-article-detail	Walk-in Interview for filling up of the vacant positions for Pharmacopoeial Associate at IPC, an Autonomous organization under the Ministry of Health &amp; Family Welfare, Ghaziabad, through Outsourcing Manpower Providing Agency - Indian Pharmacopoeia Commission	57664
/news-highlights/1419-walk-in-interview-is-going-to-be-held-on-9-th-january-2026-for-filling-up-of-the-vacant-post-of-jr-materiovigilance-associate-in-materiovigilance-programme-of-india.html	html	en	T2-article-detail	Walk-in Interview is going to be held on 9th January 2026 for filling up of the vacant post of Jr Materiovigilance Associate in Materiovigilance Programme of India, Indian Pharmacopoeia Commission (IPC), an Autonomous organization under the Ministry of He - Indian Pharmacopoeia Commission	56992
/news-highlights/142-list-of-153-eligible-candidates-for-final-written-examination-for-the-post-of-scientific-officer-to-be-held-on-august-20-2017.html	html	en	T2-article-detail	List of 153 eligible candidates for Final Written Examination for the post of Scientific Officer to be held on August 20, 2017 - Indian Pharmacopoeia Commission	59972
/news-highlights/1421-union-health-minister-shri-j-p-nadda-releases-10th-edition-of-indian-pharmacopoeia-ip-2026.html	html	en	T2-article-detail	Union Health Minister Shri J. P. Nadda Releases 10th Edition of Indian Pharmacopoeia -IP 2026 - Indian Pharmacopoeia Commission	57256
/news-highlights/1422-walk-in-interview-is-going-to-be-held-on-12th-january-2026-for-filling-up-of-the-vacant-post-of-human-resource-associate-in-indian-pharmacopoeia-commission-ipc-,-an-autonomous-organization-under-the-ministry-of-health-family-welfare,-ghaziabad,-through-outsourcing-manpower-providing-agency.html	html	en	T2-article-detail	Walk-in Interview is going to be held on 12th January 2026 for filling up of the vacant post of Human Resource Associate in Indian Pharmacopoeia Commission (IPC), an Autonomous organization under the Ministry of Health &amp; Family Welfare, Ghaziabad - Indian Pharmacopoeia Commission	57448
/news-highlights/1423-corrigendum-regarding-walk-in-interview-for-the-post-of-junior-materiovigilance-associate-at-indian-pharmacopoeia-commission,-ghaziabad-on-9th-january-2026.html	html	en	T2-article-detail	Corrigendum regarding walk-in Interview for the Post of Junior Materiovigilance Associate at Indian Pharmacopoeia Commission, Ghaziabad on 9th January 2026 - Indian Pharmacopoeia Commission	56424
/news-highlights/1424-applications-are-invited-for-the-following-vacant-post-at-indian-pharmacopoeia-commission-ipc-,-an-autonomous-organization-under-the-ministry-of-health-family-welfare,-ghaziabad,-through-manpower-resource-outsourcing-services-providing-agency-3.html	html	en	T2-article-detail	Applications are invited for the post of Assistant Grade 1 at Indian Pharmacopoeia Commission (IPC), an Autonomous organization under the Ministry of Health &amp; Family Welfare, Ghaziabad, through Manpower Resource Outsourcing Services Providing Agency - Indian Pharmacopoeia Commission	57251
/news-highlights/1426-walk-in-interview-is-going-to-be-held-on-28th-january-2026-for-filling-up-of-the-vacant-post-of-human-resource-associate-in-indian-pharmacopoeia-commission-ipc-,-an-autonomous-organization-under-the-ministry-of-health-family-welfare,-ghaziabad,-through-outsourcing-manpower-providing-agency.html	html	en	T2-article-detail	Walk-in Interview is going to be held on 28th January 2026 for filling up of the vacant post of Human Resource Associate in Indian Pharmacopoeia Commission (IPC), an Autonomous organization under the Ministry of Health &amp; Family Welfare, Ghaziabad - Indian Pharmacopoeia Commission	57155
/news-highlights/1428-strengthening-adverse-event-reporting-under-the-materiovigilance-programme-of-india-mvpi-%E2%80%93-compliance-by-medical-device-marketing-authorisation-holders.html	html	en	T2-article-detail	Strengthening Adverse Event Reporting under the Materiovigilance Programme of India (MvPI) – Compliance by Medical Device Marketing Authorisation Holders - Indian Pharmacopoeia Commission	56591
/news-highlights/1428-strengthening-adverse-event-reporting-under-the-materiovigilance-programme-of-india-mvpi-–-compliance-by-medical-device-marketing-authorisation-holders.html	html	en	T2-article-detail	Strengthening Adverse Event Reporting under the Materiovigilance Programme of India (MvPI) – Compliance by Medical Device Marketing Authorisation Holders - Indian Pharmacopoeia Commission	56591
/news-highlights/1429-the-government-of-puducherry,-department-of-drugs-control,-has-directed-all-marketing-authorization-holders-to-ensure-strict-compliance-by-promptly-reporting-all-medical-device-adverse-events-mdaes-to-the-ncc-mvpi,-ipc.html	html	en	T2-article-detail	The Government of Puducherry, Department of Drugs Control, has directed all Marketing Authorization Holders to ensure strict compliance by promptly reporting all Medical Device Adverse Events (MDAEs) to the NCC-MvPI, IPC. - Indian Pharmacopoeia Commission	56863
/news-highlights/143-three-months-certificate-course-on-pharmaceuticals-analysis-starting-from-01st-august-2017.html	html	en	T2-article-detail	Three Months Certificate Course on Pharmaceuticals Analysis Starting from 01st August 2017 - Indian Pharmacopoeia Commission	56300
/news-highlights/1430-webinar-on-guidance-to-academic-institutions-for-utilization-of-indian-pharmacopoeia-2026.html	html	en	T2-article-detail	Webinar on Guidance to Academic Institutions for Utilization of Indian Pharmacopoeia-2026 - Indian Pharmacopoeia Commission	59019
/news-highlights/1431-ipc-is-going-to-conduct-pt-round-04-2025-for-identification-by-ir-chromatographic-purity-by-hplc-in-chemical-discipline-drugs-pharmaceuticals.html	html	en	T2-article-detail	IPC is going to conduct PT round 04/2025 for Identification by IR &amp; Chromatographic Purity by HPLC in Chemical Discipline (Drugs &amp; Pharmaceuticals) - Indian Pharmacopoeia Commission	57841
/news-highlights/1432-result-for-the-post-of-scientific-assistant-ur-category-,-ipc-advertisement-was-published-in-employment-news-dated-18th-24th-january,-2025-,-written-examination-conducted-on-13-09-2025-at-jss-academy-of-technical-education-c-20-1,-c-block,-phase-2-industrial-area,-sector-62-noida,-uttar-pradesh.html	html	en	T2-article-detail	Result for the post of Scientific Assistant (UR Category), IPC (advertisement was published in Employment News dated 18th - 24th January, 2025), Written Examination conducted on 13-09-2025 at JSS Academy of Technical Education. - Indian Pharmacopoeia Commission	57596
/news-highlights/1434-walk-in-interview-is-going-to-be-held-on-24-02-2026-for-filling-up-of-the-vacant-positions-at-indian-pharmacopoeia-commission-ipc-,-an-autonomous-organization-under-the-ministry-of-health-family-welfare,-ghaziabad,-through-outsourcing-manpower-providing-agency.html	html	en	T2-article-detail	Walk-in Interview is going to be held on 24/02/2026 for filling up of the vacant positions at Indian Pharmacopoeia Commission (IPC), an Autonomous organization under the Ministry of Health &amp; Family Welfare, Ghaziabad - Indian Pharmacopoeia Commission	57190
/news-highlights/1435-registrations-now-open-scientific-conclave-and-interactive-session-on-indian-pharmacopoeia-ip-2026.html	html	en	T2-article-detail	Registrations Now Open | Scientific Conclave and Interactive Session on Indian Pharmacopoeia (IP) 2026 - Indian Pharmacopoeia Commission	57527
/news-highlights/1436-conference-on%20blood-and-blood-components-standards-in-the-indian-pharmacopoeia-2026-a-step-forward-in-strengthening-blood-transfusion-services-in-india.html	html	en	T2-article-detail	Conference on Blood and Blood Components Standards in the Indian Pharmacopoeia 2026: A Step Forward in Strengthening Blood Transfusion Services in India - Indian Pharmacopoeia Commission	58474
/news-highlights/1437-circular-issued-by-the-department-of-drugs-control,-government-of-puducherry.html	html	en	T2-article-detail	Circular issued by the Department of Drugs Control, Government of Puducherry - Indian Pharmacopoeia Commission	56415
/news-highlights/1438-walk-in-interview-is-going-to-be-held-on-10th-march-2026-for-filling-up-of-the-vacant-positions-at-indian-pharmacopoeia-commission-ipc-,-an-autonomous-organization-under-the-ministry-of-health-family-welfare,-ghaziabad.html	html	en	T2-article-detail	Walk-in Interview is going to be held on 10th March 2026 for filling up of the vacant positions at Indian Pharmacopoeia Commission (IPC), an Autonomous organization under the Ministry of Health &amp; Family Welfare, Ghaziabad - Indian Pharmacopoeia Commission	57226
/news-highlights/144-gst-number-for-indian-pharmacopoeia-commission.html	html	en	T2-article-detail	GST Number for Indian Pharmacopoeia Commission - Indian Pharmacopoeia Commission	56087
/news-highlights/1440-corrigendum-with-reference-to-the-advertisement-published-on-27-feb-2026-for-the-post-of-pharmacopoeial-associate-and-senior-pharmacopoeial-associate.html	html	en	T2-article-detail	Corrigendum regarding the Walk-in Interview to be held on 10th March 2026 for filling up vacant positions at the Indian Pharmacopoeia Commission (IPC), an autonomous organization under the Ministry of Health &amp; Family Welfare, Ghaziabad - Indian Pharmacopoeia Commission	56748
/news-highlights/1441-scientists-from-ipc-attended-joint-edqm-epaa-symposium-pyrogen-testing-2-0-ethical,-evolving-and-eco-friendly-implementing-safe,-rapid,-state-of-the-art-and-sustainable-non-animal-approaches-worldwide-at-ccab,-brussels.html	html	en	T2-article-detail	Scientists from IPC attended Joint EDQM-EPAA Symposium: Pyrogen testing 2.0: Ethical, Evolving and Eco-friendly Implementing safe, rapid, state-of-the-art and sustainable non-animal approaches worldwide at CCAB, Brussels - Indian Pharmacopoeia Commission	858911
/news-highlights/1443-applications-are-invited-for-in-person-workshop-on-%E2%80%9Cenhancing-scientific-publications-in-pharmacopoeial-science-and-pharmacovigilance%E2%80%9D-scheduled-from-09th-10th-april,-2026.html	html	en	T2-article-detail	Applications are invited for In-person Workshop on “Enhancing Scientific Publications in Pharmacopoeial Science and Pharmacovigilance” scheduled from 09th–10th April, 2026. Interested participants may refer to the tentative agenda provided below. - Indian Pharmacopoeia Commission	57603
/news-highlights/1443-applications-are-invited-for-in-person-workshop-on-“enhancing-scientific-publications-in-pharmacopoeial-science-and-pharmacovigilance”-scheduled-from-09th-10th-april,-2026.html	html	en	T2-article-detail	Applications are invited for In-person Workshop on “Enhancing Scientific Publications in Pharmacopoeial Science and Pharmacovigilance” scheduled from 09th–10th April, 2026. Interested participants may refer to the tentative agenda provided below. - Indian Pharmacopoeia Commission	57603
/news-highlights/1445-applications-are-invited-for-37th-skill-development-programme-on-pharmacovigilance-scheduled-from-15th-19th-june-2027.html	html	en	T2-article-detail	Applications are invited for 37th Skill Development Programme on Pharmacovigilance scheduled from 15th-19th June 2026. - Indian Pharmacopoeia Commission	57643
/news-highlights/1448-registrations-now-open-scientific-conclave-and-interactive-session-on-indian-pharmacopoeia-ip-2026-an-ecosystem-for-strengthening-quality-standards-of-drugs-pharmaceuticals-1.html	html	en	T2-article-detail	Registrations Now Open | Scientific Conclave and Interactive Session on Indian Pharmacopoeia (IP) 2026: An Ecosystem for Strengthening Quality Standards of Drugs/Pharmaceuticals - Indian Pharmacopoeia Commission	57545
/news-highlights/1449-registration-extended-till-08-april,-2026-2-00-pm-%E2%80%8B-applications-are-invited-for-the-in-person-workshop-on-%E2%80%9Cenhancing-scientific-publications-in-pharmacopoeial-science-and-pharmacovigilance%E2%80%9D-scheduled-on-09%E2%80%9310-april,-2026.html	html	en	T2-article-detail	Registration Extended till 08 April, 2026 (2:00 PM)! ​ Applications are invited for the In-person Workshop on “Enhancing Scientific Publications in Pharmacopoeial Science and Pharmacovigilance” scheduled on 09–10 April, 2026. - Indian Pharmacopoeia Commission	58013
/news-highlights/1449-registration-extended-till-08-april,-2026-2-00-pm-​-applications-are-invited-for-the-in-person-workshop-on-“enhancing-scientific-publications-in-pharmacopoeial-science-and-pharmacovigilance”-scheduled-on-09–10-april,-2026.html	html	en	T2-article-detail	Registration Extended till 08 April, 2026 (2:00 PM)! ​ Applications are invited for the In-person Workshop on “Enhancing Scientific Publications in Pharmacopoeial Science and Pharmacovigilance” scheduled on 09–10 April, 2026. - Indian Pharmacopoeia Commission	58013
/news-highlights/145-from-1st-july-2017-gst-will-be-applicable-on-indian-pharmacopoeia-reference-substance-iprs-impurity-substances-tablets-testing-charges-pt-programme-botanical-reference-standard.html	html	en	T2-article-detail	From 1st July, 2017 GST will be applicable on Indian Pharmacopoeia Reference Substance (IPRS), Impurity Substances, Tablets, Testing charges, PT Programme, Botanical Reference Standard - Indian Pharmacopoeia Commission	57688
/news-highlights/1451-padma-shri-prof-balram-bhargava-delivers-keynote-address-at-ipc-workshop-and-inaugurates-reference-standard-division-at-alrc-building,-ipc.html	html	en	T2-article-detail	Padma Shri Prof. Balram Bhargava Delivers Keynote Address at IPC Workshop and Inaugurates Reference Standard Division at ALRC Building, IPC - Indian Pharmacopoeia Commission	58146
/news-highlights/1452-registrations-now-open-scientific-conclave-and-interactive-session-on-indian-pharmacopoeia-ip-2026-an-ecosystem-for-strengthening-quality-standards-of-drugs-pharmaceuticals-2.html	html	en	T2-article-detail	Registrations Now Open | Scientific Conclave and Interactive Session on Indian Pharmacopoeia (IP) 2026: An Ecosystem for Strengthening Quality Standards of Drugs/Pharmaceuticals - Indian Pharmacopoeia Commission	57659
/news-highlights/1453-revised-terms-conditions-of-empanelment-of-publishers-suppliers-booksellers-for-supply-of-books-to-the-indian-pharmacopoeia-commission-ipc-library,-ghaziabad,-u-p.html	html	en	T2-article-detail	Revised Terms &amp; Conditions of Empanelment of Publishers/Suppliers/Booksellers for Supply of Books to the Indian Pharmacopoeia Commission (IPC) Library, Ghaziabad, U.P. - Indian Pharmacopoeia Commission	56571
/news-highlights/1454-registrations-now-open-scientific-conclave-interactive-session-on-indian-pharmacopoeia-2026-significance-of-indian-pharmacopoeia-reference-standards-and-impurity-standards-in-ensuring-pharmaceutical%E2%80%99s-quality.html	html	en	T2-article-detail	Registrations Now Open | Scientific Conclave &amp; Interactive Session on Indian Pharmacopoeia 2026: Significance of Indian Pharmacopoeia Reference Standards and Impurity Standards in Ensuring Pharmaceutical’s Quality - Indian Pharmacopoeia Commission	58513
/news-highlights/1454-registrations-now-open-scientific-conclave-interactive-session-on-indian-pharmacopoeia-2026-significance-of-indian-pharmacopoeia-reference-standards-and-impurity-standards-in-ensuring-pharmaceutical’s-quality.html	html	en	T2-article-detail	Registrations Now Open | Scientific Conclave &amp; Interactive Session on Indian Pharmacopoeia 2026: Significance of Indian Pharmacopoeia Reference Standards and Impurity Standards in Ensuring Pharmaceutical’s Quality - Indian Pharmacopoeia Commission	58513
/news-highlights/1455-applications-are-invited-for-37th-skill-development-programme-on-pharmacovigilance-scheduled-from-15th-19th-june-2028.html	html	en	T2-article-detail	Registrations Now Open | Applications are invited for 37th Skill Development Programme on Pharmacovigilance scheduled from 15th-19th June 2026. - Indian Pharmacopoeia Commission	56846
/news-highlights/1456-ipc-organizes-scientific-conclave-on-weights,-ph-and-ip-2026-updates-to-strengthen-pharmacopoeial-standards.html	html	en	T2-article-detail	IPC Organizes Scientific Conclave on Weights, pH and IP 2026 Updates to Strengthen Pharmacopoeial Standards - Indian Pharmacopoeia Commission	58403
/news-highlights/1457-the-indian-pharmacopoeia-commission,-an-autonomous-institute-of-ministry-of-health-and-family-welfare,-government-of-india-invites-quotations-on-gem-portal-government-e-marketplace-from-eligible-and-qualified-printing-firms-related-to-printing-and-binding-of-national-formulary-of-india-nfi-2026.html	html	en	T2-article-detail	The Indian Pharmacopoeia Commission, an autonomous institute of MoHFW, GOI invites quotations on Gem Portal (Government E marketplace) from eligible and qualified printing firms related to printing and binding of National Formulary of India (NFI-2026). - Indian Pharmacopoeia Commission	57515
/news-highlights/1459-amendments-in-biotechnology-derived-therapeutic-products-and-vaccine-monographs-dated-30-04-2026.html	html	en	T2-article-detail	Amendments in Biotechnology derived Therapeutic Products and Vaccine monographs dated 30.04.2026 - Indian Pharmacopoeia Commission	56237
/news-highlights/146-new-arrivals-of-books-and-periodicals-in-library.html	html	en	T2-article-detail	New arrivals of Books and Periodicals in Library - Indian Pharmacopoeia Commission	56236
/news-highlights/1460-ipc-is-going-to-conduct-pt-round-01-2026-in-qualitative-test-for-specific-pathogens-present-absent-of-salmonella-shigella-in-10-ml-and-escherichia-coli-staphylococcus-aureus-in-1-ml-of-sample-in-biological-discipline-drugs-pharmaceuticals.html	html	en	T2-article-detail	IPC is going to conduct PT round 01/2026 in Qualitative test for specific pathogens (Present/Absent of Salmonella &amp; Shigella in 10 ml and Escherichia coli &amp; Staphylococcus aureus in 1 ml of sample) in Biological Discipline (Drugs &amp; Pharmaceuticals). - Indian Pharmacopoeia Commission	58899
/news-highlights/1461-information-regarding-a-pre-bid-meeting-that-is-scheduled-today-at-11-30-am-regarding-the-partitioning-tender-for-the-alrc-building-at-ipc.html	html	en	T2-article-detail	Information regarding a pre-bid meeting that is scheduled for today at 11:30 AM regarding the Partitioning tender for the ALRC Building at IPC - Indian Pharmacopoeia Commission	57889
/news-highlights/1462-pt-schedule-2026.html	html	en	T2-article-detail	PT Schedule 2026 - Indian Pharmacopoeia Commission	55581
/news-highlights/1463-registrations-now-open-applications-are-invited-for-37th-skill-development-programme-on-pharmacovigilance-scheduled-from-15th-19th-june-2026.html	html	en	T2-article-detail	Registrations Now Open | Applications are invited for 37th Skill Development Programme on Pharmacovigilance scheduled from 15th-19th June 2026. - Indian Pharmacopoeia Commission	57001
/news-highlights/1464-monitoring-the-safety-of-semaglutide-a-glp-1-receptor-agonist.html	html	en	T2-article-detail	Monitoring the Safety of Semaglutide (a GLP-1 receptor agonist) - Indian Pharmacopoeia Commission	55870
/news-highlights/1465-amendments-in-biotechnology-derived-therapeutic-products-monographs.html	html	en	T2-article-detail	Amendments in Biotechnology derived Therapeutic Products monographs - Indian Pharmacopoeia Commission	56260
/news-highlights/1466-applications-open-mvpi-internship-programme-2026.html	html	en	T2-article-detail	Applications Open: MvPI Internship Programme 2026 - Indian Pharmacopoeia Commission	57388
/news-highlights/1467-applications-are-invited-for-filling-four-posts-of-scientific-assistant.html	html	en	T2-article-detail	Applications are invited for filling four posts of Scientific Assistant - Indian Pharmacopoeia Commission	56203
/news-highlights/147-filling-of-9-nine-vacant-post-of-scientific-officer-6-ur-2-obc-1-sc-pay-band-3-grade-pay-rs-5400.html	html	en	T2-article-detail	Filling of 9 (Nine) vacant post of Scientific Officer (6-UR, 2-OBC, 1-SC) (Pay band 3, Grade Pay Rs. 5400) - Indian Pharmacopoeia Commission	57997
/news-highlights/1471-registrations-open-national-capacity-building-programme-on-materiovigilance-system-in-india.html	html	en	T2-article-detail	Registrations Open: National Capacity Building Programme on Materiovigilance System in India - Indian Pharmacopoeia Commission	58970
/news-highlights/1472-conference-on-ensuring-quality-of-blood-and-blood-components-through-ip-2026.html	html	en	T2-article-detail	Conference on “Ensuring Quality of Blood and Blood Components through IP 2026” to be held on 24th June 2026 - Indian Pharmacopoeia Commission	56243
/news-highlights/1473-walk-in-interview-for-filling-up-of-the-vacant-position-for-lab-attendant-at-indian-pharmacopoeia-commission-ipc-,-an-autonomous-organization-under-the-ministry-of-health-family-welfare,-ghaziabad,-through-outsourcing-manpower-providing-agency-2.html	html	en	T2-article-detail	Walk-in Interview for filling up of the vacant position for Lab attendant at Indian Pharmacopoeia Commission (IPC), an Autonomous organization under the Ministry of Health &amp; Family Welfare, Ghaziabad, through Outsourcing Manpower Providing Agency - Indian Pharmacopoeia Commission	57108
/news-highlights/1474-internship-opportunity-who-collaborating-centre-activities,-indian-pharmacopoeia-commission.html	html	en	T2-article-detail	Internship Opportunity : WHO Collaborating Centre Activities, Indian Pharmacopoeia Commission - Indian Pharmacopoeia Commission	57153
/news-highlights/1475-application-are-invited-for-in-person-brainstorming-session-on-%E2%80%9Cbuilding-a-comprehensive-ecosystem-for-patient-safety-ensuring-quality-of-medicines,-medical-devices-and-blood-products-in-india%E2%80%9D.html	html	en	T2-article-detail	Registration Extended: Brainstorming Session on “Building a Comprehensive Ecosystem for Patient Safety: Ensuring Quality of Medicines, Medical Devices and Blood Products in India” - Indian Pharmacopoeia Commission	57770
/news-highlights/1475-application-are-invited-for-in-person-brainstorming-session-on-“building-a-comprehensive-ecosystem-for-patient-safety-ensuring-quality-of-medicines,-medical-devices-and-blood-products-in-india”.html	html	en	T2-article-detail	Registration Extended: Brainstorming Session on “Building a Comprehensive Ecosystem for Patient Safety: Ensuring Quality of Medicines, Medical Devices and Blood Products in India” - Indian Pharmacopoeia Commission	57770
/news-highlights/1476-ipc-newsletter-vol-2-2025.html	html	en	T2-article-detail	IPC Newsletter Vol. 2 2025 - Indian Pharmacopoeia Commission	55780
/news-highlights/1477-indian-pharmacopoeia-2026-amendment-lists.html	html	en	T2-article-detail	Indian Pharmacopoeia 2026- Amendment Lists - Indian Pharmacopoeia Commission	57042
/news-highlights/1478-1st-annual-pharmacopoeial-meet-stakeholder-s-contribution-award.html	html	en	T2-article-detail	1st Annual Pharmacopoeial Meet &amp; Stakeholder's Contribution Award - Indian Pharmacopoeia Commission	56100
/news-highlights/1479-walk-in-interview-is-going-to-be-held-on-15th-july-2026-for-filling-up-of-the-vacant-post-of-receptionist-in-indian-pharmacopoeia-commission-ipc.html	html	en	T2-article-detail	Walk-in Interview is going to be held on 15th July 2026 for filling up of the vacant post of Receptionist in Indian Pharmacopoeia Commission (IPC). - Indian Pharmacopoeia Commission	56474
/news-highlights/148-result-of-the-preliminary-qualifying-written-examination-for-the-post-of-scientific-officer-pay-band-3-grade-pay-rs-5400-scientific-group-a-has-been-displayed-on-the-website-of-ipc.html	html	en	T2-article-detail	Result of the Preliminary Qualifying Written Examination for the post of Scientific Officer (Pay Band 3, Grade Pay Rs. 5400) (Scientific Group A) has been displayed on the website of IPC - Indian Pharmacopoeia Commission	56840
/news-highlights/1480-applications-are-invited-for-the-engagement-of-contractual-position-of-fireman-for-filling-up-of-the-vacant-positions-at-indian-pharmacopoeia-commission-ipc.html	html	en	T2-article-detail	Applications are invited for the engagement of contractual position of Fireman for filling up of the vacant positions at Indian Pharmacopoeia Commission (IPC) - Indian Pharmacopoeia Commission	56660
/news-highlights/1481-call-for-experts-join-ipc%E2%80%99s-it-expert-committee-for-strengthening-ipc%E2%80%99s-digital-initiatives-in-alignment-with-digital-india-mission.html	html	en	T2-article-detail	Call for Experts: Join IPC’s IT Expert Committee for Strengthening IPC’s Digital Initiatives in Alignment with Digital India Mission - Indian Pharmacopoeia Commission	68222
/news-highlights/1481-call-for-experts-join-ipc’s-it-expert-committee-for-strengthening-ipc’s-digital-initiatives-in-alignment-with-digital-india-mission.html	html	en	T2-article-detail	Call for Experts: Join IPC’s IT Expert Committee for Strengthening IPC’s Digital Initiatives in Alignment with Digital India Mission - Indian Pharmacopoeia Commission	68222
/news-highlights/1482-registrations-now-open-applications-are-invited-for-38th-skill-development-programme-on-pharmacovigilance-scheduled-from-17th-21st-august-2026.html	html	en	T2-article-detail	Registrations Now Open | Applications are invited for 38th Skill Development Programme on Pharmacovigilance scheduled from 17th-21st August 2026 - Indian Pharmacopoeia Commission	57006
/news-highlights/1483-the-indian-pharmacopoeia-commission,-an-autonomous-institute-of-mohfw,-goi-invites-quotations-on-gem-portal-government-e-marketplace-from-eligible-and-qualified-vendors-for-digitalization-of-the-national-formulary-of-india-nfi.html	html	en	T2-article-detail	The Indian Pharmacopoeia Commission, an autonomous institute of MoHFW, GOI invites quotations on Gem Portal (Government E marketplace) from eligible and qualified vendors for Digitalization of the National Formulary of India (NFI). - Indian Pharmacopoeia Commission	57465
/news-highlights/1484-notice-on-release-of-10th-edition-of-the-indian-pharmacopoeia-ip-2026.html	html	en	T2-article-detail	Notice on Release of 10th Edition of the Indian Pharmacopoeia (IP) 2026 - Indian Pharmacopoeia Commission	55924
/news-highlights/1485-applications-are-invited-for-the-contractual-positions-of-scientific-consultant-and-pharmacopoeial-associate-grade-i-at-the-indian-pharmacopoeia-commission-ipc.html	html	en	T2-article-detail	Applications are invited for the contractual positions of Scientific Consultant and Pharmacopoeial Associate Grade-I at the Indian Pharmacopoeia Commission (IPC) - Indian Pharmacopoeia Commission	56555
/news-highlights/1486-national-conference-on-quality-and-safety-of-biosimilars-strengthening-india-s-biopharma-shakti-vision-to-be-held-on-10-11th-september-2026-at-bengaluru.html	html	en	T2-article-detail	National Conference on Quality and Safety of Biosimilars: Strengthening India's Biopharma SHAKTI Vision to be held on 10-11th September 2026 at Bengaluru - Indian Pharmacopoeia Commission	56532
/news-highlights/1487-result-of-the-selection-process-for-the-post-of-senior-scientific-officer.html	html	en	T2-article-detail	Result of the selection process for the post of Senior Scientific Officer, IPC - Indian Pharmacopoeia Commission	57156
/news-highlights/149-news-letter-vol-1-issue-2-april-2017.html	html	en	T2-article-detail	News Letter (Vol. 1 Issue 2 April 2017) - Indian Pharmacopoeia Commission	55787
/news-highlights/1490-corrigendum-related-to-gem-tender-notice-digitalization-of-the-national-formulary-of-india-nfi.html	html	en	T2-article-detail	Corrigendum related to GeM tender notice: Digitalization of the National Formulary of India (NFI) - Indian Pharmacopoeia Commission	56313
/news-highlights/1491-scientific-conclave-interactive-session-on-indian-pharmacopoeia-2026.html	html	en	T2-article-detail	Scientific Conclave &amp; Interactive Session on Indian Pharmacopoeia 2026 - Indian Pharmacopoeia Commission	57093
/news-highlights/1492-applications-are-invited-for-in-person-for-the-brainstorming-session-on-ai-powered-pharmacopoeia-standards-development-pharmacovigilance-practices-%E2%80%9D.html	html	en	T2-article-detail	Applications are invited for In-Person Brainstorming Session on &quot;AI-Powered Pharmacopoeia Standards Development &amp; Pharmacovigilance Practices.” - Indian Pharmacopoeia Commission	58038
/news-highlights/1492-applications-are-invited-for-in-person-for-the-brainstorming-session-on-ai-powered-pharmacopoeia-standards-development-pharmacovigilance-practices-”.html	html	en	T2-article-detail	Applications are invited for In-Person Brainstorming Session on &quot;AI-Powered Pharmacopoeia Standards Development &amp; Pharmacovigilance Practices.” - Indian Pharmacopoeia Commission	58038
/news-highlights/1496-registrations-are-open-for-the-6th-national-pharmacovigilance-week-campaign-on-21st-september,-2026-at-bhim-hall,-dr-ambedkar-international-centre,-new-delhi.html	html	en	T2-article-detail	Registrations are open for the 6th National Pharmacovigilance Week Campaign on 21st September, 2026 at BHIM Hall, Dr. Ambedkar International Centre, New Delhi - Indian Pharmacopoeia Commission	58032
/news-highlights/150-primary-packages-for-pharmaceuticals.html	html	en	T2-article-detail	Primary Packages for Pharmaceuticals - Indian Pharmacopoeia Commission	55848
/news-highlights/1501-draft-revision-contains-ip-monographs-general-chapters-for-comments.html	html	en	T2-article-detail	Draft revision contains IP monographs/General chapters for comments - Indian Pharmacopoeia Commission	56042
/news-highlights/1502-scientific-conclave-and-interactive-session-on-indian-pharmacopoeia-ip-2026-advancing-quality,-safety,-and-innovation-in-drugs,-food-and-phytopharmaceuticals.html	html	en	T2-article-detail	Scientific Conclave and Interactive Session on Indian Pharmacopoeia (IP) 2026: Advancing Quality, Safety, and Innovation in Drugs, Food and Phytopharmaceuticals - Indian Pharmacopoeia Commission	57361
/news-highlights/1503-adrms-made-easy-a-step-by-step-guide-to-medical-device-adverse-event-reporting-under-materiovigilance-programme-of-india.html	html	en	T2-article-detail	ADRMS Made Easy: A Step-by-Step Guide to Medical Device Adverse Event Reporting under Materiovigilance Programme of India - Indian Pharmacopoeia Commission	56374
/news-highlights/1504-applications-open-mvpi-internship-programme-2027.html	html	en	T2-article-detail	Applications Open: MvPI Internship Programme 2026 - Indian Pharmacopoeia Commission	59567
/news-highlights/151-17-03-2017.html	html	en	T2-article-detail	चिन्‍तन बैठक में भाग लेते हुए स्‍वास्‍थ्‍य के क्षेत्र में दशा-दिशा निर्धारण हेतू भारतीय भेषज संहिता आयोग में बुलाई गई 17.03.2017 - Indian Pharmacopoeia Commission	56742
/news-highlights/152-inauguration-ceremony-for-seventh-training-programme-on-various-analytical-instruments-and-techniques-for-government-drugs-analyst.html	html	en	T2-article-detail	Inauguration Ceremony for Seventh Training Programme on Various Analytical Instruments and Techniques for Government Drugs Analyst - Indian Pharmacopoeia Commission	56855
/news-highlights/153-forthcoming-training-schedule-of-the-year-2017.html	html	en	T2-article-detail	Forthcoming Training Schedule of the year 2017 - Indian Pharmacopoeia Commission	55795
/news-highlights/154-5th-edition-of-national-formulary-of-india-2016.html	html	en	T2-article-detail	5th edition of National Formulary of India 2016 - Indian Pharmacopoeia Commission	55847
/news-highlights/155-deletion-of-6-veterinary-biological-monographs-from-forthcoming-edition-of-indian-pharmacopoeia.html	html	en	T2-article-detail	Deletion of 6 Veterinary Biological Monographs from forthcoming edition of Indian Pharmacopoeia - Indian Pharmacopoeia Commission	56504
/news-highlights/156-general-chapter-on-environmental-monitoring.html	html	en	T2-article-detail	General Chapter on Environmental Monitoring - Indian Pharmacopoeia Commission	55864
/news-highlights/157-notice-for-opening-financial-bid-for-for-designing-development-of-ipc-web-portal.html	html	en	T2-article-detail	Notice for opening Financial Bid for for Designing &amp; Development of IPC Web Portal - Indian Pharmacopoeia Commission	58870
/news-highlights/158-draft-monograph-of-allergen-products-for-comments-of-stakeholders.html	html	en	T2-article-detail	Draft monograph of Allergen Products for comments of stakeholders - Indian Pharmacopoeia Commission	56041
/news-highlights/159-veterinary-vaccines-general-monograph-for-stakeholder-comments.html	html	en	T2-article-detail	Veterinary Vaccines General Monograph for stakeholder comments - Indian Pharmacopoeia Commission	55967
/news-highlights/160-protocol-of-ip-prednisone-tablet-for-dissolution-apparatus-calibration.html	html	en	T2-article-detail	Protocol of IP Prednisone Tablet for Dissolution Apparatus Calibration - Indian Pharmacopoeia Commission	56018
/news-highlights/163-5-8-1-dimensions-of-hard-gelatin-capsule-shells-seeking-the-comments-from-stakeholders-before-10-12-2016.html	html	en	T2-article-detail	5.8.1 Dimensions of Hard Gelatin Capsule Shells (Seeking the comments from stakeholders before 10-12-2016) - Indian Pharmacopoeia Commission	56196
/news-highlights/164-5-8-2-dimensions-of-hard-cellulose-capsule-shells-seeking-the-comments-from-stakeholders-before-10-12-2016.html	html	en	T2-article-detail	5.8.2 Dimensions of Hard Cellulose Capsule Shells (Seeking the comments from stakeholders before 10-12-2016) - Indian Pharmacopoeia Commission	56195
/news-highlights/165-amendment-list-003-to-ip-2014.html	html	en	T2-article-detail	Amendment List 003 to IP 2014 - Indian Pharmacopoeia Commission	55736
/news-highlights/167-amendment-list-005-to-ip-2014.html	html	en	T2-article-detail	Amendment List 005 to IP 2014 - Indian Pharmacopoeia Commission	55740
/news-highlights/168-amendment-list-004-to-ip-2014-hard-cellulose-capsule-shells.html	html	en	T2-article-detail	Amendment List 004 to IP 2014 (Hard Cellulose Capsule Shells) - Indian Pharmacopoeia Commission	55925
/news-highlights/169-amendment-list-005-to-ip-2015.html	html	en	T2-article-detail	Amendment List 005 to IP 2014 - Indian Pharmacopoeia Commission	55740
/news-highlights/170-errata-007-to-ip-2014.html	html	en	T2-article-detail	Errata 007 to IP 2014 - Indian Pharmacopoeia Commission	55654
/news-highlights/171-errata-008-to-ip-2014.html	html	en	T2-article-detail	Errata 008 to IP 2014 - Indian Pharmacopoeia Commission	55670
/news-highlights/172-errata-009-to-ip-2014.html	html	en	T2-article-detail	Errata 009 to IP 2014 - Indian Pharmacopoeia Commission	55688
/news-highlights/174-errata-011-to-ip-2014.html	html	en	T2-article-detail	Errata 011 to IP 2014 - Indian Pharmacopoeia Commission	55667
/news-highlights/175-errata-012-to-ip-2014.html	html	en	T2-article-detail	Errata 012 to IP 2014 - Indian Pharmacopoeia Commission	55671
/news-highlights/176-errata-013-to-ip-2014.html	html	en	T2-article-detail	Errata 013 to IP 2014 - Indian Pharmacopoeia Commission	55669
/news-highlights/177-submission-of-new-monographs-for-ip.html	html	en	T2-article-detail	Submission of New Monographs for IP - Indian Pharmacopoeia Commission	58774
/news-highlights/178-dr-g-n-singh-has-conferred-dhanwantri-award-for-2014.html	html	en	T2-article-detail	Dr. G. N. Singh has conferred “Dhanwantri Award for 2014” - Indian Pharmacopoeia Commission	56051
/news-highlights/179-dosage-form-monographs-required-for-the-following-api-s-for-inclusion-in-ip.html	html	en	T2-article-detail	Dosage form monographs required for the following API’s for inclusion in IP - Indian Pharmacopoeia Commission	67229
/news-highlights/180-ipc-dedicated-toll-free-number-to-the-nation-for-reporting-of-adverse-drug-reactions-adrs-1800-180-3024.html	html	en	T2-article-detail	IPC Dedicated Toll Free Number to the Nation for Reporting of Adverse Drug Reactions (ADRs)- 1800 180 3024 - Indian Pharmacopoeia Commission	57639
/news-highlights/181-training-manual-for-stakeholder-public-comments.html	html	en	T2-article-detail	Training Manual for stakeholder &amp; public comments - Indian Pharmacopoeia Commission	56245
/news-highlights/182-vision-mission-and-objectives.html	html	en	T2-article-detail	Vision Mission and Objectives - Indian Pharmacopoeia Commission	57943
/news-highlights/183-adr-monitoring-centres-office-order.html	html	en	T2-article-detail	ADR Monitoring Centres Office Order - Indian Pharmacopoeia Commission	60363
/news-highlights/184-indian-pharmacopoeia-laboratory-is-accredited-by-nabl.html	html	en	T2-article-detail	Indian Pharmacopoeia Laboratory is accredited by NABL - Indian Pharmacopoeia Commission	56075
/news-highlights/185-notice-analytical-support-for-skill-development-and-drug-discovery.html	html	en	T2-article-detail	Notice: Analytical Support for skill development and drug discovery - Indian Pharmacopoeia Commission	62689
/news-highlights/186-interview-of-dr-g-n-singh-dcgi-in-66-business-today-march-29-2015.html	html	en	T2-article-detail	Interview of Dr. G. N. Singh, DCGI in 66 BUSINESS TODAY March 29 2015 - Indian Pharmacopoeia Commission	55839
/news-highlights/187-display-of-results-for-the-post-of-scientific-assistant-gp-rs-4200-general-category.html	html	en	T2-article-detail	Display of results for the post of Scientific Assistant (GP Rs. 4200/-) (General Category) - Indian Pharmacopoeia Commission	57799
/news-highlights/188-display-of-results-for-the-post-of-scientific-assistant-gp-rs-4200-sc-category.html	html	en	T2-article-detail	Display of results for the post of Scientific Assistant (GP Rs. 4200/-) (SC Category) - Indian Pharmacopoeia Commission	57011
/news-highlights/189-display-of-results-for-the-post-of-scientific-assistant-gp-rs-4200-st-category.html	html	en	T2-article-detail	Display of results for the post of Scientific Assistant (GP Rs. 4200/-) (ST Category) - Indian Pharmacopoeia Commission	56813
/news-highlights/190-drug-safety-label-change-of-rabies-vaccine-human-marketed-in-india.html	html	en	T2-article-detail	Drug safety label change of Rabies Vaccine (Human) marketed in India - Indian Pharmacopoeia Commission	55837
/news-highlights/191-revised-rate-list-of-indian-pharmacopoeia-reference-substances-iprs-and-impurities-standards.html	html	en	T2-article-detail	Revised rate list of Indian Pharmacopoeia Reference Substances (IPRS) and Impurities Standards - Indian Pharmacopoeia Commission	56495
/news-highlights/192-mvpi-circular.html	html	en	T2-article-detail	MvPI Circular - Indian Pharmacopoeia Commission	55511
/news-highlights/475-release-of-indian-pharmacopoeia-ip-2018.html	html	en	T2-article-detail	Release of Indian Pharmacopoeia (IP)-2018 - Indian Pharmacopoeia Commission	60106
/news-highlights/476-walk-in-interview-for-the-post-of-pharmacopoeial-associate-01-no-and-multi-tasking-staff-01-no-at-ipc-regional-office,-hyderabad.html	html	en	T2-article-detail	Walk-in-Interview for the post of Pharmacopoeial Associate (01 No.) and Multi-tasking staff (01 No.) at IPC Regional Office, Hyderabad - Indian Pharmacopoeia Commission	62016
/news-highlights/480-summer-training-and-project-dissertation-related-work-for-student-research-scholar.html	html	en	T2-article-detail	Summer Training and Project / Dissertation Related Work for Student / Research Scholar - Indian Pharmacopoeia Commission	56235
/news-highlights/481-implementation-date-of-ip-2018-has-been-extended-from-01-04-2018-to-01-07-2018.html	html	en	T2-article-detail	Implementation date of IP 2018 has been extended from 01-04-2018 to 01-07-2018 - Indian Pharmacopoeia Commission	59496
/news-highlights/484-proposed-amendment-for-blood-and-blood-related-products-in-ip-2014-2018-for-stakeholder-comments.html	html	en	T2-article-detail	Proposed Amendment for Blood and Blood Related Products in IP 2014/2018 for Stakeholder Comments - Indian Pharmacopoeia Commission	56276
/news-highlights/485-69%E0%A4%B5%E0%A4%BE%E0%A4%81-%E0%A4%97%E0%A4%A3%E0%A4%A4%E0%A4%82%E0%A4%A4%E0%A5%8D%E0%A4%B0-%E0%A4%A6%E0%A4%BF%E0%A4%B5%E0%A4%B8-%E0%A4%B8%E0%A4%AE%E0%A4%BE%E0%A4%B0%E0%A5%8B%E0%A4%B9.html	html	en	T2-article-detail	69वाँ गणतंत्र दिवस समारोह - Indian Pharmacopoeia Commission	58154
/news-highlights/485-69%EF%BF%BD%EF%BF%BD%EF%BF%BD%EF%BF%BD%EF%BF%BD%EF%BF%BD%EF%BF%BD%EF%BF%BD%EF%BF%BD-%EF%BF%BD%EF%BF%BD%EF%BF%BD%EF%BF%BD%EF%BF%BD%EF%BF%BD%EF%BF%BD%EF%BF%BD%EF%BF%BD%EF%BF%BD%EF%BF%BD%EF%BF%BD%EF%BF%BD%EF%BF%BD%EF%BF%BD%EF%BF%BD%EF%BF%BD%EF%BF%BD%EF%BF%BD%EF%BF%BD%EF%BF%BD-%EF%BF%BD%EF%BF%BD%EF%BF%BD%EF%BF%BD%EF%BF%BD%EF%BF%BD%EF%BF%BD%EF%BF%BD%EF%BF%BD%EF%BF%BD%EF%BF%BD%EF%BF%BD-%EF%BF%BD%EF%BF%BD%EF%BF%BD%EF%BF%BD%EF%BF%BD%EF%BF%BD%EF%BF%BD%EF%BF%BD%EF%BF%BD%EF%BF%BD%EF%BF%BD%EF%BF%BD%EF%BF%BD%EF%BF%BD%EF%BF%BD%EF%BF%BD%EF%BF%BD%EF%BF%BD.html	html	en	T2-article-detail	69वाँ गणतंत्र दिवस समारोह - Indian Pharmacopoeia Commission	58514
/news-highlights/485-69वाँ-गणतंत्र-दिवस-समारोह.html	html	en	T2-article-detail	69वाँ गणतंत्र दिवस समारोह - Indian Pharmacopoeia Commission	58154
/news-highlights/486-pt-schedule.html	html	en	T2-article-detail	PT Schedule 2018 - Indian Pharmacopoeia Commission	55709
/news-highlights/487-amendment-list-001-to-ip-2018.html	html	en	T2-article-detail	Amendment List-001 to IP 2018 - Indian Pharmacopoeia Commission	55818
/news-highlights/488-11-new-impurities-launched.html	html	en	T2-article-detail	11 New Impurities Launched - Indian Pharmacopoeia Commission	61205
/news-highlights/489-extension-of-effective-date-of-indian-pharmacopoeia-2018.html	html	en	T2-article-detail	Extension of Effective Date of Indian Pharmacopoeia 2018 - Indian Pharmacopoeia Commission	55997
/news-highlights/490-sop-for-installation-of-dvd-ip-2018.html	html	en	T2-article-detail	SOP for Installation of DVD IP 2018 - Indian Pharmacopoeia Commission	55843
/news-highlights/491-usual-strength.html	html	en	T2-article-detail	Usual strength - Indian Pharmacopoeia Commission	58270
/news-highlights/492-ipc-extended-analytical-services-to-academia,-industry-and-stakeholders.html	html	en	T2-article-detail	IPC extended Analytical Services to Academia, Industry and Stakeholders - Indian Pharmacopoeia Commission	58834
/news-highlights/494-dissolution-test-in-albendazole-tablets-monograph-for-public-stakeholder-comments.html	html	en	T2-article-detail	Dissolution Test in Albendazole Tablets Monograph for public-stakeholder comments - Indian Pharmacopoeia Commission	57344
/news-highlights/495-interactive-session-of-ipc,-drug-regulators,-industry-academia-at-csir-ncl,-pune.html	html	en	T2-article-detail	Interactive session of IPC, Drug Regulators, Industry &amp; Academia at CSIR-NCL, Pune - Indian Pharmacopoeia Commission	56186
/news-highlights/553-appointment-as-statutory-audit.html	html	en	T2-article-detail	Appointment as Statutory Audit - Indian Pharmacopoeia Commission	56795
/news-highlights/556-indian-pharmacopoeia-2018-amendments-and-erratas.html	html	en	T2-article-detail	Indian Pharmacopoeia 2018- Amendments and Erratas - Indian Pharmacopoeia Commission	61790
/news-highlights/558-celebration-of-72th-independence-day-on-15th-august,-2018-at-indian-pharmacopoeia-commission,-ghaziabad.html	html	en	T2-article-detail	Celebration of &quot;72th Independence Day&quot; on 15th August, 2018 at Indian Pharmacopoeia Commission, Ghaziabad - Indian Pharmacopoeia Commission	56418
/news-highlights/574-guidance-	html	en	T2-article-detail	Guidance Document: Materiovigilance Programme of India (version 1.1) - Indian Pharmacopoeia Commission	56747
/news-highlights/574-guidance-document-materiovigilance-programme-of-india-version-	html	en	T2-article-detail	Guidance Document: Materiovigilance Programme of India (version 1.1) - Indian Pharmacopoeia Commission	56800
/news-highlights/574-guidance-document-materiovigilance-programme-of-india-version-1-1.html	html	en	T2-article-detail	Guidance Document: Materiovigilance Programme of India (version 1.1) - Indian Pharmacopoeia Commission	56808
/news-highlights/574-guidancedocument-materiovigilance-programme-of-india-version1-1.html	html	en	T2-article-detail	Guidance Document: Materiovigilance Programme of India (version 1.1) - Indian Pharmacopoeia Commission	56806
/news-highlights/580-1st-ipc-interactive-meet-on-pharmacopoeia-standards-regulatory-and-quality-considerations.html	html	en	T2-article-detail	1st IPC Interactive Meet on Pharmacopoeia Standards Regulatory and Quality Considerations - Postponed - Indian Pharmacopoeia Commission	58026
/news-highlights/592-display-of-results-for-the-post-of-scientific-assistant-gp-rs-4200-obc-category.html	html	en	T2-article-detail	Display of results for the post of Scientific Assistant (GP Rs. 4200/-) (OBC Category) - Indian Pharmacopoeia Commission	56773
/news-highlights/595-notice-regarding-usual-strength-of-pioglitazone-and-metformin.html	html	en	T2-article-detail	Notice regarding Usual Strength of Pioglitazone and Metformin - Indian Pharmacopoeia Commission	57022
/news-highlights/605-amendment-list-003-to-ip-2018.html	html	en	T2-article-detail	Amendment list 003 to IP-2018 - Indian Pharmacopoeia Commission	56812
/news-highlights/609-draft-amendments-to-ip-2018-for-stakeholder%E2%80%99s-comments.html	html	en	T2-article-detail	Draft Amendments to IP 2018 for stakeholder’s comments - Indian Pharmacopoeia Commission	55938
/news-highlights/609-draft-amendments-to-ip-2018-for-stakeholder%EF%BF%BD%EF%BF%BD%EF%BF%BDs-comments.html	html	en	T2-article-detail	Draft Amendments to IP 2018 for stakeholder’s comments - Indian Pharmacopoeia Commission	55956
/news-highlights/609-draft-amendments-to-ip-2018-for-stakeholder’s-comments.html	html	en	T2-article-detail	Draft Amendments to IP 2018 for stakeholder’s comments - Indian Pharmacopoeia Commission	55938
/news-highlights/610-message-of-the-secretary-cum-scientific-director-on-the-10th-anniversary-of-ipc.html	html	en	T2-article-detail	Message of the Secretary-cum-Scientific Director on the 10th Anniversary of IPC - Indian Pharmacopoeia Commission	56808
/news-highlights/620-draft-amendments-to-ip-2018-for-stakeholder%E2%80%99s-comments-updated-on-18-03-2019.html	html	en	T2-article-detail	Draft Amendments to IP 2018 for stakeholder’s comments (Updated on-18.03.2019) - Indian Pharmacopoeia Commission	56161
/news-highlights/620-draft-amendments-to-ip-2018-for-stakeholder%EF%BF%BD%EF%BF%BD%EF%BF%BDs-comments-updated-on-18-03-2019.html	html	en	T2-article-detail	Draft Amendments to IP 2018 for stakeholder’s comments (Updated on-18.03.2019) - Indian Pharmacopoeia Commission	56179
/news-highlights/620-draft-amendments-to-ip-2018-for-stakeholder’s-comments-updated-on-18-03-2019.html	html	en	T2-article-detail	Draft Amendments to IP 2018 for stakeholder’s comments (Updated on-18.03.2019) - Indian Pharmacopoeia Commission	56161
/news-highlights/624-draft-monographs-for-comments-from-stakeholder-s.html	html	en	T2-article-detail	Draft Monographs for Comments from Stakeholder's - Indian Pharmacopoeia Commission	56413
/news-highlights/634-draft-monograph-of-phyto.html	html	en	T2-article-detail	Draft General Chapters of Pharmaceuticals for comments - Indian Pharmacopoeia Commission	56289
/news-highlights/636-medical-device-adverse-event-reporting-form-version-1-1%20-editable-version.html	html	en	T2-article-detail	Medical Device Adverse Event Reporting form version 1.1 (Editable version) - Indian Pharmacopoeia Commission	56109
/news-highlights/640-pvpi-recommendations-to-regulators.html	html	en	T2-article-detail	PvPI recommendations to Regulators - Indian Pharmacopoeia Commission	56243
/news-highlights/641-walk-in-interview-for-the-post-of-pharmacopoeia-consultant-02.html	html	en	T2-article-detail	WALK-IN INTERVIEW for the post of Pharmacopoeia Consultant-02 - Indian Pharmacopoeia Commission	55953
/news-highlights/642-cancellation-of-the-advertisement-for-various-posts-published-in-employment-news-dated-07-13-march-2015.html	html	en	T2-article-detail	Cancellation of the advertisement for various posts published in Employment News dated 07-13 March 2015. - Indian Pharmacopoeia Commission	56230
/news-highlights/647-ip-addendum-2019-to-ip-2018-is-available-for-sale-from-ipc-secretariat-and-its-distributors.html	html	en	T2-article-detail	Indian Pharmacopoeia 2018 Addendum 2019 is available for sale from IPC and its distributors. - Indian Pharmacopoeia Commission	61162
/news-highlights/650-filling-up-for-various-scientific-administrative-vacant-posts-year-2019.html	html	en	T2-article-detail	Filling-up for various Scientific &amp; Administrative vacant posts (year 2019) - Indian Pharmacopoeia Commission	56215
/news-highlights/652-salient-features-of-addendum-2019-to-ip-2018.html	html	en	T2-article-detail	Salient Features of Addendum 2019 to IP 2018 - Indian Pharmacopoeia Commission	57061
/news-highlights/654-release-of-addendum-2019-to-indian-pharmacopoeia-2018.html	html	en	T2-article-detail	Release of Addendum 2019 to Indian Pharmacopoeia 2018 - Indian Pharmacopoeia Commission	55885
/news-highlights/655-recognition-of-indian-pharmacopoeia-by-flda-ghana.html	html	en	T2-article-detail	Recognition of Indian Pharmacopoeia by FDA Ghana - Indian Pharmacopoeia Commission	55992
/news-highlights/656-draft-guidance-manual-for-compliance-of-indian-pharmacopoeia%E2%80%9D-2nd-edition,-for-stakeholder%E2%80%99s-comments-suggestions.html	html	en	T2-article-detail	Draft Guidance Manual for Compliance of Indian Pharmacopoeia” 2nd edition, for stakeholder’s Comments/Suggestions - Indian Pharmacopoeia Commission	56601
/news-highlights/656-draft-guidance-manual-for-compliance-of-indian-pharmacopoeia%EF%BF%BD%EF%BF%BD%EF%BF%BD-2nd-edition,-for-stakeholder%EF%BF%BD%EF%BF%BD%EF%BF%BDs-comments-suggestions.html	html	en	T2-article-detail	Draft Guidance Manual for Compliance of Indian Pharmacopoeia” 2nd edition, for stakeholder’s Comments/Suggestions - Indian Pharmacopoeia Commission	56637
/news-highlights/656-draft-guidance-manual-for-compliance-of-indian-pharmacopoeia”-2nd-edition,-for-stakeholder’s-comments-suggestions.html	html	en	T2-article-detail	Draft Guidance Manual for Compliance of Indian Pharmacopoeia” 2nd edition, for stakeholder’s Comments/Suggestions - Indian Pharmacopoeia Commission	56601
/news-highlights/665-notice-regarding-new-official-email-id.html	html	en	T2-article-detail	Notice regarding new official email - Indian Pharmacopoeia Commission	57261
/news-highlights/67-pharmacovigilance-skill-development-programme.html	html	en	T2-article-detail	25th Skill Development Programme on Pharmacovigilance for Medical Products - Indian Pharmacopoeia Commission	58216
/news-highlights/683-1st-stakeholders-national-consultation-meeting-of-standing-national-committee-on-medicine-sncm.html	html	en	T2-article-detail	1st Stakeholders National Consultation meeting of Standing National Committee on Medicine (SNCM) - Indian Pharmacopoeia Commission	56256
/news-highlights/684-achievements-of-the-scientific-body-since-inception-of-ipc-2005-2019.html	html	en	T2-article-detail	Outcome of the Scientific Body Since Inception of IPC (2005-2019) - Indian Pharmacopoeia Commission	55954
/news-highlights/687-stakeholders-meeting-on-phytopharmaceutical-drugs-monograph-development.html	html	en	T2-article-detail	Stakeholders Meeting on Phytopharmaceutical Drugs Monograph Development - Indian Pharmacopoeia Commission	57301
/news-highlights/691-draft-of-revised-allergen-products-monograph.html	html	en	T2-article-detail	Draft of revised Allergen products Monograph - Indian Pharmacopoeia Commission	55850
/news-highlights/694-appointment-of-secretary-cum-scientific-director,-indian-pharmacopoeia-commission-2.html	html	en	T2-article-detail	Appointment of Secretary-cum-Scientific Director, Indian Pharmacopoeia Commission - Indian Pharmacopoeia Commission	56108
/news-highlights/699-toll-free-no-pvpi.html	html	en	T2-article-detail	Toll Free No. PvPI - Indian Pharmacopoeia Commission	55688
/news-highlights/700-notice-for-effective-date-of-ip-addendum-2019.html	html	en	T2-article-detail	Notice for Effective Date of IP Addendum 2019 - Indian Pharmacopoeia Commission	56242
/news-highlights/701-pt-notification.html	html	en	T2-article-detail	PT Notification - Indian Pharmacopoeia Commission	56550
/news-highlights/702-advertisement-notice.html	html	en	T2-article-detail	Advertisement Notice - Indian Pharmacopoeia Commission	55758
/news-highlights/703-vigilance-awareness-week-2019.html	html	en	T2-article-detail	Vigilance Awareness Week 2019 - Indian Pharmacopoeia Commission	55880
/news-highlights/706-amendments-in-vaccines-immunosera-for-human-use-monographs,-biotechnology-derived-therapeutic-product-monograph-and-general-chapters-in-ip-2018.html	html	en	T2-article-detail	Draft amendments in Vaccines &amp; Immunosera for human use Monographs, Biotechnology derived therapeutic product monograph and general chapters in IP 2018 for stakeholders comments - Indian Pharmacopoeia Commission	58709
/news-highlights/708-stakeholders-suggestions-comments-on-general-chapters-for-powder-microscopy.html	html	en	T2-article-detail	Stakeholder’s comments/suggestions are invited on General chapters for Powder Microscopy - Indian Pharmacopoeia Commission	58120
/news-highlights/711-general-notice-for-phytopharmaceutical-ingredient-ppi-category-monograph-in-indian-pharmacopoeia.html	html	en	T2-article-detail	General notice for Phytopharmaceutical Ingredient (PPI) Category Monograph in Indian Pharmacopoeia - Indian Pharmacopoeia Commission	61475
/news-highlights/712-press-note-on-recognition-of-indian-pharmacopoeia-in-afghanistan.html	html	en	T2-article-detail	Press Note On Recognition Of Indian Pharmacopoeia In Afghanistan - Indian Pharmacopoeia Commission	56530
/news-highlights/720-12th-foundation-day-celebration-of-indian-pharmacopoeia-commission.html	html	en	T2-article-detail	12th Foundation Day Celebration of Indian Pharmacopoeia Commission - Indian Pharmacopoeia Commission	60935
/news-highlights/722-6th-asia-pacific-pv-training-programme.html	html	en	T2-article-detail	6th Asia-Pacific PV Training Programme - Indian Pharmacopoeia Commission	55818
/news-highlights/724-skill-development-programme-on-pharmacopoeial-standards-for-pharmacovigilance-for-medical-products-pvm-2020.html	html	en	T2-article-detail	Skill Development Programme on Pharmacovigilance for Medical Products (PvM)- 2020 - Indian Pharmacopoeia Commission	56968
/news-highlights/726-release-of-annual-report-2018-19-of-ipc-and-annual-performance-report-2018-19-of-pharmacovigilance-programme-of-india-pvpi-at-nirman-bhawan,-new-delhi-on-21-01-2020.html	html	en	T2-article-detail	Release of Annual Report 2018-19 of IPC and Annual Performance Report 2018-19 of Pharmacovigilance Programme of India (PvPI) at Nirman Bhawan, New Delhi on 21.01.2020 - Indian Pharmacopoeia Commission	57601
/news-highlights/729-pvpi-training-calender-2020.html	html	en	T2-article-detail	PvPI Training Calender 2021 - Indian Pharmacopoeia Commission	56426
/news-highlights/733-draft-generalchapter.html	html	en	T2-article-detail	Draft General Chapter - Indian Pharmacopoeia Commission	60833
/news-highlights/734-inauguration-of-6th-asia-pacific-pharmacovigilance-training-course.html	html	en	T2-article-detail	Press Release on Inauguration of 6th Asia-Pacific Pharmacovigilance Training Course - Indian Pharmacopoeia Commission	60192
/news-highlights/735-pt-schedule-2020.html	html	en	T2-article-detail	PT Schedule 2020 - Indian Pharmacopoeia Commission	55654
/news-highlights/736-indian-pharmacopoeia-commission-has-newly-added-19-system-suitability-quantitative-impurities-for-the-use-of-stakeholders.html	html	en	T2-article-detail	Indian Pharmacopoeia Commission has newly added 19 system suitability/Quantitative impurities for the use of stakeholders - Indian Pharmacopoeia Commission	63962
/news-highlights/737-amendment-list-004-to-ip-2018.html	html	en	T2-article-detail	Amendment list 004 to IP-2018 - Indian Pharmacopoeia Commission	56934
/news-highlights/738-notice-for-compliance-of-ip,-ip-addendum-and-amendment-list.html	html	en	T2-article-detail	Notice for Compliance of IP, IP Addendum and Amendment list - Indian Pharmacopoeia Commission	56672
/news-highlights/741-notice-postponed-meeting-of-%E2%80%98expert-working-group-along-with-stakeholders-veterinary-biologicals%E2%80%99-on-23rdmarch-2020-and-%E2%80%98expert-working-group-along-with-stakeholders-veterinary-pharmaceuticals%E2%80%99-on-24th-march-2020-at-ipc,-ghaziabad.html	html	en	T2-article-detail	Notice on Postponed Meeting of ‘Expert working group along with Stakeholders -Veterinary Biologicals’ on 23rdMarch 2020 and ‘Expert working group along with Stakeholders Veterinary pharmaceuticals’ on 24th March 2020 at IPC, Ghaziabad - Indian Pharmacopoeia Commission	57275
/news-highlights/741-notice-postponed-meeting-of-‘expert-working-group-along-with-stakeholders-veterinary-biologicals’-on-23rdmarch-2020-and-‘expert-working-group-along-with-stakeholders-veterinary-pharmaceuticals’-on-24th-march-2020-at-ipc,-ghaziabad.html	html	en	T2-article-detail	Notice on Postponed Meeting of ‘Expert working group along with Stakeholders -Veterinary Biologicals’ on 23rdMarch 2020 and ‘Expert working group along with Stakeholders Veterinary pharmaceuticals’ on 24th March 2020 at IPC, Ghaziabad - Indian Pharmacopoeia Commission	57275
/news-highlights/742-workshop-cum-training-programme-on-pharmacovigilance-for-nabh-accredited-hospitals-of-chennai-region-on%208-th-%20april-2020,%20at%20department-of-pharmacology,-govt-stanley-medical-college,-chennai.html	html	en	T2-article-detail	Workshop-cum-Training Programme on Pharmacovigilance for NABH Accredited Hospitals of Chennai region on 8th April 2020, at Department of Pharmacology, Govt. Stanley Medical College, Chennai. - Indian Pharmacopoeia Commission	56925
/news-highlights/746-postponement-of-15th-skill-development-programme-on-pharmacovigilance-for-medical-products-scheduled-on-23-27-march-2020-at-ipc,-ghaziabad-has-been-postponed-due-to-the-novel-corona-virus-covid-19-outbreak-till-further-notice.html	html	en	T2-article-detail	Postponement of 15th Skill Development Programme on Pharmacovigilance for Medical Products scheduled on 23-27 March 2020 at IPC, Ghaziabad has been postponed due to the Novel Coronavirus (COVID-19) outbreak till further notice. - Indian Pharmacopoeia Commission	57043
/news-highlights/747-postponement-of-workshop-cum-training-programme-on-pharmacovigilance-for-nabh-accredited-hospitals-of-chennai-region-scheduled-on-8th-april-2020,-at-department-of-pharmacology,-govt-stanley-medical-college,-chennai-has-been-postponed-due-to-the-novel-corona-virus-covid-19-outbreak-till-further-notice.html	html	en	T2-article-detail	Postponement of Workshop-cum-Training Programme on Pharmacovigilance for NABH Accredited Hospitals of Chennai region scheduled on 8th April 2020, at Department of Pharmacology, Govt. Stanley Medical College, Chennai - Indian Pharmacopoeia Commission	57262
/news-highlights/748-advisiory-for-reporting-adrs-due-to-hydroxychloroquine-in-covid-19.html	html	en	T2-article-detail	Advisory for Reporting ADRs due to Hydroxychloroquine in COVID-19 - Indian Pharmacopoeia Commission	56007
/news-highlights/749-corrigendum-for-ammendment-list-004-to-ip-2018.html	html	en	T2-article-detail	Corrigendum for amendment list-001 to IP 2022 - Indian Pharmacopoeia Commission	56173
/news-highlights/750-covid-19-updates.html	html	en	T2-article-detail	COVID-19 Updates - Indian Pharmacopoeia Commission	59713
/news-highlights/751-notice-to-all-the-stakeholders-of-ipc-regarding-novel-coronavirus-disease-covid-19.html	html	en	T2-article-detail	Notice to all the Stakeholders of IPC due to Novel Coronavirus Disease (COVID-19) - Indian Pharmacopoeia Commission	56083
/news-highlights/752-adr-reporting-form-for-drugs-used-in-covid-19.html	html	en	T2-article-detail	Suspected ADR Reporting Form for Drugs used in Covid-19 - Indian Pharmacopoeia Commission	55907
/news-highlights/753-mha-order-dt-15-04-2020,-with-revised-consolidated-guidelines.html	html	en	T2-article-detail	MHA Order dt 15.04.2020, with Revised Consolidated Guidelines - Indian Pharmacopoeia Commission	55972
/news-highlights/754-ipc-office-memorandum-dated-17-04-2020.html	html	en	T2-article-detail	IPC Office-Memorandum dated 17.04.2020 - Indian Pharmacopoeia Commission	55789
/news-highlights/755-ipc-notice-regarding-hydroxychloroquine-sulphate-iprs.html	html	en	T2-article-detail	Notice Regarding Hydroxychloroquine Sulphate IPRS - Indian Pharmacopoeia Commission	55880
/news-highlights/756-stakeholder%E2%80%99s-comments-suggestions-are-invited-to-the-draft-of-monograph-for-1-patha,-2-seena-powder-microscopy.html	html	en	T2-article-detail	Herbs and Herbal Products Monographs - Indian Pharmacopoeia Commission	56080
/news-highlights/756-stakeholder%EF%BF%BD%EF%BF%BD%EF%BF%BDs-comments-suggestions-are-invited-to-the-draft-of-monograph-for-1-patha,-2-seena-powder-microscopy.html	html	en	T2-article-detail	Herbs and Herbal Products Monographs - Indian Pharmacopoeia Commission	56098
/news-highlights/756-stakeholder’s-comments-suggestions-are-invited-to-the-draft-of-monograph-for-1-patha,-2-seena-powder-microscopy.html	html	en	T2-article-detail	Herbs and Herbal Products Monographs - Indian Pharmacopoeia Commission	56080
/news-highlights/757-ipc-office-memorandum-no-ipc-1064-2020-21-for-effective-use-of-%E2%80%98aarogyasetu%E2%80%99-app-for-breaking-the-chain-of-transmission-of-covid-19.html	html	en	T2-article-detail	IPC Office Memorandum No. IPC/1064/2020-21 for effective use of ‘Aarogyasetu’ app for breaking the chain of transmission of COVID-19. - Indian Pharmacopoeia Commission	56724
/news-highlights/757-ipc-office-memorandum-no-ipc-1064-2020-21-for-effective-use-of-%EF%BF%BD%EF%BF%BD%EF%BF%BDaarogyasetu%EF%BF%BD%EF%BF%BD%EF%BF%BD-app-for-breaking-the-chain-of-transmission-of-covid-19.html	html	en	T2-article-detail	IPC Office Memorandum No. IPC/1064/2020-21 for effective use of ‘Aarogyasetu’ app for breaking the chain of transmission of COVID-19. - Indian Pharmacopoeia Commission	56760
/news-highlights/757-ipc-office-memorandum-no-ipc-1064-2020-21-for-effective-use-of-‘aarogyasetu’-app-for-breaking-the-chain-of-transmission-of-covid-19.html	html	en	T2-article-detail	IPC Office Memorandum No. IPC/1064/2020-21 for effective use of ‘Aarogyasetu’ app for breaking the chain of transmission of COVID-19. - Indian Pharmacopoeia Commission	56724
/news-highlights/758-mha-order-dt-01-05-2020,-with-new-guidelines.html	html	en	T2-article-detail	MHA Order dt 01.05.2020, with New Guidelines - Indian Pharmacopoeia Commission	55817
/news-highlights/759-ipc-office-order-dated-04-05-2020-for-regular-contractual-outsourced-staff.html	html	en	T2-article-detail	IPC Office Order dated 04.05.2020 for Regular/Contractual/Outsourced Staff of IPC - Indian Pharmacopoeia Commission	56071
/news-highlights/760-ipc-office-order-dated-18-05-2020.html	html	en	T2-article-detail	IPC Office Order dated 18.05.2020 - Indian Pharmacopoeia Commission	55746
/news-highlights/762-suspected-adverse-drug-reaction-reporting-form-for-drugs-used-in-prophylaxis-treatment-of-covid-19.html	html	en	T2-article-detail	Suspected Adverse Drug Reaction Reporting Form(For Drugs Used In Prophylaxis/Treatment Of Covid-19) - Indian Pharmacopoeia Commission	56277
/news-highlights/763-revised-advisory-on-the-use-of-hydroxychloroquine-hcq-as-prophylaxis-for-covid-19-infection-in-supersession-of-previous-advisory-dated-23rd-march,-2020.html	html	en	T2-article-detail	Revised advisory on the use of Hydroxychloroquine (HCQ) as prophylaxis for COVID-19 infection (in supersession of previous advisory dated 23rd March, 2020) - Indian Pharmacopoeia Commission	57196
/news-highlights/764-amendment-list-005-to-ip-2018.html	html	en	T2-article-detail	Amendment List 005 to IP 2018 - Indian Pharmacopoeia Commission	56113
/news-highlights/765-sop-on-preventive-measures-to-contain-spread-of-covid-19-in-offices.html	html	en	T2-article-detail	SOP on Preventive measures to contain spread of COVID-19 in offices - Indian Pharmacopoeia Commission	56039
/news-highlights/766-preventive-measures-to-be-taken-by-ministry-of-health-and-family-welfare,-government-of-india-for-containment-of-covid-19-dated-03-06-2020.html	html	en	T2-article-detail	Preventive measures to be taken by Ministry of Health and Family Welfare, Government of India for containment of COVID-19 dated 03-06-2020 - Indian Pharmacopoeia Commission	56592
/news-highlights/767-ipc-office-memorandum-dated-09-06-2020.html	html	en	T2-article-detail	IPC Office Memorandum dated 09-06-2020 - Indian Pharmacopoeia Commission	55768
/news-highlights/768-notice-regarding-extension-of-6-months-for-publication-of-indian-pharmacopoeia-addendum-2021-to-ip-2018.html	html	en	T2-article-detail	Notice regarding extension of 6 months for publication of Indian Pharmacopoeia Addendum 2021 to IP 2018 - Indian Pharmacopoeia Commission	56211
/news-highlights/770-result-of-written-examination-held-on-17-12-2017-for-the-post-of-scientific-assistant-at-indian-pharmacopoeia-commission.html	html	en	T2-article-detail	Result of written examination held on 17-12-2017 for the post of Scientific Assistant at Indian Pharmacopoeia Commission - Indian Pharmacopoeia Commission	56591
/news-highlights/771-corrigendum-for-result-of-written-examination-held-on-17-12-2017-for-the-post-of-scientific-assistant-at-indian-pharmacopoeia-commission.html	html	en	T2-article-detail	Corrigendum for Result of written examination held on 17-12-2017 for the post of Scientific Assistant at Indian Pharmacopoeia Commission - Indian Pharmacopoeia Commission	56558
/news-highlights/773-revised-draft-amendments-in-general-chapters-of-ip-2018-microbiology-for-stakeholders-comments-dated-15-07-2020.html	html	en	T2-article-detail	Revised Draft Amendments in General Chapters of IP-2018 (Microbiology) for Stakeholders Comments dated 15-07-2020. Last date for receiving comments at IPC 31st August 2020 - Indian Pharmacopoeia Commission	56646
/news-highlights/774-reference-manual-for-medical-devices-2020.html	html	en	T2-article-detail	Reference Manual for Medical Devices 2020 - Indian Pharmacopoeia Commission	55809
/news-highlights/775-amendment-list-06-to-ip-2018.html	html	en	T2-article-detail	Amendment List-06 to IP-2018 - Indian Pharmacopoeia Commission	55708
/news-highlights/776-new-draft-monographs-chemical-for-comments.html	html	en	T2-article-detail	New Draft Monographs (Chemical) for Comments - Indian Pharmacopoeia Commission	56223
/news-highlights/777-amendment-list-07-to-ip-2018.html	html	en	T2-article-detail	Amendment List-07 to IP-2018 - Indian Pharmacopoeia Commission	55696
/news-highlights/778-advertisement-for-contractual-manpower-through-manpower-resource-outsourcing-services-providing-agency.html	html	en	T2-article-detail	Advertisement for Contractual Manpower through Manpower Resource Outsourcing Services Providing Agency - Indian Pharmacopoeia Commission	56239
/news-highlights/779-stakeholders-national-consultation-meeting-for-revision-of-nlem-2015-will-be-held-on-17-08-2020-through-video-conferencing.html	html	en	T2-article-detail	Stakeholders National Consultation meeting (for revision of NLEM 2015) will be held on 17/ 08/2020 through Video Conferencing - Indian Pharmacopoeia Commission	60004
/news-highlights/780-tenders-document-for-supply-of-chemicals,-reagents,-plasticwares-glasswares-etc.html	html	en	T2-article-detail	Tenders Document for supply of Chemicals, Reagents, Plasticwares &amp; Glasswares etc. - Indian Pharmacopoeia Commission	56096
/news-highlights/781-general-notices-on-phytopharmaceutical-drugs-for-stakeholders-suggestions-comments.html	html	en	T2-article-detail	General Notices on Phytopharmaceutical Drugs for stakeholders Suggestions/Comments - Indian Pharmacopoeia Commission	56104
/news-highlights/782-new-draft-monographs-chemical-and-proposed-amendments-for-comments.html	html	en	T2-article-detail	New draft monographs (Chemical) and Proposed amendments for Comments. - Indian Pharmacopoeia Commission	61799
/news-highlights/784-ipc-interactive-session-on-pharmacopoeial-standards-regulatory-and-quality-considerations.html	html	en	T2-article-detail	IPC Interactive Session on Pharmacopoeial Standards: Regulatory and Quality Considerations - Indian Pharmacopoeia Commission	56053
/news-highlights/785-registration-for-fit-india-freedom-run-under-ministry-of-youth-affairs-and-sports.html	html	en	T2-article-detail	Registration for Fit India Freedom Run under Ministry of Youth Affairs and Sports - Indian Pharmacopoeia Commission	56119
/news-highlights/786-hindi-pakhwada.html	html	en	T2-article-detail	भारतीय भेषज संहिता आयोग द्वारा हिन्दी सप्ताह का आयोजन दिनांक १४ सितंबर, २०२० से २० सितंबर, २०२० के दौरान किया जा रहा है। - Indian Pharmacopoeia Commission	57687
/news-highlights/787-4th-regional-workshop-via-webinar-on-pharmacovigilance-and-establishment-of-pharmacovigilance-system-in-pharmaceutical-industries-a-way-forward-on-9th-october-2020.html	html	en	T2-article-detail	14th regional workshop via webinar on &quot;Pharmacovigilance and Establishment of Pharmacovigilance System in Pharmaceutical Industries- A Way Forward&quot; on 9th October 2020 - Indian Pharmacopoeia Commission	57888
/news-highlights/788-tender-for-procurement-of-%E2%80%9Ckarl-fischer-titrator%E2%80%9D-at-ipc,-ghaziabad.html	html	en	T2-article-detail	Advertisement for &quot;KARL FISCHER TITRATOR TENDER&quot; at IPC, Ghaziabad - Indian Pharmacopoeia Commission	56611
/news-highlights/788-tender-for-procurement-of-%EF%BF%BD%EF%BF%BD%EF%BF%BDkarl-fischer-titrator%EF%BF%BD%EF%BF%BD%EF%BF%BD-at-ipc,-ghaziabad.html	html	en	T2-article-detail	Advertisement for &quot;KARL FISCHER TITRATOR TENDER&quot; at IPC, Ghaziabad - Indian Pharmacopoeia Commission	56647
/news-highlights/788-tender-for-procurement-of-“karl-fischer-titrator”-at-ipc,-ghaziabad.html	html	en	T2-article-detail	Advertisement for &quot;KARL FISCHER TITRATOR TENDER&quot; at IPC, Ghaziabad - Indian Pharmacopoeia Commission	56611
/news-highlights/791-tender-document-for-karl-fischer-titrator-at-ipc,-ghaziabad.html	html	en	T2-article-detail	Tender Document for procurement of &quot;KARL FISCHER TITRATOR&quot; at IPC, Ghaziabad - Indian Pharmacopoeia Commission	56052
/news-highlights/792-vacancy-circular-for-various-posts-at-ipc-purely-on-contractual-basis-through-manpower	html	en	T2-article-detail	Vacancy Circular for Various Posts at IPC Purely on Contractual basis through Manpower Resource Outsourcing Services Providing Agency. - Indian Pharmacopoeia Commission	62945
/news-highlights/792-vacancy-circular-for-various-posts-at-ipc-purely-on-contractual-basis-through-manpower-resource-outsourcing-services-providing-agency.html	html	en	T2-article-detail	Vacancy Circular for Various Posts at IPC Purely on Contractual basis through Manpower Resource Outsourcing Services Providing Agency. - Indian Pharmacopoeia Commission	62997
/news-highlights/792-vacancy-circular-for-various-posts-at-ipc-purely-on-contractual-basis-through-manpower-resource-outsourcing-services-providing-agency.html%0A	html	en	T2-article-detail	Vacancy Circular for Various Posts at IPC Purely on Contractual basis through Manpower Resource Outsourcing Services Providing Agency. - Indian Pharmacopoeia Commission	63000
/news-highlights/793-industry-stakeholders-virtual-consultation-on-%E2%80%9Cregulations-and-standards-for-phytopharmaceuticals%E2%80%9D.html	html	en	T2-article-detail	Industry Stakeholders Virtual Consultation on “Regulations and Standards for Phytopharmaceuticals” - Indian Pharmacopoeia Commission	56352
/news-highlights/793-industry-stakeholders-virtual-consultation-on-%EF%BF%BD%EF%BF%BD%EF%BF%BDregulations-and-standards-for-phytopharmaceuticals%EF%BF%BD%EF%BF%BD%EF%BF%BD.html	html	en	T2-article-detail	Industry Stakeholders Virtual Consultation on “Regulations and Standards for Phytopharmaceuticals” - Indian Pharmacopoeia Commission	56388
/news-highlights/793-industry-stakeholders-virtual-consultation-on-“regulations-and-standards-for-phytopharmaceuticals”.html	html	en	T2-article-detail	Industry Stakeholders Virtual Consultation on “Regulations and Standards for Phytopharmaceuticals” - Indian Pharmacopoeia Commission	56352
/news-highlights/794-corrigendum-1-to-the-tender-document-for-procurement-of-%E2%80%9Ckarl-fischer-titrator%E2%80%9D-against-tender-no-ipc-5519-2020-21,-dated-18-08-2020.html	html	en	T2-article-detail	Corrigendum-1 to the Tender Document for Procurement of “KARL FISCHER TITRATOR” against Tender No. IPC/5519/2020-21, dated 18.08.2020 - Indian Pharmacopoeia Commission	56500
/news-highlights/794-corrigendum-1-to-the-tender-document-for-procurement-of-%EF%BF%BD%EF%BF%BD%EF%BF%BDkarl-fischer-titrator%EF%BF%BD%EF%BF%BD%EF%BF%BD-against-tender-no-ipc-5519-2020-21,-dated-18-08-2020.html	html	en	T2-article-detail	Corrigendum-1 to the Tender Document for Procurement of “KARL FISCHER TITRATOR” against Tender No. IPC/5519/2020-21, dated 18.08.2020 - Indian Pharmacopoeia Commission	56536
/news-highlights/794-corrigendum-1-to-the-tender-document-for-procurement-of-“karl-fischer-titrator”-against-tender-no-ipc-5519-2020-21,-dated-18-08-2020.html	html	en	T2-article-detail	Corrigendum-1 to the Tender Document for Procurement of “KARL FISCHER TITRATOR” against Tender No. IPC/5519/2020-21, dated 18.08.2020 - Indian Pharmacopoeia Commission	56500
/news-highlights/796-link-for-technical-bid-opening-via-web-conferencing-facility-against-tender-no-ipc-5519-2020-21.html	html	en	T2-article-detail	Link for Technical Bid Opening via Web Conferencing Facility against Tender No. IPC/5519/2020-21 - Indian Pharmacopoeia Commission	60643
/news-highlights/797-newsletter-vol-9-10,-issue-29-30,-2019-2020.html	html	en	T2-article-detail	Newsletter Vol 9-10, Issue 29-30, 2019-2020 - Indian Pharmacopoeia Commission	58339
/news-highlights/798-skill-development-programme-on-pharmacovigilance-for-medical-products-pvm-through-5-day-webinar-9th-november-%E2%80%93-13th-november-2020.html	html	en	T2-article-detail	Skill Development Programme on Pharmacovigilance for Medical Products (PvM) through 5 Day Webinar (9th November – 13th November 2020) - Indian Pharmacopoeia Commission	57722
/news-highlights/798-skill-development-programme-on-pharmacovigilance-for-medical-products-pvm-through-5-day-webinar-9th-november-%EF%BF%BD%EF%BF%BD%EF%BF%BD-13th-november-2020.html	html	en	T2-article-detail	Skill Development Programme on Pharmacovigilance for Medical Products (PvM) through 5 Day Webinar (9th November – 13th November 2020) - Indian Pharmacopoeia Commission	57740
/news-highlights/798-skill-development-programme-on-pharmacovigilance-for-medical-products-pvm-through-5-day-webinar-9th-november-–-13th-november-2020.html	html	en	T2-article-detail	Skill Development Programme on Pharmacovigilance for Medical Products (PvM) through 5 Day Webinar (9th November – 13th November 2020) - Indian Pharmacopoeia Commission	57722
/news-highlights/799-vacancy-circular-for-various-posts-at-ipc-purely-on-contractual-basis-through-manpower-resource-outsourcing-services-providing-agency-28-10-20.html	html	en	T2-article-detail	Vacancy Circular for Various Posts at IPC Purely on Contractual basis through Manpower Resource Outsourcing Services Providing Agency. - Indian Pharmacopoeia Commission	59594
/news-highlights/8-category-en/1024-veterinary-monograph%20.html	html	en	T2-article-detail	Veterinary Monograph, General Requirements, General Chapters - Indian Pharmacopoeia Commission	58106
/news-highlights/8-category-en/1099-3-press-release.html	html	en	T2-article-detail	Press Release / News - Indian Pharmacopoeia Commission	58390
/news-highlights/8-category-en/1168-recognition-and-acceptance-of-indian-pharmacopoeia-in-foreign-countries.html	html	en	T2-article-detail	Recognition and acceptance of Indian pharmacopoeia in Foreign Countries. - Indian Pharmacopoeia Commission	56712
/news-highlights/8-category-en/1192-implementation-of-pdg-harmonized-texts-into-japanese-pharmacopoeia-general-chapters-monographs.html	html	en	T2-article-detail	General Chapters - Indian Pharmacopoeia Commission	59281
/news-highlights/8-category-en/1193-implementation-of-pdg-harmonized-texts-into-japanese-pharmacopoeia-monographs.html	html	en	T2-article-detail	Monographs - Indian Pharmacopoeia Commission	58817
/news-highlights/8-category-en/1202-monographs-for-ip-2026.html	html	en	T2-article-detail	Chemical Monographs - Indian Pharmacopoeia Commission	65655
/news-highlights/8-category-en/1268-meeting-highlights.html	html	en	T2-article-detail	Meeting Highlights - Indian Pharmacopoeia Commission	56124
/news-highlights/8-category-en/493-ipc-extended-analytical-services-to-academia,-industry-and-stakeholders-annexure-1.html	html	en	T2-article-detail	IPC extended Analytical Services to Academia, Industry and Stakeholders - Annexure-1 - Indian Pharmacopoeia Commission	59557
/news-highlights/8-category-en/744-amendments-chemical-monographs-revised-general-chapters.html	html	en	T2-article-detail	Chemical Monographs/General Chapters - Indian Pharmacopoeia Commission	58101
/news-highlights/8-category-en/745-revised-general-monograph.html	html	en	T2-article-detail	Revised General Monograph - Indian Pharmacopoeia Commission	56171
/news-highlights/8-category-en/752-adr-reporting-form-for-drugs-used-in-covid-19.html	html	en	T2-article-detail	Suspected ADR Reporting Form for Drugs used in Covid-19 - Indian Pharmacopoeia Commission	55921
/news-highlights/8-category-en/755-ipc-notice-regarding-hydroxychloroquine-sulphate-iprs.html	html	en	T2-article-detail	Notice Regarding Hydroxychloroquine Sulphate IPRS - Indian Pharmacopoeia Commission	55894
/news-highlights/8-category-en/763-revised-advisory-on-the-use-of-hydroxychloroquine-hcq-as-prophylaxis-for-covid-19-infection-in-supersession-of-previous-advisory-dated-23rd-march,-2020.html	html	en	T2-article-detail	Revised advisory on the use of Hydroxychloroquine (HCQ) as prophylaxis for COVID-19 infection (in supersession of previous advisory dated 23rd March, 2020) - Indian Pharmacopoeia Commission	57210
/news-highlights/8-category-en/837-biological-monographs-general-chapters.html	html	en	T2-article-detail	Biological Monographs/General Chapters - Indian Pharmacopoeia Commission	56749
/news-highlights/800-draft-amendment-heparin-sodium-ip-2018-for-public-review-and-comments-stakeholder-s-may-provide-comments-within-45-days-of-upload-of-the-amendments-to-lab-ipc-gov-in.html	html	en	T2-article-detail	Draft Amendment Heparin Sodium IP 2018 for Public Review and Comments. Stakeholder's may provide comments within 45 days of upload of the amendments to lab.ipc@gov.in - Indian Pharmacopoeia Commission	56617
/news-highlights/801-interactive-webinar-on%20microbiological-quality-control-of-pharmaceutical-products-on%20november-5,-2020.html	html	en	T2-article-detail	Interactive Webinar on Microbiological Quality Control of Pharmaceutical Products on November 5, 2020 from 3:30 PM to 5:30 PM - Indian Pharmacopoeia Commission	56497
/news-highlights/802-ncc-mvpi,-ipc-is-organizing-a-webinar-on-participation-of-medical-device-manufacturers-in-materiovigilance-programme-of-india-mvpi-via-digital-virtual-platform-on-december-4,-2020.html	html	en	T2-article-detail	NCC-MvPI, IPC is organizing a webinar on &quot;Participation of Medical Device Manufacturers in Materiovigilance Programme of India (MvPI)&quot; via digital/virtual platform on December 4, 2020. - Indian Pharmacopoeia Commission	57195
/news-highlights/803-rashtriya-ekta-diwas-2020-pledge-taking-ceremony-on-31st-october,-2020.html	html	en	T2-article-detail	Rashtriya Ekta Diwas-2020 Pledge Taking Ceremony on 31st October, 2020 - Indian Pharmacopoeia Commission	56362
/news-highlights/804-ibd-vaccine-draft-ammendment-for-stakeholders-comments-stakeholder-s-may-provide-comments-within-45-days-of-upload-of-the-amendments-to-lab-ipc-gov-in.html	html	en	T2-article-detail	IBD Vaccine Draft Ammendment for stakeholders comments. Stakeholder's may provide comments within 45 days of upload of the amendments to lab.ipc@gov.in - Indian Pharmacopoeia Commission	56505
/news-highlights/805-indian-pharmacopoeia-commission-is-celebrating-constitution-day-reading-the-preamble.html	html	en	T2-article-detail	Indian Pharmacopoeia Commission is celebrating Constitution Day (Reading the Preamble) - Indian Pharmacopoeia Commission	66001
/news-highlights/806-pledge-takinng-ceremony-for-celebration-of-constitution-day,-2020-on-26-11-2020-in-indian-pharmacopoeia-commission,-ghaziabad.html	html	en	T2-article-detail	Pledge Taking Ceremony for Celebration of Constitution Day, 2020 on 26.11.2020 in Indian Pharmacopoeia Commission, Ghaziabad. - Indian Pharmacopoeia Commission	57009
/news-highlights/807-indian-pharmacopoeia-commission,-notice-on-amendment-list-07-to-ip-2018.html	html	en	T2-article-detail	Indian Pharmacopoeia Commission, Notice on Amendment List-07 to IP 2018 - Indian Pharmacopoeia Commission	55978
/news-highlights/808-ipc-is-organizing-an-interactive-webinar-on-stability-testing-of-drugs-and-role-of-excipients-via-digital-virtual-platform-on-december-10,-2020.html	html	en	T2-article-detail	IPC is organizing an &quot;Interactive Webinar on Stability Testing of Drugs and Role of Excipients &quot; via digital/virtual platform on December 10, 2020. - Indian Pharmacopoeia Commission	56776
/news-highlights/811-interactive-webinar-on-application-of-silica-in-pharmaceuticals-analysis-drug-delivery-vaccine-purification-on-thursday,-7th-january,-2021,-from-3-30-pm-to-5-30-pm.html	html	en	T2-article-detail	Interactive Webinar on Application of Silica in Pharmaceuticals (Analysis/Drug Delivery/Vaccine Purification) on Thursday, 7th January, 2021, from 3:30 PM to 5:30 PM - Indian Pharmacopoeia Commission	56675
/news-highlights/813-ipc-pvpi-is-organizing-a-training-programme-on-pharmacovigilance-of-covid-19-vaccines-cum-ctp-meeting-for-adr-monitoring-centers-under-pvpi-on-thursday,-7th-january,-2021,-from-2-00-pm-to-4-00-pm.html	html	en	T2-article-detail	IPC-PvPI is organizing a &quot;Training Programme on Pharmacovigilance of COVID-19 Vaccines-cum-CTP Meeting&quot; for ADR Monitoring Centers under PvPI on Thursday, 7th January, 2021, from 2:00 PM to 4:00 PM. - Indian Pharmacopoeia Commission	56928
/news-highlights/814-inclusion-of-new-general-chapters-related-to-biotechnology-derived-therapeutic-products%E2%80%99-monographs-in-ip-2018.html	html	en	T2-article-detail	Inclusion of New general chapters related to Biotechnology Derived Therapeutic Products’ Monographs in IP 2018 - Indian Pharmacopoeia Commission	59413
/news-highlights/814-inclusion-of-new-general-chapters-related-to-biotechnology-derived-therapeutic-products%EF%BF%BD%EF%BF%BD%EF%BF%BD-monographs-in-ip-2018.html	html	en	T2-article-detail	Inclusion of New general chapters related to Biotechnology Derived Therapeutic Products’ Monographs in IP 2018 - Indian Pharmacopoeia Commission	59431
/news-highlights/814-inclusion-of-new-general-chapters-related-to-biotechnology-derived-therapeutic-products’-monographs-in-ip-2018.html	html	en	T2-article-detail	Inclusion of New general chapters related to Biotechnology Derived Therapeutic Products’ Monographs in IP 2018 - Indian Pharmacopoeia Commission	59413
/news-highlights/815-amendments-in-monographs-of-vaccines-and-immunosera-for-human-use,-blood-and-blood-related-products-and-biotechnology-derived-therapeutic-products-in-ip-2018.html	html	en	T2-article-detail	Amendments in monographs of Vaccines and Immunosera for Human Use, Blood and blood related products and Biotechnology Derived Therapeutic Products in IP 2018 - Indian Pharmacopoeia Commission	58846
/news-highlights/816-the-draft-for-general-notices-on-phytopharmaceutcal-drugs-is-being-published-by-the-indian-pharmacopoeia-commission-the-stakeholders-are-invited-to-provide-their-comments-if-any-,-to-lab-ipc-gov-in,-on-or-before-28-february-2021.html	html	en	T2-article-detail	The draft for &quot;General Notices on Phytopharmaceutcal Drugs&quot; is being published by the Indian Pharmacopoeia Commission; the stakeholders are invited to provide their comments (if any), to lab.ipc@gov.in, on or before 28 February 2021. - Indian Pharmacopoeia Commission	57030
/news-highlights/817-corrigendum-expert-working-group-nutraceuticals.html	html	en	T2-article-detail	CORRIGENDUM: Constitution of Expert Working Group-Nutraceuticals - Indian Pharmacopoeia Commission	55951
/news-highlights/819-application-of-dna-barcoding-in-indian-pharmacopoeia-monographs-special-emphasis-on-herbal-and-phytopharmaceutical-drugs-to-be-held-on-25th-february-2021.html	html	en	T2-article-detail	Application of DNA Barcoding in Indian Pharmacopoeia Monographs: Special Emphasis on Herbal and Phytopharmaceutical Drugs to be held on 4th March 2021(The last date of registration has been extended up to 3rd March 2021) - Indian Pharmacopoeia Commission	56908
/news-highlights/820-skill-development-programme-sdp-2021-on-pharmacovigilance-for-medical-products-through-webinar.html	html	en	T2-article-detail	Skill Development Programme (SDP) - 2021 on Pharmacovigilance for Medical Products through Webinar - Indian Pharmacopoeia Commission	57028
/news-highlights/821-dr-rajiv-singh-raghuvanshi-joined-as-the-secretary-cum-scientific-director-of-ipc-on-16-02-2021.html	html	en	T2-article-detail	Dr. Rajeev Singh Raghuvanshi Joined as the Secretary-cum-Scientific Director of IPC on 16.02.2021 - Indian Pharmacopoeia Commission	56796
/news-highlights/822-guidance-document-for-drafting-and-formatting-of-monographs-for-indian-pharmacopoeia.html	html	en	T2-article-detail	Release of Guidance Document for Drafting and Formatting of Monographs for Indian Pharmacopoeia - Indian Pharmacopoeia Commission	58135
/news-highlights/823-mou-between-indian-pharmacopoeia-commission-and-british-pharmacopoeia.html	html	en	T2-article-detail	MoU between Indian Pharmacopoeia Commission and British Pharmacopoeia - Indian Pharmacopoeia Commission	56008
/news-highlights/824-amendment-list-08-to-ip-2018.html	html	en	T2-article-detail	Amendment List-08 to IP-2018 - Indian Pharmacopoeia Commission	57391
/news-highlights/825-clarification-on-alternative-methods-in-the-indian-pharmacopoeia.html	html	en	T2-article-detail	Clarification on Alternative Methods in the Indian Pharmacopoeia - Indian Pharmacopoeia Commission	55982
/news-highlights/826-dr-rajeev-singh-raghuvanshi,-secretary-cum-scientific-director-ipc-visited-the-cdsco-zonal-office,-hyderabad-on-1st-march-2021-and-interacted-with-ms-annam-visala,-ddc-i-and-other-officials-of-the-cdsco-dr-raghuvanshi-also-reviewed-the-ongoing-pharmacovigilance-activities-under-the-pvpi-in-hyderabad-region-by-interacting-with-the-pharmacovigilance-associates.html	html	en	T2-article-detail	Dr. Rajeev Singh Raghuvanshi, Secretary-cum-Scientific Director IPC visited the CDSCO Zonal Office, Hyderabad on 1st March 2021 - Indian Pharmacopoeia Commission	57928
/news-highlights/827-new-draft-monographs-for-comments.html	html	en	T2-article-detail	New Draft Monographs for Comments - Indian Pharmacopoeia Commission	64712
/news-highlights/828-dr-rajeev-singh-raghuvanshi-visited-the-cellular-and-molecular-biology,-hyderabad-on-1st-march-2021-and-interacted-with-the-scientists-at-atal-incubation-centre.html	html	en	T2-article-detail	Dr. Rajeev Singh Raghuvanshi visited the Cellular and Molecular Biology, Hyderabad on 1st March 2021 and interacted with the scientists at Atal Incubation Centre. - Indian Pharmacopoeia Commission	57923
/news-highlights/829-ipc-organised-46th-meeting-of-its-scientific-body-on-6th-march-2021-under-the-chairmanship-of-prof-n-k-ganguly.html	html	en	T2-article-detail	IPC organised 46th meeting of its Scientific Body on 6th March 2021 under the chairmanship of Prof. N. K. Ganguly. - Indian Pharmacopoeia Commission	56465
/news-highlights/830-international-women-s-day-was-celebrated-in-ipc-on-8th-march-2021-on-this-occasion-trees-were-planted-by-dr-rajeev-singh-raghuvanshi,-secretary-cum-scientific-director-and-ipc-staff-members.html	html	en	T2-article-detail	International Women's Day was celebrated in IPC on 8th March 2021. On this occasion trees were planted by Dr Rajeev Singh Raghuvanshi, Secretary-cum-Scientific Director and IPC staff members. - Indian Pharmacopoeia Commission	57081
/news-highlights/831-virtual-training-on-pharmacovigilance-for-nabh-accredited-hospitals-in-india-last-date-of-registration-of-participants-21th-march-2021.html	html	en	T2-article-detail	Virtual training on Pharmacovigilance for NABH Accredited Hospitals in India (Last date of registration of participants: 21st March 2021) - Indian Pharmacopoeia Commission	56543
/news-highlights/832-new-draft-monographs-for-comments-2.html	html	en	T2-article-detail	New Draft Monographs for Comments - Indian Pharmacopoeia Commission	69023
/news-highlights/833-omission-of-monographs-of-lorcaserin-hydrochloride-hemihydrate-and-lorcaserin-tablets-from-the-indian-pharmacopoeia.html	html	en	T2-article-detail	Omission of Monographs of 'Lorcaserin Hydrochloride Hemihydrate' and Lorcaserin Tablets' from the Indian Pharmacopoeia - Indian Pharmacopoeia Commission	56660
/news-highlights/839-veterinary-monograph-general-chapters.html	html	en	T2-article-detail	Veterinary Monograph/General Chapters - Indian Pharmacopoeia Commission	56950
/news-highlights/840-background-guide-lines-of-question-paper-for-written-examination-for-the-post-of-marketing-assistant.html	html	en	T2-article-detail	Background &amp; Guide-lines of Question paper for written examination for the Post of Marketing Assistant. - Indian Pharmacopoeia Commission	60778
/news-highlights/841-background-guide-lines-of-question-paper-for-written-examination-for-the-post-of-pharmacopoeia-proof-reader.html	html	en	T2-article-detail	Background &amp; Guide-lines of Question paper for written examination for the Post of Pharmacopoeia Proof Reader. - Indian Pharmacopoeia Commission	59666
/news-highlights/842-ncc-mvpi-is-organizing-an-international-webinar-on-ensuring-safety-of-medical-devices-focussed-on-ocular-devices-on-april-09,-2021-via-digital-virtual-platform.html	html	en	T2-article-detail	NCC-MvPI is organizing an international webinar on &quot;Ensuring safety of medical devices focussed on ocular devices&quot; on April 09, 2021 via digital/virtual platform - Indian Pharmacopoeia Commission	57662
/news-highlights/843-dr-rajeev-singh-raghuvanshi-participated-in-the-health-wellness-conclave-organised-by-social-talks-on-20th-march-2021-in-dehradun.html	html	en	T2-article-detail	Dr. Rajeev Singh Raghuvanshi participated in the Health &amp; Wellness Conclave organised by Social Talks on 20th March 2021 in Dehradun. - Indian Pharmacopoeia Commission	57559
/news-highlights/844-association-of-regulatory-affairs-professionals-arap-in-collaboration-with-indian-pharmaceutical-association-ipa-delhi-organised-2nd%20indian-regulatory-and-quality-summit-2021-on-23rd%20march-2021-in-new-delhi.html	html	en	T2-article-detail	Association of Regulatory Affairs professionals (ARAP) in collaboration with Indian Pharmaceutical Association (IPA) Delhi organised 2nd Indian Regulatory and Quality Summit 2021 on 23rd March 2021 in New Delhi. - Indian Pharmacopoeia Commission	60350
/news-highlights/845-virtual-training-on-pharmacovigilance-for-nabh-accredited-hospitals-in-india.html	html	en	T2-article-detail	Virtual Training on Pharmacovigilance for NABH Accredited Hospitals in India - Indian Pharmacopoeia Commission	56108
/news-highlights/846-release-of-the-addendum-2021-to-indian-pharmacopoeia-2018.html	html	en	T2-article-detail	Release of the Addendum 2021 to Indian Pharmacopoeia 2018 - Indian Pharmacopoeia Commission	57847
/news-highlights/847-tender-notice-for-disposal-of-old-obsolete-items.html	html	en	T2-article-detail	Tender for Disposal of Old &amp; Obsolete Items - Indian Pharmacopoeia Commission	55918
/news-highlights/852-approach-to-alternative-rapid-microbiological-methods-09-04-2021.html	html	en	T2-article-detail	Draft chapter on &quot;Approach to alternative rapid microbiological methods 09.04.2021&quot; for stakeholders comments - Indian Pharmacopoeia Commission	56262
/news-highlights/853-dr-rajeev-singh-raghuvanshi,-secretary-cum-scientific-director,-indian-pharmacopoeia-commission-ipc-visited-united-states-pharmacopoeia-usp-india-hyderabad-on-1st-april-2021.html	html	en	T2-article-detail	Dr. Rajeev Singh Raghuvanshi, Secretary-cum-Scientific Director, Indian Pharmacopoeia Commission (IPC) visited United States Pharmacopoeia (USP) India-Hyderabad on 1st April 2021. - Indian Pharmacopoeia Commission	58245
/news-highlights/854-ncc-mvpi-is-organizing-a-half-day-webinar-on-%E2%80%9Chow-to-develop-a-positive-culture-of-adverse-event-reporting-by-pharmaceutical-industries-marketing-authorization-holders%E2%80%9D-on-april-29,-2021.html	html	en	T2-article-detail	NCC-PvPI is organizing a Half Day Webinar on “How to develop a positive culture of Adverse Event Reporting by Pharmaceutical Industries/Marketing Authorization Holders?” on April 29, 2021 - Indian Pharmacopoeia Commission	57243
/news-highlights/854-ncc-mvpi-is-organizing-a-half-day-webinar-on-%EF%BF%BD%EF%BF%BD%EF%BF%BDhow-to-develop-a-positive-culture-of-adverse-event-reporting-by-pharmaceutical-industries-marketing-authorization-holders%EF%BF%BD%EF%BF%BD%EF%BF%BD-on-april-29,-2021.html	html	en	T2-article-detail	NCC-PvPI is organizing a Half Day Webinar on “How to develop a positive culture of Adverse Event Reporting by Pharmaceutical Industries/Marketing Authorization Holders?” on April 29, 2021 - Indian Pharmacopoeia Commission	57279
/news-highlights/854-ncc-mvpi-is-organizing-a-half-day-webinar-on-“how-to-develop-a-positive-culture-of-adverse-event-reporting-by-pharmaceutical-industries-marketing-authorization-holders”-on-april-29,-2021.html	html	en	T2-article-detail	NCC-PvPI is organizing a Half Day Webinar on “How to develop a positive culture of Adverse Event Reporting by Pharmaceutical Industries/Marketing Authorization Holders?” on April 29, 2021 - Indian Pharmacopoeia Commission	57243
/news-highlights/855-ipc-s-notice-on-approach-to-alternative-rapid-microbiological-methods.html	html	en	T2-article-detail	IPC's Notice on Approach to Alternative Rapid Microbiological Methods - Indian Pharmacopoeia Commission	57563
/news-highlights/856-webinar-on-%E2%80%9Cstandards,-testing-methods-and-conversions-between-industrial-and-medical-oxygen%E2%80%9D.html	html	en	T2-article-detail	IPC is organizing a Webinar on “Standards, Testing Methods and Conversions Between Industrial and Medical Oxygen” on April 30, 2021. - Indian Pharmacopoeia Commission	56301
/news-highlights/856-webinar-on-%EF%BF%BD%EF%BF%BD%EF%BF%BDstandards,-testing-methods-and-conversions-between-industrial-and-medical-oxygen%EF%BF%BD%EF%BF%BD%EF%BF%BD.html	html	en	T2-article-detail	IPC is organizing a Webinar on “Standards, Testing Methods and Conversions Between Industrial and Medical Oxygen” on April 30, 2021. - Indian Pharmacopoeia Commission	56337
/news-highlights/856-webinar-on-“standards,-testing-methods-and-conversions-between-industrial-and-medical-oxygen”.html	html	en	T2-article-detail	IPC is organizing a Webinar on “Standards, Testing Methods and Conversions Between Industrial and Medical Oxygen” on April 30, 2021. - Indian Pharmacopoeia Commission	56301
/news-highlights/857-webinar-on-%E2%80%9Chow-to-develop-a-positive-culture-of-adverse-event-reporting-by-pharmaceutical-industries-marketing-authorization-holders%E2%80%9Dorganized-on-29april,-2021.html	html	en	T2-article-detail	Webinar on “How to develop a positive culture of Adverse Event Reporting by Pharmaceutical Industries/Marketing Authorization Holders?”organized on 29 April, 2021 - Indian Pharmacopoeia Commission	60254
/news-highlights/857-webinar-on-%EF%BF%BD%EF%BF%BD%EF%BF%BDhow-to-develop-a-positive-culture-of-adverse-event-reporting-by-pharmaceutical-industries-marketing-authorization-holders%EF%BF%BD%EF%BF%BD%EF%BF%BDorganized-on-29april,-2021.html	html	en	T2-article-detail	Webinar on “How to develop a positive culture of Adverse Event Reporting by Pharmaceutical Industries/Marketing Authorization Holders?”organized on 29 April, 2021 - Indian Pharmacopoeia Commission	60290
/news-highlights/857-webinar-on-“how-to-develop-a-positive-culture-of-adverse-event-reporting-by-pharmaceutical-industries-marketing-authorization-holders”organized-on-29april,-2021.html	html	en	T2-article-detail	Webinar on “How to develop a positive culture of Adverse Event Reporting by Pharmaceutical Industries/Marketing Authorization Holders?”organized on 29 April, 2021 - Indian Pharmacopoeia Commission	60254
/news-highlights/858-ipc-s-webinar-on-standards-of-oxygen.html	html	en	T2-article-detail	Indian Pharmacopoeia Commission in collaboration with Gas Industries Association organized a webinar on the topic of Standards of Oxygen on 30th April 2021 - Indian Pharmacopoeia Commission	57202
/news-highlights/862-note-for-draft-chapter-on-approach-to-alternative-rapid-microbiological-methods-11-06-2021.html	html	en	T2-article-detail	Note for Draft Chapter on Approach to alternative rapid microbiological methods 11.06.2021 - Indian Pharmacopoeia Commission	56424
/news-highlights/867-ipc-webinar-on-approaches-to-alternative-microbiological-methods-on-1st-july-2021.html	html	en	T2-article-detail	IPC Webinar on Approaches to Alternative Microbiological Methods on 1st July 2021 - Indian Pharmacopoeia Commission	56164
/news-highlights/869-revised-draft-general-chapter-on-approach-to-alternative-microbiological-methods.html	html	en	T2-article-detail	Revised Draft General Chapter on Approach to Alternative Microbiological Methods 24.06.2021 - Indian Pharmacopoeia Commission	56188
/news-highlights/870-47th-meeting-of-the-scientific-body-of-ipc-was-organized-on-3rd-july-2021-under-the-chairmanship-of-prof-nk-ganguly.html	html	en	T2-article-detail	47th meeting of the Scientific Body of IPC was organized on 3rd July 2021 under the chairmanship of Prof NK Ganguly. - Indian Pharmacopoeia Commission	57182
/news-highlights/871-17th-skill-development-programme-on-pharmacovigilance-for-medical-products.html	html	en	T2-article-detail	17th Skill Development Programme on Pharmacovigilance for Medical Products - Indian Pharmacopoeia Commission	58410
/news-highlights/873-link-for-technical-bid-opening-via-web-conferencing-facility-against-tender-no-%20ipc-store-c-5317-2021-22-for%20supply-of-more-frequently-use-chemicals-reagents.html	html	en	T2-article-detail	Link for Technical Bid Opening via Web Conferencing Facility against Tender No. IPC/STORE-C/5317/2021-22 for Supply of More Frequently Use Chemicals/Reagents - Indian Pharmacopoeia Commission	62411
/news-highlights/875-visit-of-dr-g-n-singh,-adviser-to-the-honorable-chief-minister-of-uttar-pradesh.html	html	en	T2-article-detail	Visit of Dr. G. N. Singh, Adviser to the Honorable Chief Minister of Uttar Pradesh - Indian Pharmacopoeia Commission	57764
/news-highlights/876-microbiological-examination-of-burkholderia-cepacia-complex-in-non-sterile-products16-07-2021.html	html	en	T2-article-detail	Microbiological Examination of Burkholderia cepacia Complex in Non-Sterile Products16.07.2021 - Indian Pharmacopoeia Commission	56247
/news-highlights/878-pre-bid-details-for-manpower-outsourcing-services-scientific-non-scientific-post.html	html	en	T2-article-detail	Tender for engaging Manpower Outsourcing Services for &quot;Scientific &amp; Non-Scientific Post&quot; thru GeM Bidding at IPC, Ghaziabad - Indian Pharmacopoeia Commission	56883
/news-highlights/879-letter-for-extension-in-the-implementation-date-of-ip-addendum-2021.html	html	en	T2-article-detail	Letter for Extension in the Implementation Date of IP Addendum 2021 - Indian Pharmacopoeia Commission	56028
/news-highlights/880-corrigendum-for-tender-nos-ipc-2004-21-22.html	html	en	T2-article-detail	Corrigendum for Tender Nos. IPC/2004/21-22 - Indian Pharmacopoeia Commission	56566
/news-highlights/881-tender-cancellation-notice-n-i-t-enquiry-no-ipc-store-c-5317-2021-22.html	html	en	T2-article-detail	Tender Cancellation Notice (N.I.T Enquiry No. IPC/Store-C/5317/2021-22) - Indian Pharmacopoeia Commission	55974
/news-highlights/882-tender-for-supply-of-automated-hplc-system-for-separation-of-complex-mixtures,-security-manpower-service-and-horticulture-service-maintenance-based-model-service-inclusive-of-consumables.html	html	en	T2-article-detail	Tender for Supply of Automated HPLC System For Separation Of Complex Mixtures, Security Manpower Service and Horticulture Service - Maintenance Based Model - Service Inclusive Of Consumables. - Indian Pharmacopoeia Commission	57145
/news-highlights/883-18th-skill-development-programme-on-pharmacovigilance-of-medical-products-through-webinar-from-13-17th-september-2021.html	html	en	T2-article-detail	18th Skill Development Programme on Pharmacovigilance of Medical Products through Webinar from 13-17th September 2021 - Indian Pharmacopoeia Commission	58108
/news-highlights/884-cancellation-of-recruitment-of-laboratory-attendant-direct-recruitment.html	html	en	T2-article-detail	Cancellation of recruitment of Laboratory Attendant (Direct Recruitment) - Indian Pharmacopoeia Commission	56111
/news-highlights/885-induction-cum-training-programme-on-pharmacovigilance-for-coordinator-deputy-coordinator-of-newly-recognized-amcs-and-newly-recruited-pharmacovigilance-associates-at-amcs-through-webinar-is-scheduled-on-26-27th-august-2021.html	html	en	T2-article-detail	Induction-cum-training Programme on Pharmacovigilance for Coordinator/Deputy Coordinator of newly recognized AMCs and newly recruited Pharmacovigilance associates at AMCs through Webinar is scheduled on 26-27th August 2021 - Indian Pharmacopoeia Commission	56882
/news-highlights/886-celebration-of-azadi-ka-amrit-mahotsav,-75th-independence-day-at-indian-pharmacopoeia-commission-ghaziabad.html	html	en	T2-article-detail	Celebration of Azadi ka Amrit Mahotsav, 75th Independence Day of India on 15th August, 2021 at Indian Pharmacopoeia Commission-Ghaziabad - Indian Pharmacopoeia Commission	58688
/news-highlights/887-ncc-pvpi-invites-all-stakeholders-to-celebrate-the-national-pharmacovigilance-week-from-september-17-23,-2021.htm	html	en	T2-article-detail	NCC-PVPI invites all stakeholders to celebrate the National Pharmacovigilance Week from September 17-23, 2021(Last date for acceptance of e-Posters,Video/Animation &amp; Essay Competition entries is September 18,2021) - Indian Pharmacopoeia Commission	58565
/news-highlights/887-ncc-pvpi-invites-all-stakeholders-to-celebrate-the-national-pharmacovigilance-week-from-september-17-23,-2021.html	html	en	T2-article-detail	NCC-PVPI invites all stakeholders to celebrate the National Pharmacovigilance Week from September 17-23, 2021(Last date for acceptance of e-Posters,Video/Animation &amp; Essay Competition entries is September 18,2021) - Indian Pharmacopoeia Commission	58566
/news-highlights/888-information-regarding-written-examination-for-the-appointment-to-the-post-of-marketing-assistant.html	html	en	T2-article-detail	Information regarding Written Examination for the appointment to the post of Marketing Assistant - Indian Pharmacopoeia Commission	56714
/news-highlights/889-draft-amendments-in-general-chapters-and-monographs-of-ip-2018-and-its-addendum-for-stakeholders-comments-dated-25-08-2021.html	html	en	T2-article-detail	Draft Amendments in General Chapters and monographs of IP-2018 and its Addendum for Stakeholders Comments dated 25-08-2021 - Indian Pharmacopoeia Commission	56490
/news-highlights/890-a-walk-in-interview-is-going-to-be-held-at-indian-pharmacopoeia-commission-ipc-for-the-engagement-of-scientific-manpower-purely-on-contract-basis-through-manpower-resource-outsourcing-services-providing-agency.html	html	en	T2-article-detail	A Walk in Interview is going to be held at Indian Pharmacopoeia Commission (IPC) for the engagement of scientific manpower purely on contract basis through Manpower Resource Outsourcing Services Providing Agency. - Indian Pharmacopoeia Commission	62335
/news-highlights/891-information-regarding-proficiency-testing-round-01,-2021.html	html	en	T2-article-detail	Information Regarding Proficiency Testing Round-01, 2021 - Indian Pharmacopoeia Commission	55936
/news-highlights/892-corrigendum-walk-in-interview-for-the-engagement-of-scientific-post.html	html	en	T2-article-detail	CORRIGENDUM: Walk in Interview for the engagement of Scientific Post - Indian Pharmacopoeia Commission	56045
/news-highlights/893-guidance-documents-for-stakeholders-indian-pharmacopoeia-commission.html	html	en	T2-article-detail	Guidance Documents for Stakeholders - Indian Pharmacopoeia Commission	64622
/news-highlights/894-ipc,ncc-pvpi-redesignated-as-who-collaborating-centre-for-parmacovigilance-in-public-health-programmes-and-regulatory-services.html	html	en	T2-article-detail	IPC,NCC-PvPI redesignated as WHO Collaborating Centre for Parmacovigilance in Public Health Programmes and Regulatory Services - Indian Pharmacopoeia Commission	56925
/news-highlights/895-18th-skill-development-programme-on-pharmacovigilance-for-medical-products.html	html	en	T2-article-detail	18th Skill Development Programme on Pharmacovigilance for Medical Products - Indian Pharmacopoeia Commission	58523
/news-highlights/896-walk-in-interview-is-going-to-be-held-for-the-engagement-of-contractual-position-of-jr-pharmacovigilance-associate-for-pharmacovigilance-programme-of-india,-indian-pharmacopoeia-commission-ipc-,-ghaziabad.html	html	en	T2-article-detail	Walk-in Interview is going to be held for the engagement of contractual position of Jr. Pharmacovigilance Associate for Pharmacovigilance Programme of India, Indian Pharmacopoeia Commission (IPC), Ghaziabad. - Indian Pharmacopoeia Commission	56967
/news-highlights/897-skill-development-programme-sdp-2021-on-pharmacovigilance-for-medical-products-through-webinar-2.html	html	en	T2-article-detail	19th Skill Development Programme (SDP) - 2021 on Pharmacovigilance for Medical Products through Webinar - Indian Pharmacopoeia Commission	58632
/news-highlights/898-declaration-of-result-for-the-post-of-marketing-assistant-in-indian-pharmacopoeia-commission.html	html	en	T2-article-detail	Declaration of result for the post of Marketing Assistant in Indian Pharmacopoeia Commission - Indian Pharmacopoeia Commission	56135
/news-highlights/899-link-for-pre-bid-opening-via-web-conferencing-facility-against-bid-no-gem-2021-b-1595501-manpower-outsourcing-services.html	html	en	T2-article-detail	Link for Pre- Bid Opening via Web Conferencing Facility against Bid No. GEM/2021/B/1595501 (manpower outsourcing services) - Indian Pharmacopoeia Commission	56561
/news-highlights/900-induction-cum-training-programme-on-pharmacovigilance-for-newly-recruited-pharmacovigilance-associates-and-coordinators-deputy-coordinators-under-pvpi-on-the-date-pvpi-on-16th-18th-november-2021.html	html	en	T2-article-detail	Induction-cum-Training Programme on Pharmacovigilance for newly recruited Pharmacovigilance Associates and Coordinators/Deputy Coordinators under PvPI on the date PvPI on 16th-18th November 2021 - Indian Pharmacopoeia Commission	56601
/news-highlights/902-list-of-7-new-indian-pharmacopoeial-reference-standards.html	html	en	T2-article-detail	List of 7 New Indian Pharmacopoeial Reference standards Launched - Indian Pharmacopoeia Commission	56001
/news-highlights/903-list-of-23-new-impurities.html	html	en	T2-article-detail	List of 23 New Impurities Launched - Indian Pharmacopoeia Commission	55882
/news-highlights/904-webinar-on-key-role-of-medical-technology-medical-device-industries-in-materiovigilance-programme-of-india-in-association-of-cdsco-and-aimed.html	html	en	T2-article-detail	Webinar on &quot;Key role of medical technology/ medical device industries in Materiovigilance Programme of India&quot; - Indian Pharmacopoeia Commission	56660
/news-highlights/905-national-webinar-on-analytical-tools-and-techniques-for-phytopharmaceutical-monograph-development-under-the-joint-collaboration-of-ipc-and-csir-nbri,-lucknow.html	html	en	T2-article-detail	National Webinar on analytical tools and techniques for phytopharmaceutical monograph development-under the joint collaboration of IPC and CSIR-NBRI, Lucknow - Indian Pharmacopoeia Commission	56710
/news-highlights/906-notice-regarding-date-venue-for-written-examination-of-administrative-assistant.html	html	en	T2-article-detail	Notice regarding Date &amp; Venue for written examination of Administrative Assistant - Indian Pharmacopoeia Commission	56151
/news-highlights/908-nfi-brochure-and-salient-features-of-national-formulary-of-india-2021.html	html	en	T2-article-detail	NFI Brochure and Salient Features of National Formulary of India-2021 - Indian Pharmacopoeia Commission	65100
/news-highlights/909-indian-pharmacopoeia-commission-ipc-in-collaboration-with-usp-conducted-a-webinar-on-23rd-nov-on-%E2%80%9Cfundamentals-of-dissolution%E2%80%9D-as-a-part-of-capabilitybuilding-initiative.html	html	en	T2-article-detail	Indian Pharmacopoeia Commission (IPC) in collaboration with USP conducted a webinar on 23rd Nov. on “Fundamentals of Dissolution” as a part of Capability Building initiative. - Indian Pharmacopoeia Commission	58292
/news-highlights/909-indian-pharmacopoeia-commission-ipc-in-collaboration-with-usp-conducted-a-webinar-on-23rd-nov-on-%EF%BF%BD%EF%BF%BD%EF%BF%BDfundamentals-of-dissolution%EF%BF%BD%EF%BF%BD%EF%BF%BD-as-a-part-of-capabilitybuilding-initiative.html	html	en	T2-article-detail	Indian Pharmacopoeia Commission (IPC) in collaboration with USP conducted a webinar on 23rd Nov. on “Fundamentals of Dissolution” as a part of Capability Building initiative. - Indian Pharmacopoeia Commission	58328
/news-highlights/909-indian-pharmacopoeia-commission-ipc-in-collaboration-with-usp-conducted-a-webinar-on-23rd-nov-on-“fundamentals-of-dissolution”-as-a-part-of-capabilitybuilding-initiative.html	html	en	T2-article-detail	Indian Pharmacopoeia Commission (IPC) in collaboration with USP conducted a webinar on 23rd Nov. on “Fundamentals of Dissolution” as a part of Capability Building initiative. - Indian Pharmacopoeia Commission	58292
/news-highlights/910-9-new-ip-impurities-standard-launched.html	html	en	T2-article-detail	9 New IP Impurities Standard Launched - Indian Pharmacopoeia Commission	55754
/news-highlights/911-15-new-ip-impurity-reference-substance-launched.html	html	en	T2-article-detail	15 New IP Impurity Reference Substance Launched - Indian Pharmacopoeia Commission	62531
/news-highlights/912-11-new-ip-reference-substance-launched.html	html	en	T2-article-detail	11 New IP Reference Substance Launched - Indian Pharmacopoeia Commission	60055
/news-highlights/913-release-of-second-edition-of-guidance-manual-for-monograph-development-of-herbs-and-herbal-products-including-phytopharmaceutical-drugs.html	html	en	T2-article-detail	Release of Second edition of Guidance manual for Monograph Development of Herbs and Herbal Products Including Phytopharmaceutical Drugs - Indian Pharmacopoeia Commission	57662
/news-highlights/914-applications-are-invited-for-the-engagement-of-contractual-position-of-sr-pharmacopoeial-associate-at-indian-pharmacopoeia-commission-ipc-through-manpower-resource-outsourcing-services-providing-agency.html	html	en	T2-article-detail	Applications are invited for the engagement of contractual position of Sr Pharmacopoeial Associate at Indian Pharmacopoeia Commission (IPC) through Manpower Resource Outsourcing Services Providing Agency. - Indian Pharmacopoeia Commission	56883
/news-highlights/915-webinar-organized-by-the-national-coordination-centre-for-pharmacovigilance-programme-of-india-ncc-pvpi-on-%E2%80%9Cbasics-of-good-pharmacovigilance-practices-with-reference-to-module-vi%E2%80%9D.html	html	en	T2-article-detail	Webinar organized by the National Coordination Centre for Pharmacovigilance Programme of India (NCC-PvPI) on “Basics of Good Pharmacovigilance Practices with reference to Module VI” - Indian Pharmacopoeia Commission	59071
/news-highlights/915-webinar-organized-by-the-national-coordination-centre-for-pharmacovigilance-programme-of-india-ncc-pvpi-on-%EF%BF%BD%EF%BF%BD%EF%BF%BDbasics-of-good-pharmacovigilance-practices-with-reference-to-module-vi%EF%BF%BD%EF%BF%BD%EF%BF%BD.html	html	en	T2-article-detail	Webinar organized by the National Coordination Centre for Pharmacovigilance Programme of India (NCC-PvPI) on “Basics of Good Pharmacovigilance Practices with reference to Module VI” - Indian Pharmacopoeia Commission	59107
/news-highlights/915-webinar-organized-by-the-national-coordination-centre-for-pharmacovigilance-programme-of-india-ncc-pvpi-on-“basics-of-good-pharmacovigilance-practices-with-reference-to-module-vi”.html	html	en	T2-article-detail	Webinar organized by the National Coordination Centre for Pharmacovigilance Programme of India (NCC-PvPI) on “Basics of Good Pharmacovigilance Practices with reference to Module VI” - Indian Pharmacopoeia Commission	59071
/news-highlights/916-amendment-list-09-to-ip-2018.html	html	en	T2-article-detail	Amendment List-09 to IP-2018 - Indian Pharmacopoeia Commission	56457
/news-highlights/917-result-for-the-post-of-administrative-assistant-03-ur-01-obc-group-c-in-the-pay-level-5-of-pay-matrix-rs-29,200-92,300-published-in-employment-news-dated-26th-december,-2020-to.html	html	en	T2-article-detail	Result for the post of Administrative Assistant (03-UR &amp; 01 -OBC) group “C” in the Pay Level 5 of Pay Matrix (Rs. 29,200-92,300) (Published in Employment News dated 26th December, 2020 to 1st January, 2021) - Indian Pharmacopoeia Commission	61206
/news-highlights/918-skill-development-programme-sdp-2022-on-pharmacovigilance-for-medical-products-through-webinar-7th-to-11th-march-2022.html	html	en	T2-article-detail	Skill Development Programme (SDP) - 2022 on Pharmacovigilance for Medical Products through Webinar (7th to 11th March 2022) - Indian Pharmacopoeia Commission	57724
/news-highlights/919-link-for-gem-pre-bid-meeting-for-publication-of-ip-2022.html	html	en	T2-article-detail	Link for GeM Pre-Bid Meeting for Publication of IP-2022 - Indian Pharmacopoeia Commission	56263
/news-highlights/920-updated-e-mail-id-for-sales-of-ipc-products.html	html	en	T2-article-detail	Updated E-mail ID for Sales of IPC products - Indian Pharmacopoeia Commission	57654
/news-highlights/921-48th-meeting-of-the-scientific-body-of-ipc-on-8th-january-2022.html	html	en	T2-article-detail	48th meeting of the scientific body of ipc on 8th january 2022 - Indian Pharmacopoeia Commission	56326
/news-highlights/923-ipc-s-notice-regarding-use-of-authentic-copies-of-indian-pharmacopoeia.html	html	en	T2-article-detail	IPC's Notice Regarding Use of Authentic Copies of Indian Pharmacopoeia - Indian Pharmacopoeia Commission	56040
/news-highlights/925-expression-of-interest-for-%E2%80%9Cprocurement-of-certified-candidate-material-for-manufacturing-of-ipbrs-and-iphers-at-ipc.html	html	en	T2-article-detail	Expression of Interest for “Procurement of Certified Candidate material for manufacturing of IPBRS and IPHERS at IPC&quot; - Indian Pharmacopoeia Commission	56472
/news-highlights/925-expression-of-interest-for-%EF%BF%BD%EF%BF%BD%EF%BF%BDprocurement-of-certified-candidate-material-for-manufacturing-of-ipbrs-and-iphers-at-ipc.html	html	en	T2-article-detail	Expression of Interest for “Procurement of Certified Candidate material for manufacturing of IPBRS and IPHERS at IPC&quot; - Indian Pharmacopoeia Commission	56490
/news-highlights/925-expression-of-interest-for-“procurement-of-certified-candidate-material-for-manufacturing-of-ipbrs-and-iphers-at-ipc.html	html	en	T2-article-detail	Expression of Interest for “Procurement of Certified Candidate material for manufacturing of IPBRS and IPHERS at IPC&quot; - Indian Pharmacopoeia Commission	56472
/news-highlights/929-applications-are-invited-for-the-post-jr-pharmacovigilance-associate.html	html	en	T2-article-detail	Applications are invited for the post of Jr. Pharmacovigilance Associate - Indian Pharmacopoeia Commission	56416
/news-highlights/930-notice-inviting-tender-nit-tender-document-for-procurement-of-113-nos-of-impurities-at-ipc-ghaziabad.html	html	en	T2-article-detail	Notice Inviting Tender (NIT) &amp; Tender Document for procurement of 113 Nos. of Impurities at IPC Ghaziabad - Indian Pharmacopoeia Commission	56438
/news-highlights/932-link-for-pre-bid-meeting-against-ipc-tender-for-procurement-of-113-nos-of-impurities-at-ipc.html	html	en	T2-article-detail	Link for Pre-Bid Meeting against IPC Tender for procurement of 113 Nos. of Impurities at IPC - Indian Pharmacopoeia Commission	58826
/news-highlights/933-applications-are-invited-for-the-engagement-of-contractual-position-of-jr-materiovigilancce-associate-at-indian-pharmacopoeia-commission-ipc-through-manpower-resource-outsourcing-services-providing-agency.html	html	en	T2-article-detail	Applications are invited for the engagement of contractual position of Jr. Materiovigilancce Associate at Indian Pharmacopoeia Commission (IPC) through Manpower Resource Outsourcing Services Providing Agency. - Indian Pharmacopoeia Commission	56989
/news-highlights/934-applications-are-invited-for-the-engagement-of-contractual-position-of-pharmacopoeia-scientist-at-indian-pharmacopoeia-commission-ipc-through-manpower-resource-outsourcing-services-providing-agency.html	html	en	T2-article-detail	Applications are invited for the engagement of contractual position of Pharmacopoeia Scientist at Indian Pharmacopoeia Commission (IPC) through Manpower Resource Outsourcing Services Providing Agency. - Indian Pharmacopoeia Commission	56922
/news-highlights/935-applications-are-invited-for-the-engagement-of-contractual-position-of-pharmacopoeial-associate-phyto-at-indian-pharmacopoeia-commission-ipc-through-manpower-resource-outsourcing-services-providing-agency.html	html	en	T2-article-detail	Applications are invited for the engagement of contractual position of Pharmacopoeial Associate at Indian Pharmacopoeia Commission (IPC) through Manpower Resource Outsourcing Services Providing Agency. - Indian Pharmacopoeia Commission	56929
/news-highlights/936-virtual-worksop-cum-training-progrmmeon-pharmacovigilance-for-nabh-accredited-hospitals-in-india.html	html	en	T2-article-detail	Virtual Worksop-cum-Training Progrmmeon Pharmacovigilance for NABH Accredited Hospitals in India - Indian Pharmacopoeia Commission	58947
/news-highlights/937-call-for-experts-join-expert-working-groups-of-the-indian-pharmacopoeia.html	html	en	T2-article-detail	Call for Experts: Join Expert Working Groups of the Indian Pharmacopoeia - Indian Pharmacopoeia Commission	56334
/news-highlights/938-corrigendum-against-tender-for-supply-of-113-nos-of-impurities-against-tender-no-ipc-5555-2021-22,-dated-05-01-2022.html	html	en	T2-article-detail	Corrigendum against Tender for supply of 113 Nos. of impurities against Tender No. IPC/5555/2021-22, dated. 05.01.2022 - Indian Pharmacopoeia Commission	56793
/news-highlights/939-the-advertisement-published-in-employment-news-dated-26th-december,-2020-1st-january,-2021-for-the-post-of-scientific-assistant.html	html	en	T2-article-detail	Cancellation of recruitment for the Advertisement published in Employment News dated 26th December, 2020-1st January, 2021 for the post of Scientific Assistant - Indian Pharmacopoeia Commission	56626
/news-highlights/940-cancellation-of-recruitment-for-the-advertisement-no-ipc-1110-2019-20-dated-4th-june,-2019-published-in-employment-news-dated-29th-june,-2019.html	html	en	T2-article-detail	Cancellation of recruitment for the Advertisement No IPC/1110/2019-20 dated 4th June, 2019 published in Employment News dated 29th June, 2019, for the post of Pharmacopoeia Proof Reader - Indian Pharmacopoeia Commission	56782
/news-highlights/941-ipc-s-notice-regarding-use-of-authentic-iprs-and-impurity-standards.html	html	en	T2-article-detail	IPC's Notice Regarding Use of Authentic IPRS and Impurity Standards - Indian Pharmacopoeia Commission	56078
/news-highlights/942-ipc-update-february-4,-2022-inclusion-of-dissolution-test-in-prolonged-release-formulations-in-ip-and-adoption-of-flexible-monograph-approach.html	html	en	T2-article-detail	IPC Update February 4, 2022 Inclusion of Dissolution Test in Prolonged-release Formulations in IP and Adoption of Flexible Monograph Approach - Indian Pharmacopoeia Commission	56668
/news-highlights/944-link-for-opening-of-technical-bids-against-tender-no-ipc-5555-2021-22-for-supply-of-pharmaceutical-impurities-at-ipc,-ghaziabad.html	html	en	T2-article-detail	Link for Opening of Technical Bids against Tender No. IPC/5555/2021-22 for Supply of Pharmaceutical Impurities at IPC, Ghaziabad - Indian Pharmacopoeia Commission	58713
/news-highlights/945-a-walk-in-interview-is-going-to-be-held-for-the-engagement-of-pharmacopoeial-assistant-at-indian-pharmacopoeia-commission-ipc-,-ghaziabad-on-17-02-2022-purely-on-contract-basis-through-manpower-resource-outsourcing-services-providing	html	en	T2-article-detail	A Walk-in Interview is going to be held for the engagement of Pharmacopoeial Assistant at Indian Pharmacopoeia Commission (IPC), Ghaziabad on 18.02.2022 purely on contract basis through Manpower Resource Outsourcing Services Providing Agency. - Indian Pharmacopoeia Commission	59692
/news-highlights/945-a-walk-in-interview-is-going-to-be-held-for-the-engagement-of-pharmacopoeial-assistant-at-indian-pharmacopoeia-commission-ipc-,-ghaziabad-on-17-02-2022-purely-on-contract-basis-through-manpower-resource-outsourcing-services-providing-	html	en	T2-article-detail	A Walk-in Interview is going to be held for the engagement of Pharmacopoeial Assistant at Indian Pharmacopoeia Commission (IPC), Ghaziabad on 18.02.2022 purely on contract basis through Manpower Resource Outsourcing Services Providing Agency. - Indian Pharmacopoeia Commission	59693
/news-highlights/945-a-walk-in-interview-is-going-to-be-held-for-the-engagement-of-pharmacopoeial-assistant-at-indian-pharmacopoeia-commission-ipc-,-ghaziabad-on-17-02-2022-purely-on-contract-basis-through-manpower-resource-outsourcing-services-providing-agency.html	html	en	T2-article-detail	A Walk-in Interview is going to be held for the engagement of Pharmacopoeial Assistant at Indian Pharmacopoeia Commission (IPC), Ghaziabad on 18.02.2022 purely on contract basis through Manpower Resource Outsourcing Services Providing Agency. - Indian Pharmacopoeia Commission	59704
/news-highlights/946-virtual-induction-cum-training-programme-on-pharmacovigilance-for-coordinators-deputy-coordinators-of-newly-recognized-amcs-and-newly-recruited-pharmacovigilance-associates-at-amcs-held-on-31st-january-to-2nd-february-2022.html	html	en	T2-article-detail	Virtual Induction-cum-Training Programme on Pharmacovigilance for Coordinators/Deputy Coordinators of Newly Recognized AMCs and Newly Recruited Pharmacovigilance Associates at AMCs held on 31st January to 2nd February 2022 - Indian Pharmacopoeia Commission	59688
/news-highlights/947-cancellation-of-the-advertisement-for-the-post-of-driver-in-ipc.html	html	en	T2-article-detail	Cancellation of the advertisement for the post of Driver in IPC - Indian Pharmacopoeia Commission	55965
/news-highlights/949-pharmacopoeial-scientist-microbiology-division-applications-are-invited-for-the-following-vacant-post-purely-on-contract-basis-at-indian-pharmacopoeia-commission-ipc-,-an-autonomous-organization-under-the-ministry-of-health-family-welfare,-ghaziabad,-through-manpower-resource-outsourcing-services-providing-agency.html	html	en	T2-article-detail	Applications for Pharmacopoeial Scientist are invited for the following vacant post purely on contract basis at Indian Pharmacopoeia Commission (IPC), Ghaziabad, through Manpower Resource Outsourcing Services Providing Agency. Back Pharmacopoeial Scientis - Indian Pharmacopoeia Commission	57401
/news-highlights/950-regional-workshop-via-webinar-on-pharmacovigilance-esablishment-of-pharmacovigilance-system-in-pharmaceutical-industries-a-way-forward-on-march-29,-2022.html	html	en	T2-article-detail	Regional Workshop via Webinar on Pharmacovigilance &amp; Establishment of Pharmacovigilance System in Pharmaceutical Industries - A Way Forward On March 29, 2022 - Indian Pharmacopoeia Commission	60183
/news-highlights/953-blood-donation-camp.html	html	en	T2-article-detail	BLOOD DONATION CAMP - Indian Pharmacopoeia Commission	57584
/news-highlights/954-aasss.html	html	en	T2-article-detail	Proficiency Testing Schedule (Year 2022-2023) - Indian Pharmacopoeia Commission	55831
/news-highlights/955-glimpses-of-blood-donation-campt-at-ipc-campus.html	html	en	T2-article-detail	Glimpses of Blood Donation Campt at IPC Campus - Indian Pharmacopoeia Commission	55971
/news-highlights/956-healthcare-professionals-are-requested-to-fill-questionnaire-to-asses-kap-knowledge,-attitude-practice-on-safety-surveillance-practice-of-medical-devices-in-india.html	html	en	T2-article-detail	Healthcare professionals are requested to fill questionnaire to asses KAP (Knowledge, Attitude &amp; Practice) on safety surveillance practice of medical devices in India - Indian Pharmacopoeia Commission	57786
/news-highlights/964-for-any-query-regarding-quality-management-system,-kindly-e-mail-us-at-qualityassurance-ipc-gov-in-only.html	html	en	T2-article-detail	For any query regarding Quality Management System, kindly e-mail us at qualityassurance-ipc@gov.in only - Indian Pharmacopoeia Commission	57668
/news-highlights/965-ipc-is-organising-a-awareness-programme-on-indian-pharmacopoeia-ip-and-indian-pharmacopoeia-reference-standards-iprs-on-thursday,-28th-april-2022-at-lp-vilas-hotel,-dehradun-timing-10-00-am-16-30-pm.html	html	en	T2-article-detail	IPC is organising a awareness programme on Indian Pharmacopoeia (IP) and Indian Pharmacopoeia Reference Substances (IPRS) on Thursday, 28th April 2022 at LP vilas Hotel, Dehradun. Timing: 10:00 AM - 04:30 PM - Indian Pharmacopoeia Commission	58628
/news-highlights/966-materiovigilance-programme-of-india-mvpi-internship-programme.html	html	en	T2-article-detail	Applications Open: MvPI Internship Programme 2026 - Indian Pharmacopoeia Commission	59544
/news-highlights/983-survey-of-institutions-libraries-for-the-development-usage-of-ipc-library-resources.html	html	en	T2-article-detail	Survey of Institutions / Libraries for the development &amp; Usage of IPC Library Resources. - Indian Pharmacopoeia Commission	58159
/news-highlights/984-applications-are-invited-for-the-following-vacant-post-purely-on-contract-basis-at-indian-pharmacopoeia-commission-ipc-,-an-autonomous-organization-under-the-ministry-of-health-family-welfare,-ghaziabad,-through-manpower-resourc	html	en	T2-article-detail	Applications are invited for the Pharmacopoeial Associate vacant post purely on contract basis at Indian Pharmacopoeia Commission (IPC), an Autonomous organization under the Ministry of Health &amp; Family Welfare, Ghaziabad, through Outsourcing Agency. - Indian Pharmacopoeia Commission	60726
/news-highlights/984-applications-are-invited-for-the-following-vacant-post-purely-on-contract-basis-at-indian-pharmacopoeia-commission-ipc-,-an-autonomous-organization-under-the-ministry-of-health-family-welfare,-ghaziabad,-through-manpower-resource-outsourcing-services-providing-agency.html	html	en	T2-article-detail	Applications are invited for the Pharmacopoeial Associate vacant post purely on contract basis at Indian Pharmacopoeia Commission (IPC), an Autonomous organization under the Ministry of Health &amp; Family Welfare, Ghaziabad, through Outsourcing Agency. - Indian Pharmacopoeia Commission	60770
/news-highlights/985-applications-are-invited-for-the-sr-pharmacopoeial-associate-vacant-post-purely-on-contract-basis-at-indian-pharmacopoeia-commission-ipc-,-an-autonomous-organization-under-the-ministry-of-health-family-welfare,-ghaziabad,-through-manpower-resource-outsourcing-services.html	html	en	T2-article-detail	Applications are invited for the Sr. Pharmacopoeial Associate vacant post purely on contract basis at Indian Pharmacopoeia Commission (IPC), an Autonomous organization under the Ministry of Health &amp; Family Welfare, Ghaziabad, through Outsourcing Agency. - Indian Pharmacopoeia Commission	60797
/news-highlights/986-applications-are-invited-for-the-following-vacant-post-purely-on-contract-basis-at-indian-pharmacopoeia-commission-ipc-	html	en	T2-article-detail	Applications are invited for the post of Jr. Materiovigilance Associate purely on contract basis at IPC, an Autonomous organization under the Ministry of Health &amp; Family Welfare, Ghaziabad, through Manpower Resource Outsourcing Agency. - Indian Pharmacopoeia Commission	61119
/news-highlights/986-applications-are-invited-for-the-following-vacant-post-purely-on-contract-basis-at-indian-pharmacopoeia-commission-ipc-,-an-autonomous-organization-under-the-ministry-of-health-family-welfare,-ghaziabad,-through-manpower-resource-outso	html	en	T2-article-detail	Applications are invited for the post of Jr. Materiovigilance Associate purely on contract basis at IPC, an Autonomous organization under the Ministry of Health &amp; Family Welfare, Ghaziabad, through Manpower Resource Outsourcing Agency. - Indian Pharmacopoeia Commission	61235
/news-highlights/986-applications-are-invited-for-the-following-vacant-post-purely-on-contract-basis-at-indian-pharmacopoeia-commission-ipc-,-an-autonomous-organization-under-the-ministry-of-health-family-welfare,-ghaziabad,-through-manpower-resource-outsourcing-services-providing-agency-2.html	html	en	T2-article-detail	Applications are invited for the post of Jr. Materiovigilance Associate purely on contract basis at IPC, an Autonomous organization under the Ministry of Health &amp; Family Welfare, Ghaziabad, through Manpower Resource Outsourcing Agency. - Indian Pharmacopoeia Commission	61274
/news-highlights/989-glimpses-of-7th-international-conference-on-pharmaceuticals-medical-devices-industry-i-e-india-pharma-2022-india-medical-device-2022-from-25th-27th-april-2022-at-dr-ambedkar-international-centre,-new-delhi-110001.html	html	en	T2-article-detail	Glimpses of 7th International Conference on Pharmaceuticals &amp; Medical Devices Industry i.e. INDIA PHARMA 2022 &amp; INDIA MEDICAL DEVICE 2022 from 25th-27th April 2022 at Dr Ambedkar International Centre, New Delhi-110001. - Indian Pharmacopoeia Commission	58291
/news-highlights/990-pvpi-newsletter-vol-12-issue-1-2022.html	html	en	T2-article-detail	PvPI Newsletter - Vol. 12 (Issue 1) 2022 - Indian Pharmacopoeia Commission	56146
/news-highlights/991-guidance-manual-for-online-and-offline-order-pathway.html	html	en	T2-article-detail	How to Buy (Guidance Manual) - Indian Pharmacopoeia Commission	57807
/news-highlights/992-glimpses-of-workshop-on-save-birds-through-eco-roots-foundation,-new-delhi-on-29th-april-2022-at-ipc,-campus.html	html	en	T2-article-detail	Glimpses of Workshop on SAVE BIRDS through ECO ROOTS FOUNDATION, New Delhi held on 29th April 2022 at IPC, Campus. - Indian Pharmacopoeia Commission	58393
/news-highlights/993-glimpses-of-awareness-program-on-indian-pharmacopoeia-iprs.html	html	en	T2-article-detail	Glimpses of Awareness program on Indian Pharmacopoeia &amp; IPRS. - Indian Pharmacopoeia Commission	57485
/news-highlights/994-announcement-for-ipc-conference-2022-and-release-of-indian-pharmacopoeia-2022-on-july-01,-2022-in-new-delhi.html	html	en	T2-article-detail	Announcement for IPC Conference 2022 and Release of Indian Pharmacopoeia 2022 on July 01, 2022 in New Delhi - Indian Pharmacopoeia Commission	56587
/news-highlights/996-workshop-cum-training-programme-on-pharmacovigilance-for-staff-of-nabh-accredited-hospitals.html	html	en	T2-article-detail	Workshop-cum-Training Programme on Pharmacovigilance for staff of NABH Accredited Hospitals. - Indian Pharmacopoeia Commission	56506
/news-highlights/997-dr-rajeev-singh-raghuvanshi,-secretary-cum-scientific-director,-indian-pharmacopoeia-commission-ipc-visited-ccs-national-institute-of-animal-health-baghpat-uttar-pradesh.html	html	en	T2-article-detail	Dr. Rajeev Singh Raghuvanshi, Secretary-cum-Scientific Director, Indian Pharmacopoeia Commission (IPC) visited CCS National Institute of Animal Health Baghpat Uttar Pradesh. - Indian Pharmacopoeia Commission	57222
/news-highlights/998-vacancy-circular-for-sr-pharmacopoeial-associate-vacant-posts-purely-on-contract-basis-at-indian-pharmacopoeia-commission-ipc.html	html	en	T2-article-detail	Vacancy circular for Sr Pharmacopoeial Associate vacant posts purely on contract basis at Indian Pharmacopoeia Commission (IPC) - Indian Pharmacopoeia Commission	56449
/news-highlights/999-vacancy-circular-for-pharmacopoeial-associate-vacant-posts-purely-on-contract-basis-at-indian-pharmacopoeia-commission-ipc.html	html	en	T2-article-detail	Vacancy circular for Pharmacopoeial Associate vacant posts purely on contract basis at Indian Pharmacopoeia Commission (IPC) - Indian Pharmacopoeia Commission	56427
/news/highlights/1324-4th-	html	en	T2-article-detail	4th National Pharmacovigilance Week - Indian Pharmacopoeia Commission	69448
/news/highlights/1324-4th-national-pharmacovigilance-week.html	html	en	T2-article-detail	4th National Pharmacovigilance Week - Indian Pharmacopoeia Commission	69484
/newspapers.html	html	en	T9-PvPI-static	Newspapers - Indian Pharmacopoeia Commission	17511
/orders-circulars-notices.html	html	en	T3-listing-paginated	Orders &amp; Circulars - Indian Pharmacopoeia Commission	58498
/orders-circulars-notices/circulars.html	html	en	T3-listing-paginated	Orders &amp; Circulars - Indian Pharmacopoeia Commission	58865
/orders-circulars-notices/orders-circulars-notices.html	html	en	T2-article-detail	Orders/ Circulars &amp; Notices - Indian Pharmacopoeia Commission	57032
/periodicals.html	html	en	T9-PvPI-static	Periodicals - Indian Pharmacopoeia Commission	19791
/pharmacopoeial-harmonization.html	html	en	T2-article-detail	Pharmacopoeial Harmonization - Indian Pharmacopoeia Commission	57447
/pharmacopoeial-harmonization/8-category-en/1192-implementation-of-pdg-harmonized-texts-into-japanese-pharmacopoeia-general-chapters-monographs.html	html	en	T2-article-detail	General Chapters - Indian Pharmacopoeia Commission	59355
/pharmacopoeial-harmonization/8-category-en/1193-implementation-of-pdg-harmonized-texts-into-japanese-pharmacopoeia-monographs.html	html	en	T2-article-detail	Monographs - Indian Pharmacopoeia Commission	58891
/pharmacopoeial-harmonization/8-category-en/1268-meeting-highlights.html	html	en	T2-article-detail	Meeting Highlights - Indian Pharmacopoeia Commission	56198
/photo-gallery.html	html	en	T4-category-list	Photo Gallery - Indian Pharmacopoeia Commission	112390
/photo-gallery/category/1-launch-of-ip-2010.html	html	en	T3-listing-paginated	Photo Gallery - Launch of IP 2010 - Indian Pharmacopoeia Commission	63163
/photo-gallery/category/10-1st-national-workshop.html	html	en	T3-listing-paginated	Photo Gallery - 1st National workshop on “Best practices and compliance of Indian Pharmacopoeia standards for herbal drugs and Phytopharmaceuticals” at IPC,Ghaziabad on 18.09.2018 - Indian Pharmacopoeia Commission	72660
/photo-gallery/category/14-celebration-of-hindi-diwas-on-14th-september,-2018-at-ipc,-ghaziabad.html	html	en	T3-listing-paginated	Photo Gallery - Celebration of &quot;Hindi Diwas&quot; on 14th September, 2018 at IPC, Ghaziabad - Indian Pharmacopoeia Commission	79693
/photo-gallery/category/15-national-seminar-on-health-information-resources-and-searching-techniques-held-on-27th-july,-2018.html	html	en	T3-listing-paginated	Photo Gallery - National Seminar on &quot;Health Information Resources and Searching Techniques &quot; held on 27th July, 2018 - Indian Pharmacopoeia Commission	62677
/photo-gallery/category/17-national-seminar-on.html	html	en	T3-listing-paginated	Photo Gallery - National Seminar on - Indian Pharmacopoeia Commission	68269
/photo-gallery/category/18-national-seminar-27th-july-2018.html	html	en	T3-listing-paginated	Photo Gallery - National Seminar on &quot;Health Information Resources and Searching Techniques&quot; held on 27th July, 2018 - Indian Pharmacopoeia Commission	69195
/photo-gallery/category/19-%E2%80%9C6th-who-bi-annual-inter-regional-seminar-for-quality-control-laboratories-qcls-involved-in-who-prequalification%E2%80%9D-from-23rd-to-25th-october,-2018.html	html	en	T3-listing-paginated	Photo Gallery - “6th WHO Bi-annual Inter-regional Seminar for Quality Control Laboratories (QCLs) involved in WHO prequalification” from 23rd to 25th October, 2018 - Indian Pharmacopoeia Commission	82561
/photo-gallery/category/19-%EF%BF%BD%EF%BF%BD%EF%BF%BD%EF%BF%BD%EF%BF%BD%EF%BF%BD%EF%BF%BD%EF%BF%BD%EF%BF%BD6th-who-bi-annual-inter-regional-seminar-for-quality-control-laboratories-qcls-involved-in-who-prequalification%EF%BF%BD%EF%BF%BD%EF%BF%BD%EF%BF%BD%EF%BF%BD%EF%BF%BD%EF%BF%BD%EF%BF%BD%EF%BF%BD-from-23rd-to-25th-october,-2018.html	html	en	T3-listing-paginated	Photo Gallery - “6th WHO Bi-annual Inter-regional Seminar for Quality Control Laboratories (QCLs) involved in WHO prequalification” from 23rd to 25th October, 2018 - Indian Pharmacopoeia Commission	82993
/photo-gallery/category/19-%EF%BF%BD%EF%BF%BD%EF%BF%BD6th-who-bi-annual-inter-regional-seminar-for-quality-control-laboratories-qcls-involved-in-who-prequalification%EF%BF%BD%EF%BF%BD%EF%BF%BD-from-23rd-to-25th-october,-2018.html	html	en	T3-listing-paginated	Photo Gallery - “6th WHO Bi-annual Inter-regional Seminar for Quality Control Laboratories (QCLs) involved in WHO prequalification” from 23rd to 25th October, 2018 - Indian Pharmacopoeia Commission	82669
/photo-gallery/category/19-“6th-who-bi-annual-inter-regional-seminar-for-quality-control-laboratories-qcls-involved-in-who-prequalification”-from-23rd-to-25th-october,-2018.html	html	en	T3-listing-paginated	Photo Gallery - “6th WHO Bi-annual Inter-regional Seminar for Quality Control Laboratories (QCLs) involved in WHO prequalification” from 23rd to 25th October, 2018 - Indian Pharmacopoeia Commission	82561
/photo-gallery/category/2-memorable-events.html	html	en	T3-listing-paginated	Photo Gallery - Memorable Events - Indian Pharmacopoeia Commission	63124
/photo-gallery/category/20-indian-pharmacopoeia-commission-organized-the-%E2%80%9C1st-ipc-interactive-meet-on-pharmacopoeia-standards-regulatory-and-quality-considerations%E2%80%9D-at-csir-imtech,-chandigarh-on-4th-february,-2019.html	html	en	T3-listing-paginated	Photo Gallery - Indian Pharmacopoeia Commission organized the “1st IPC Interactive Meet on Pharmacopoeia Standards: Regulatory and Quality Considerations” at CSIR-IMTECH, Chandigarh on 4th February, 2019 - Indian Pharmacopoeia Commission	70520
/photo-gallery/category/20-indian-pharmacopoeia-commission-organized-the-%EF%BF%BD%EF%BF%BD%EF%BF%BD1st-ipc-interactive-meet-on-pharmacopoeia-standards-regulatory-and-quality-considerations%EF%BF%BD%EF%BF%BD%EF%BF%BD-at-csir-imtech,-chandigarh-on-4th-february,-2019.html	html	en	T3-listing-paginated	Photo Gallery - Indian Pharmacopoeia Commission organized the “1st IPC Interactive Meet on Pharmacopoeia Standards: Regulatory and Quality Considerations” at CSIR-IMTECH, Chandigarh on 4th February, 2019 - Indian Pharmacopoeia Commission	70592
/photo-gallery/category/20-indian-pharmacopoeia-commission-organized-the-“1st-ipc-interactive-meet-on-pharmacopoeia-standards-regulatory-and-quality-considerations”-at-csir-imtech,-chandigarh-on-4th-february,-2019.html	html	en	T3-listing-paginated	Photo Gallery - Indian Pharmacopoeia Commission organized the “1st IPC Interactive Meet on Pharmacopoeia Standards: Regulatory and Quality Considerations” at CSIR-IMTECH, Chandigarh on 4th February, 2019 - Indian Pharmacopoeia Commission	70520
/photo-gallery/category/21-indian-pharmacopoeia-commission-organized-the-%E2%80%9C1st-ipc-interactive-meet-on-pharmacopoeia-standards-regulatory-and-quality-considerations%E2%80%9D-at-csir-imtech,-chandigarh-on-4th-february,-2019.html	html	en	T3-listing-paginated	Photo Gallery - Indian Pharmacopoeia Commission organized the “1st IPC Interactive Meet on Pharmacopoeia Standards: Regulatory and Quality Considerations” at CSIR-IMTECH, Chandigarh on 4th February, 2019 - Indian Pharmacopoeia Commission	63603
/photo-gallery/category/21-indian-pharmacopoeia-commission-organized-the-“1st-ipc-interactive-meet-on-pharmacopoeia-standards-regulatory-and-quality-considerations”-at-csir-imtech,-chandigarh-on-4th-february,-2019.html	html	en	T3-listing-paginated	Photo Gallery - Indian Pharmacopoeia Commission organized the “1st IPC Interactive Meet on Pharmacopoeia Standards: Regulatory and Quality Considerations” at CSIR-IMTECH, Chandigarh on 4th February, 2019 - Indian Pharmacopoeia Commission	63603
/photo-gallery/category/22-launch-of-materiovigilance-programme-of-india-mvpi-reporting-tools.html	html	en	T3-listing-paginated	Photo Gallery - Launch of Materiovigilance Programme of India (MvPI) Reporting Tools - Indian Pharmacopoeia Commission	62524
/photo-gallery/category/23-launch-of-materiovigilance-programme-of-india-mvpi-reporting-tools.html	html	en	T3-listing-paginated	Photo Gallery - Launch of Materiovigilance Programme of India (MvPI) Reporting Tools on February 8, 2019 - Indian Pharmacopoeia Commission	70115
/photo-gallery/category/24-5th-asia-pacific-training-course.html	html	en	T3-listing-paginated	Photo Gallery - 5th Asia Pacific Training Course - Indian Pharmacopoeia Commission	62298
/photo-gallery/category/25-5th-asia-pacific.html	html	en	T3-listing-paginated	Photo Gallery - 5th Asia Pacific Pharmacovigilance Training Course from 4th to 15th March 2019 - Indian Pharmacopoeia Commission	65727
/photo-gallery/category/3-visit-of-shri-v-venkatachalam.html	html	en	T3-listing-paginated	Photo Gallery - visit of Shri V.Venkatachalam - Indian Pharmacopoeia Commission	63181
/photo-gallery/category/33-released-of-ip-addendum-2019-to-ip-2018-on-5th-july,-2019-at-nirman-bhawan,-new-delhi.html	html	en	T3-listing-paginated	Photo Gallery - Release of IP Addendum 2019 to IP-2018 on 5th July, 2019 at Nirman Bhawan, New Delhi - Indian Pharmacopoeia Commission	65666
/photo-gallery/category/34-2nd-meeting-with-stakeholders-on-antisera-for-human-use-held-at-ipc-ghaziabad-on-2nd-july,-2019.html	html	en	T3-listing-paginated	Photo Gallery - 2nd Meeting with stakeholders on Antisera for Human use held at IPC Ghaziabad on 2nd July, 2019 - Indian Pharmacopoeia Commission	65807
/photo-gallery/category/36-the-induction-cum-training-programme-on-pharmacovigilance-for-coordinators-of-newly-recognized-amcs-pharmacovigilance-associates-was-organized-by-national-coordination-centre-for-pharmacovigilance-programme-of-india-at-ipc,-ghaziabad-from-1st-%E2%80%93-5th-july-2.html	html	en	T3-listing-paginated	Photo Gallery - The Induction-cum-Training Programme on Pharmacovigilance&quot; for Coordinators of Newly recognized AMCs &amp; Pharmacovigilance Associates was organized by National Coordination Centre for Pharmacovigilance Programme of India at IPC, Ghaziabad from 1st – 5th Jul - Indian Pharmacopoeia Commission	64327
/photo-gallery/category/36-the-induction-cum-training-programme-on-pharmacovigilance-for-coordinators-of-newly-recognized-amcs-pharmacovigilance-associates-was-organized-by-national-coordination-centre-for-pharmacovigilance-programme-of-india-at-ipc,-ghaziabad-from-1st-%EF%BF%BD%EF%BF%BD%EF%BF%BD-5th-july-2.html	html	en	T3-listing-paginated	Photo Gallery - The Induction-cum-Training Programme on Pharmacovigilance&quot; for Coordinators of Newly recognized AMCs &amp; Pharmacovigilance Associates was organized by National Coordination Centre for Pharmacovigilance Programme of India at IPC, Ghaziabad from 1st – 5th Jul - Indian Pharmacopoeia Commission	64363
/photo-gallery/category/36-the-induction-cum-training-programme-on-pharmacovigilance-for-coordinators-of-newly-recognized-amcs-pharmacovigilance-associates-was-organized-by-national-coordination-centre-for-pharmacovigilance-programme-of-india-at-ipc,-ghaziabad-from-1st-–-5th-july-2.html	html	en	T3-listing-paginated	Photo Gallery - The Induction-cum-Training Programme on Pharmacovigilance&quot; for Coordinators of Newly recognized AMCs &amp; Pharmacovigilance Associates was organized by National Coordination Centre for Pharmacovigilance Programme of India at IPC, Ghaziabad from 1st – 5th Jul - Indian Pharmacopoeia Commission	64327
/photo-gallery/category/37-first-subcommittee-meeting-on-herbal-products-and-phytopharmaceutical-monograph-development-was-held-on-15-05-2019,-at-r-s-iyyer-hall,-indian-pharmacopoeia-commission,-ghaziabad,-under-the-chairmanship-of-dr-dba-narayana,-eminent-scientist.html	html	en	T3-listing-paginated	Photo Gallery - First subcommittee meeting on herbal products and phytopharmaceutical monograph development was held on 15.05.2019, at R S Iyyer Hall, Indian Pharmacopoeia Commission, Ghaziabad, under the chairmanship of Dr. DBA Narayana, Eminent Scientist - Indian Pharmacopoeia Commission	69037
/photo-gallery/category/38-the-9th-regional-workshop-on-%E2%80%9Cpharmacovigilance-and-establishment-of-pharmacovigilance-system-in-pharmaceutical-industries-a-way-forward%E2%80%9D-was-conducted-by-ipc,-ghaziabad-at-yashoda-hospital,-kaushambi,-ghaziabad,-uttar-pradesh-on-may-9,-2019.html	html	en	T3-listing-paginated	Photo Gallery - The 9th Regional Workshop on “Pharmacovigilance and Establishment of Pharmacovigilance System in Pharmaceutical Industries - A Way Forward” was conducted by IPC, Ghaziabad at Yashoda Hospital, Kaushambi, Ghaziabad, Uttar Pradesh on May 9, 2019 - Indian Pharmacopoeia Commission	71498
/photo-gallery/category/38-the-9th-regional-workshop-on-%EF%BF%BD%EF%BF%BD%EF%BF%BDpharmacovigilance-and-establishment-of-pharmacovigilance-system-in-pharmaceutical-industries-a-way-forward%EF%BF%BD%EF%BF%BD%EF%BF%BD-was-conducted-by-ipc,-ghaziabad-at-yashoda-hospital,-kaushambi,-ghaziabad,-uttar-pradesh-on-may-9,-2019.html	html	en	T3-listing-paginated	Photo Gallery - The 9th Regional Workshop on “Pharmacovigilance and Establishment of Pharmacovigilance System in Pharmaceutical Industries - A Way Forward” was conducted by IPC, Ghaziabad at Yashoda Hospital, Kaushambi, Ghaziabad, Uttar Pradesh on May 9, 2019 - Indian Pharmacopoeia Commission	71570
/photo-gallery/category/38-the-9th-regional-workshop-on-“pharmacovigilance-and-establishment-of-pharmacovigilance-system-in-pharmaceutical-industries-a-way-forward”-was-conducted-by-ipc,-ghaziabad-at-yashoda-hospital,-kaushambi,-ghaziabad,-uttar-pradesh-on-may-9,-2019.html	html	en	T3-listing-paginated	Photo Gallery - The 9th Regional Workshop on “Pharmacovigilance and Establishment of Pharmacovigilance System in Pharmaceutical Industries - A Way Forward” was conducted by IPC, Ghaziabad at Yashoda Hospital, Kaushambi, Ghaziabad, Uttar Pradesh on May 9, 2019 - Indian Pharmacopoeia Commission	71498
/photo-gallery/category/40-7th-meeting-of-the-expert-committee-vaccine-and-immunosera-for-human-use-along-with-stakeholders-held-on-29th-april-2019-at-winnie-s-resort-kasauli.html	html	en	T3-listing-paginated	Photo Gallery - 7th Meeting of the Expert Committee - Vaccine and Immunosera for human use along with Stakeholders held on 29th April 2019 at Winnie's Resort Kasauli - Indian Pharmacopoeia Commission	67855
/photo-gallery/category/43-9th-one-week-advance-training-programme-on-%E2%80%9Chigh-performance-liquid-chromatography-hplc-and-dissolution-test-apparatus%E2%80%9D-used-for-drugs-pharma-analysis-for-government-drugs-analysts-working-in-central,-state,-and-regional-drug-testing-laboratories.html	html	en	T3-listing-paginated	Photo Gallery - 9th one-week Advance Training Programme on “High-Performance Liquid Chromatography (HPLC) and Dissolution Test Apparatus” used for Drugs &amp; Pharma Analysis for Government Drugs Analysts working in Central, State, and Regional Drug Testing Laboratories - Indian Pharmacopoeia Commission	69557
/photo-gallery/category/43-9th-one-week-advance-training-programme-on-%EF%BF%BD%EF%BF%BD%EF%BF%BDhigh-performance-liquid-chromatography-hplc-and-dissolution-test-apparatus%EF%BF%BD%EF%BF%BD%EF%BF%BD-used-for-drugs-pharma-analysis-for-government-drugs-analysts-working-in-central,-state,-and-regional-drug-testing-laboratories.html	html	en	T3-listing-paginated	Photo Gallery - 9th one-week Advance Training Programme on “High-Performance Liquid Chromatography (HPLC) and Dissolution Test Apparatus” used for Drugs &amp; Pharma Analysis for Government Drugs Analysts working in Central, State, and Regional Drug Testing Laboratories - Indian Pharmacopoeia Commission	69629
/photo-gallery/category/43-9th-one-week-advance-training-programme-on-“high-performance-liquid-chromatography-hplc-and-dissolution-test-apparatus”-used-for-drugs-pharma-analysis-for-government-drugs-analysts-working-in-central,-state,-and-regional-drug-testing-laboratories.html	html	en	T3-listing-paginated	Photo Gallery - 9th one-week Advance Training Programme on “High-Performance Liquid Chromatography (HPLC) and Dissolution Test Apparatus” used for Drugs &amp; Pharma Analysis for Government Drugs Analysts working in Central, State, and Regional Drug Testing Laboratories - Indian Pharmacopoeia Commission	69557
/photo-gallery/category/44-training-on-quality-management-system-of-pharmacovigilance-given-by-ms-durga-mane,-associate-director-delivery-excellence,-quality-at-cognizant-technology-solutions,-mumbai-to-pvpi-officials-at-r-s-iyer-hall,-ipc-on-26th-april-2019.html	html	en	T3-listing-paginated	Photo Gallery - Training on Quality Management System of Pharmacovigilance given by Ms Durga Mane, Associate Director- Delivery Excellence, Quality at Cognizant Technology Solutions, Mumbai to PvPI officials at R.S. IYER Hall, IPC on 26th April 2019 - Indian Pharmacopoeia Commission	67897
/photo-gallery/category/45-indian-pharmacopoeia-commission-ipc-established-working-relationship-with-csir-centre-for-cellular-and-molecular-biology-ccmb-by-signing-mou-on-23-04-2019-during-the-meeting-of-subcommittee-for-dna-barcode-at-ipc,-ghaziabad.html	html	en	T3-listing-paginated	Photo Gallery - Indian Pharmacopoeia Commission (IPC) established working relationship with CSIR-Centre for Cellular and Molecular Biology (CCMB) by signing MoU on 23.04.2019 during the meeting of 'Subcommittee for DNA Barcode' at IPC, Ghaziabad - Indian Pharmacopoeia Commission	69092
/photo-gallery/category/46-indian-pharmacopoeia-commission-organizes-2nd-residential-course-on-%E2%80%9Cphytopharmaceuticals-and-herbal-drugs-monograph-drafting,-verification-and-validation%E2%80%9D-from-22nd-to-26th-april,-2019.html	html	en	T3-listing-paginated	Photo Gallery - Indian Pharmacopoeia Commission organizes 2nd Residential course on “Phytopharmaceuticals and herbal drugs monograph drafting, verification and validation” from 22nd to 26th April, 2019 - Indian Pharmacopoeia Commission	68498
/photo-gallery/category/46-indian-pharmacopoeia-commission-organizes-2nd-residential-course-on-%EF%BF%BD%EF%BF%BD%EF%BF%BDphytopharmaceuticals-and-herbal-drugs-monograph-drafting,-verification-and-validation%EF%BF%BD%EF%BF%BD%EF%BF%BD-from-22nd-to-26th-april,-2019.html	html	en	T3-listing-paginated	Photo Gallery - Indian Pharmacopoeia Commission organizes 2nd Residential course on “Phytopharmaceuticals and herbal drugs monograph drafting, verification and validation” from 22nd to 26th April, 2019 - Indian Pharmacopoeia Commission	68570
/photo-gallery/category/46-indian-pharmacopoeia-commission-organizes-2nd-residential-course-on-“phytopharmaceuticals-and-herbal-drugs-monograph-drafting,-verification-and-validation”-from-22nd-to-26th-april,-2019.html	html	en	T3-listing-paginated	Photo Gallery - Indian Pharmacopoeia Commission organizes 2nd Residential course on “Phytopharmaceuticals and herbal drugs monograph drafting, verification and validation” from 22nd to 26th April, 2019 - Indian Pharmacopoeia Commission	68498
/photo-gallery/category/47-the-ipc,-in-technical-collaboration-with-lovely-professional-university,-phagwara-had-organized-one-day-training-on-%E2%80%9Cpharmacopoeial-standard-for-herbal-drugs-and-phytopharmaceuticals%E2%80%9D,-on-30th-march-2019,-at-lpu-campus,-punjab.html	html	en	T3-listing-paginated	Photo Gallery - The IPC, In technical collaboration with Lovely Professional University, Phagwara had organized one day training on “Pharmacopoeial standard for herbal drugs and phytopharmaceuticals”, on 30th March 2019, at LPU campus, Punjab. - Indian Pharmacopoeia Commission	69239
/photo-gallery/category/47-the-ipc,-in-technical-collaboration-with-lovely-professional-university,-phagwara-had-organized-one-day-training-on-%EF%BF%BD%EF%BF%BD%EF%BF%BDpharmacopoeial-standard-for-herbal-drugs-and-phytopharmaceuticals%EF%BF%BD%EF%BF%BD%EF%BF%BD,-on-30th-march-2019,-at-lpu-campus,-punjab.html	html	en	T3-listing-paginated	Photo Gallery - The IPC, In technical collaboration with Lovely Professional University, Phagwara had organized one day training on “Pharmacopoeial standard for herbal drugs and phytopharmaceuticals”, on 30th March 2019, at LPU campus, Punjab. - Indian Pharmacopoeia Commission	69311
/photo-gallery/category/47-the-ipc,-in-technical-collaboration-with-lovely-professional-university,-phagwara-had-organized-one-day-training-on-“pharmacopoeial-standard-for-herbal-drugs-and-phytopharmaceuticals”,-on-30th-march-2019,-at-lpu-campus,-punjab.html	html	en	T3-listing-paginated	Photo Gallery - The IPC, In technical collaboration with Lovely Professional University, Phagwara had organized one day training on “Pharmacopoeial standard for herbal drugs and phytopharmaceuticals”, on 30th March 2019, at LPU campus, Punjab. - Indian Pharmacopoeia Commission	69239
/photo-gallery/category/48-40th-scientific-body-meeting-of-the-indian-pharmacopoeia-commission-at-india-international-centre-on-march-27,-2019,-under-the-chairmanship-of-prof-n-k-ganguly.html	html	en	T3-listing-paginated	Photo Gallery - 40th Scientific Body Meeting of the Indian Pharmacopoeia Commission at India International Centre on March 27, 2019, under the chairmanship of Prof. N. K. Ganguly. - Indian Pharmacopoeia Commission	64685
/photo-gallery/category/5-some-glimpses-of-72nd-independence-day-celebrations.html	html	en	T3-listing-paginated	Photo Gallery - Some Glimpses of 72nd Independence Day Celebrations - Indian Pharmacopoeia Commission	78564
/photo-gallery/category/51-launching-of-indian-pharmacopoeia-reference-substance-ipprs-guggulsterones-e-z-done-at-csir-nbri,-lucknow.html	html	en	T3-listing-paginated	Photo Gallery - Launching of Indian Pharmacopoeia Reference Substance(IPPRS) Guggulsterones E &amp; Z done at CSIR-NBRI, Lucknow - Indian Pharmacopoeia Commission	63269
/photo-gallery/category/52-1st-ipc-interactive-meet-on-pharmacopoeia-standards-regulatory-and-quality-considerations-held-at-csir-imtech,-chandigarh-on-04th-february-2019.html	html	en	T3-listing-paginated	Photo Gallery - 1st IPC interactive meet on Pharmacopoeia Standards: Regulatory and Quality Considerations held at CSIR-IMTECH, Chandigarh on 04th February 2019 - Indian Pharmacopoeia Commission	69360
/photo-gallery/category/53-fifth-core-training-panel-ctp-meeting-cum-fourth-regional-training-centers-rtcs-coordinators-meeting-at-ipc,-ghaziabad-on-31st-january-2019.html	html	en	T3-listing-paginated	Photo Gallery - Fifth Core Training Panel (CTP) meeting cum Fourth Regional Training Centers (RTCs) Coordinators Meeting at IPC, Ghaziabad on 31st January 2019 - Indian Pharmacopoeia Commission	65506
/photo-gallery/category/54-1st-workshop-on-human-vaccine-immunosera-regulatory-and-quality-considerations%E2%80%9D-on-29th-january-2019.html	html	en	T3-listing-paginated	Photo Gallery - 1st Workshop on Human Vaccine &amp; Immunosera : Regulatory and Quality Considerations” on 29th January 2019 - Indian Pharmacopoeia Commission	65183
/photo-gallery/category/54-1st-workshop-on-human-vaccine-immunosera-regulatory-and-quality-considerations%EF%BF%BD%EF%BF%BD%EF%BF%BD-on-29th-january-2019.html	html	en	T3-listing-paginated	Photo Gallery - 1st Workshop on Human Vaccine &amp; Immunosera : Regulatory and Quality Considerations” on 29th January 2019 - Indian Pharmacopoeia Commission	65219
/photo-gallery/category/54-1st-workshop-on-human-vaccine-immunosera-regulatory-and-quality-considerations”-on-29th-january-2019.html	html	en	T3-listing-paginated	Photo Gallery - 1st Workshop on Human Vaccine &amp; Immunosera : Regulatory and Quality Considerations” on 29th January 2019 - Indian Pharmacopoeia Commission	65183
/photo-gallery/category/56-the-10th-regional-workshop-on-%E2%80%9Cpharmacovigilance-and-establishment-of-pharmacovigilance-system-in-pharmaceutical-industries-a-way-forward%E2%80%9D-was-conducted-by-ipc,-ghaziabad-at-mtcc,-csir-institute-of-microbial-technology,-chandigarh-on-july-12,-2019.html	html	en	T3-listing-paginated	Photo Gallery - The 10th Regional Workshop on “Pharmacovigilance and Establishment of Pharmacovigilance System in Pharmaceutical Industries - A Way Forward” was conducted by IPC, Ghaziabad at MTCC, CSIR- Institute of Microbial Technology, Chandigarh on July 12, 2019 - Indian Pharmacopoeia Commission	70290
/photo-gallery/category/56-the-10th-regional-workshop-on-%EF%BF%BD%EF%BF%BD%EF%BF%BDpharmacovigilance-and-establishment-of-pharmacovigilance-system-in-pharmaceutical-industries-a-way-forward%EF%BF%BD%EF%BF%BD%EF%BF%BD-was-conducted-by-ipc,-ghaziabad-at-mtcc,-csir-institute-of-microbial-technology,-chandigarh-on-july-12,-2019.html	html	en	T3-listing-paginated	Photo Gallery - The 10th Regional Workshop on “Pharmacovigilance and Establishment of Pharmacovigilance System in Pharmaceutical Industries - A Way Forward” was conducted by IPC, Ghaziabad at MTCC, CSIR- Institute of Microbial Technology, Chandigarh on July 12, 2019 - Indian Pharmacopoeia Commission	70362
/photo-gallery/category/56-the-10th-regional-workshop-on-“pharmacovigilance-and-establishment-of-pharmacovigilance-system-in-pharmaceutical-industries-a-way-forward”-was-conducted-by-ipc,-ghaziabad-at-mtcc,-csir-institute-of-microbial-technology,-chandigarh-on-july-12,-2019.html	html	en	T3-listing-paginated	Photo Gallery - The 10th Regional Workshop on “Pharmacovigilance and Establishment of Pharmacovigilance System in Pharmaceutical Industries - A Way Forward” was conducted by IPC, Ghaziabad at MTCC, CSIR- Institute of Microbial Technology, Chandigarh on July 12, 2019 - Indian Pharmacopoeia Commission	70290
/photo-gallery/category/57-38th-annual-meeting-of-national-pharmacovigilance-centres-on-november-4-6,-2015-at-hotel-lalit.html	html	en	T3-listing-paginated	Photo Gallery - 38th Annual Meeting of National Pharmacovigilance Centres was organized by IPC, Ghaziabad on November 4- 6, 2015 - Indian Pharmacopoeia Commission	65866
/photo-gallery/category/58-41st-scientific-body-meeting-of-the-indian-pharmacopoeia-commission-on-july-20,-2019.html	html	en	T3-listing-paginated	Photo Gallery - 41st Scientific Body Meeting of the Indian Pharmacopoeia Commission on July 20, 2019 - Indian Pharmacopoeia Commission	70961
/photo-gallery/category/59-12th-skill-development-programme-on-pharmacovigilance-for-medical-products-was-conducted-at-indian-pharmacopoeia-commission-from-15th-to-19th-july-2019.html	html	en	T3-listing-paginated	Photo Gallery - 12th Skill Development Programme on &quot;Pharmacovigilance for Medical Products&quot; was conducted at Indian Pharmacopoeia Commission from 15th to 19th July 2019 - Indian Pharmacopoeia Commission	64533
/photo-gallery/category/60-2nd-ipc-interactive-meet-on-pharmacopoeia-standards-regulatory-and-quality-considerations-on-26th-july-2019-at-fda,-goa.html	html	en	T3-listing-paginated	Photo Gallery - 2nd IPC Interactive Meet on Pharmacopoeia Standards Regulatory and Quality Considerations&quot; on 26th July 2019 at FDA, Goa - Indian Pharmacopoeia Commission	70089
/photo-gallery/category/61-workshop-cum-training-programme-on-pharmacovigilance-for-nabh-accredited-hospitals-in-delhi-ncr-region-held-on-26-july-2019.html	html	en	T3-listing-paginated	Photo Gallery - &quot;Workshop-cum-training Programme on Pharmacovigilance for NABH accredited hospitals in Delhi NCR region&quot; held on 26 July 2019 - Indian Pharmacopoeia Commission	64354
/photo-gallery/category/62-11th-regional-workshop-on-%E2%80%9Cpharmacovigilance-and-establishment-of-pharmacovigilance-system-in-pharmaceutical-industries-a-way-forward%E2%80%9D-was-conducted-by-ipc,-ghaziabad-at-csir-centre-for-cellular-molecular-biology,-hyderabad-on-august-28,-2019.html	html	en	T3-listing-paginated	Photo Gallery - 11th Regional Workshop on “Pharmacovigilance and Establishment of Pharmacovigilance System in Pharmaceutical Industries- A Way Forward” was conducted by IPC, Ghaziabad at CSIR- Centre for Cellular &amp; Molecular Biology, Hyderabad on August 28, 2019. - Indian Pharmacopoeia Commission	83842
/photo-gallery/category/62-11th-regional-workshop-on-%EF%BF%BD%EF%BF%BD%EF%BF%BDpharmacovigilance-and-establishment-of-pharmacovigilance-system-in-pharmaceutical-industries-a-way-forward%EF%BF%BD%EF%BF%BD%EF%BF%BD-was-conducted-by-ipc,-ghaziabad-at-csir-centre-for-cellular-molecular-biology,-hyderabad-on-august-28,-2019.html	html	en	T3-listing-paginated	Photo Gallery - 11th Regional Workshop on “Pharmacovigilance and Establishment of Pharmacovigilance System in Pharmaceutical Industries- A Way Forward” was conducted by IPC, Ghaziabad at CSIR- Centre for Cellular &amp; Molecular Biology, Hyderabad on August 28, 2019. - Indian Pharmacopoeia Commission	83914
/photo-gallery/category/62-11th-regional-workshop-on-“pharmacovigilance-and-establishment-of-pharmacovigilance-system-in-pharmaceutical-industries-a-way-forward”-was-conducted-by-ipc,-ghaziabad-at-csir-centre-for-cellular-molecular-biology,-hyderabad-on-august-28,-2019.html	html	en	T3-listing-paginated	Photo Gallery - 11th Regional Workshop on “Pharmacovigilance and Establishment of Pharmacovigilance System in Pharmaceutical Industries- A Way Forward” was conducted by IPC, Ghaziabad at CSIR- Centre for Cellular &amp; Molecular Biology, Hyderabad on August 28, 2019. - Indian Pharmacopoeia Commission	83842
/photo-gallery/category/63-who%E2%80%93eqaas-delegation.html	html	en	T3-listing-paginated	Photo Gallery - WHO–EQAAS Delegation - Indian Pharmacopoeia Commission	62583
/photo-gallery/category/63-who%EF%BF%BD%EF%BF%BD%EF%BF%BDeqaas-delegation.html	html	en	T3-listing-paginated	Photo Gallery - WHO–EQAAS Delegation - Indian Pharmacopoeia Commission	62619
/photo-gallery/category/63-who–eqaas-delegation.html	html	en	T3-listing-paginated	Photo Gallery - WHO–EQAAS Delegation - Indian Pharmacopoeia Commission	62583
/photo-gallery/category/64-13th-regional-workshop-at-saims-indore-on-january-10,-2020.html	html	en	T3-listing-paginated	Photo Gallery - 13th Regional Workshop at SAIMS Indore on January 10, 2020 - Indian Pharmacopoeia Commission	65298
/photo-gallery/category/65-%E2%80%9Cannual-report-2018-19-of-ipc-and-annual-performance-report-2018-19-of-pharmacovigilance-programme-of-india-pvpi-%E2%80%9D-during-the-18-th-governing-body-meeting-of-ipc-held-on-21-st-january,-2020-at-nirman-bhawan,.html	html	en	T3-listing-paginated	Photo Gallery - “Annual Report 2018-19 of IPC and Annual Performance Report 2018-19 of Pharmacovigilance Programme of India (PvPI)” during the 18 th Governing Body Meeting of IPC held on 21 st January, 2020 at Nirman Bhawan, New Delhi - Indian Pharmacopoeia Commission	74458
/photo-gallery/category/65-%EF%BF%BD%EF%BF%BD%EF%BF%BDannual-report-2018-19-of-ipc-and-annual-performance-report-2018-19-of-pharmacovigilance-programme-of-india-pvpi-%EF%BF%BD%EF%BF%BD%EF%BF%BD-during-the-18-th-governing-body-meeting-of-ipc-held-on-21-st-january,-2020-at-nirman-bhawan,.html	html	en	T3-listing-paginated	Photo Gallery - “Annual Report 2018-19 of IPC and Annual Performance Report 2018-19 of Pharmacovigilance Programme of India (PvPI)” during the 18 th Governing Body Meeting of IPC held on 21 st January, 2020 at Nirman Bhawan, New Delhi - Indian Pharmacopoeia Commission	74530
/photo-gallery/category/65-“annual-report-2018-19-of-ipc-and-annual-performance-report-2018-19-of-pharmacovigilance-programme-of-india-pvpi-”-during-the-18-th-governing-body-meeting-of-ipc-held-on-21-st-january,-2020-at-nirman-bhawan,.html	html	en	T3-listing-paginated	Photo Gallery - “Annual Report 2018-19 of IPC and Annual Performance Report 2018-19 of Pharmacovigilance Programme of India (PvPI)” during the 18 th Governing Body Meeting of IPC held on 21 st January, 2020 at Nirman Bhawan, New Delhi - Indian Pharmacopoeia Commission	74458
/photo-gallery/category/66-71st-republic-day-on-january-26,-2020-at-ipc,-ghaziabad.html	html	en	T3-listing-paginated	Photo Gallery - 71st Republic Day on January 26, 2020 at IPC, Ghaziabad - Indian Pharmacopoeia Commission	77294
/photo-gallery/category/67-key-role-of-in-vitro-diagnostic-medical-device-stakeholders-in-mvpi-held-on-22nd-july-2022-at-ipc.html	html	en	T3-listing-paginated	Photo Gallery - Key Role of In-Vitro Diagnostic Medical Device Stakeholders in MVPI held on 22nd July 2022 at IPC - Indian Pharmacopoeia Commission	63142
/photo-gallery/category/68-sh-sudhansh-pant,-secretary-health-family-welfare-visits-ipc.html	html	en	T3-listing-paginated	Photo Gallery - Sh. Sudhansh Pant, Secretary- Health &amp; Family Welfare Visits IPC - Indian Pharmacopoeia Commission	66926
/photo-gallery/category/69-dr-v-k-paul,-member-niti-aayog-visits-on-15th-foundation-day-of-the-ipc.html	html	en	T3-listing-paginated	Photo Gallery - Dr. V. K. Paul, Member-NITI Aayog Visits on 15th Foundation Day of the IPC - Indian Pharmacopoeia Commission	67062
/photo-gallery/category/70-ms-aradhana-patnaik,-joint-secretary-regulations-visits-ipc.html	html	en	T3-listing-paginated	Photo Gallery - Ms. Aradhana Patnaik, Joint Secretary (Regulations) Visits IPC - Indian Pharmacopoeia Commission	66053
/photo-gallery/category/72-release-of-indian-pharmacopoeia-2022-by-hon%E2%80%99ble-union-health-minister.html	html	en	T3-listing-paginated	Photo Gallery - Release of Indian Pharmacopoeia 2022 by Hon’ble Union Health Minister - Indian Pharmacopoeia Commission	65369
/photo-gallery/category/72-release-of-indian-pharmacopoeia-2022-by-hon’ble-union-health-minister.html	html	en	T3-listing-paginated	Photo Gallery - Release of Indian Pharmacopoeia 2022 by Hon’ble Union Health Minister - Indian Pharmacopoeia Commission	65369
/photo-gallery/category/73-ipc-becomes-member-of-pharmacopoeial-discussion-group-pdg.html	html	en	T3-listing-paginated	Photo Gallery - IPC Becomes Member of Pharmacopoeial Discussion Group (PDG) - Indian Pharmacopoeia Commission	65359
/photo-gallery/category/74-3rd-national-pharmacovigilance-week.html	html	en	T3-listing-paginated	Photo Gallery - 3rd National Pharmacovigilance Week - Indian Pharmacopoeia Commission	69265
/photo-gallery/category/75-ipc-organizes-interactive-meet-on-pharmacopoeia-standards-in-baddi.html	html	en	T3-listing-paginated	Photo Gallery - IPC Organizes Interactive Meet on Pharmacopoeia Standards in Baddi - Indian Pharmacopoeia Commission	64599
/photo-gallery/category/76-ipc-organizes-interactive-meet-on-pharmacopoeia-standards-in-haridwar.html	html	en	T3-listing-paginated	Photo Gallery - IPC Organizes Interactive Meet on Pharmacopoeia Standards in Haridwar - Indian Pharmacopoeia Commission	66164
/photo-gallery/category/77-signing-of-mou-between-ipc-and-csir-cimap,-lucknow.html	html	en	T3-listing-paginated	Photo Gallery - Signing of MoU Between IPC and CSIR-CIMAP, Lucknow - Indian Pharmacopoeia Commission	62731
/photo-gallery/category/78-renewal-of-mou-between-ipc-pvpi-and-nabh.html	html	en	T3-listing-paginated	Photo Gallery - Renewal of MoU Between IPC-PvPI and NABH - Indian Pharmacopoeia Commission	62655
/photo-gallery/category/79-signing-of-mou-between-ipc-and-uttar-pradesh-fda.html	html	en	T3-listing-paginated	Photo Gallery - Signing of MoU Between IPC and Uttar Pradesh FDA - Indian Pharmacopoeia Commission	62703
/photo-gallery/category/80-indian-pharmacopoeia-commission-ipc-hosted-the-15th-international-meeting-of-world-pharmacopoeias-imwp.html	html	en	T3-listing-paginated	Photo Gallery - Indian Pharmacopoeia Commission (IPC) hosted the 15th International Meeting of World Pharmacopoeias (IMWP) - Indian Pharmacopoeia Commission	66266
/photo-gallery/category/9-38th-scientific-body-meeting.html	html	en	T3-listing-paginated	Photo Gallery - 38th Scientific Body Meeting held on 15.09.2018 at IPC, Ghaziabad - Indian Pharmacopoeia Commission	69666
/privacy-policy.html	html	en	T2-article-detail	Privacy Policy - Indian Pharmacopoeia Commission	57655
/registration.html	html	en	T5-plain-content	Registration - Indian Pharmacopoeia Commission	61504
/related-website-links.html	html	en	T5-plain-content	Related Website Links - Indian Pharmacopoeia Commission	56236
/related-website-links/websitelinks.html	html	en	T5-plain-content	Related Website Links - Indian Pharmacopoeia Commission	56609
/rti.html	html	en	T2-article-detail	RTI - Indian Pharmacopoeia Commission	55757
/rti/8-category-en/618-manuals-under-rti.html	html	en	T2-article-detail	General infromation - Indian Pharmacopoeia Commission	61486
/rti/8-category-en/619-general-information.html	html	en	T2-article-detail	General Information - Indian Pharmacopoeia Commission	73287
/sections.html	html	en	T9-PvPI-static	Sections - Indian Pharmacopoeia Commission	20446
/services.html	html	en	T9-PvPI-static	Services - Indian Pharmacopoeia Commission	20015
/shop/	html	en	T5-plain-content	Indian Pharmacopoeia Commission	47475
/shop/captcha_code_file.php	html	en	T8-stub-no-joomla-markup		3085
/shop/index.php	html	en	T5-plain-content	Indian Pharmacopoeia Commission	47475
/site-map.html	html	en	T2-article-detail	Site Map - Indian Pharmacopoeia Commission	55273
/tenders.html	html	en	T3-listing-paginated	Tenders - Indian Pharmacopoeia Commission	58137
/tenders/lists.html	html	en	T3-listing-paginated	Tenders - Indian Pharmacopoeia Commission	58425
/terms-conditions.html	html	en	T2-article-detail	Terms &amp; Conditions - Indian Pharmacopoeia Commission	57024
/training-form.html	html	en	T5-plain-content	Training Form - Indian Pharmacopoeia Commission	73509
/~ajeet/ipc/mandates/national-formulary-of-india-nfi/about-iprs/8-category-en/264-protocol-of-ip-prednisone-tablet-for-dissolution-apparatus-calibration.html	html	legacy	T2-article-detail	Protocol of IP Prednisone Tablet for Dissolution Apparatus Calibration - Indian Pharmacopoeia Commission	68258
/~ajeet/ipc/mandates/pvpi/materiovigilance-programme-of-india-mvpi/8-category-en/432-launch-of-materiovigilance-programme-of-india-mvpi.html	html	legacy	T2-article-detail	Launch of Materiovigilance Programme of India (MvPI) - Indian Pharmacopoeia Commission	69936
/~ajeet/ipc/mandates/pvpi/pvpi-updates/8-category-en/413-orders-circulars.html	html	legacy	T2-article-detail	Orders &amp; Circulars - Indian Pharmacopoeia Commission	72793
/~ajeet/ipc/mandates/pvpi/pvpi-updates/8-category-en/416-drug-safety-alerts.html	html	legacy	T2-article-detail	Drugs Safety Alerts for Sensitisation of Healthcare Professionals - Indian Pharmacopoeia Commission	70545
/~ajeet/ipc/mandates/pvpi/pvpi-updates/8-category-en/419-mou-between-ipc,ncc-pvpi-and-nabh.html	html	legacy	T2-article-detail	MoU between IPC,NCC-PvPI and NABH - Indian Pharmacopoeia Commission	69485
/~ajeet/ipc/mandates/pvpi/pvpi-updates/8-category-en/420-adrs-reporting-status-of-amcs.html	html	legacy	T2-article-detail	ADRs Reporting Status of AMCs - Indian Pharmacopoeia Commission	70576
/~ajeet/ipc/mandates/pvpi/pvpi-updates/8-category-en/421-pvpi-newsletters.html	html	legacy	T2-article-detail	PvPI Newsletters - Indian Pharmacopoeia Commission	81294
/~ajeet/ipc/mandates/pvpi/pvpi-updates/8-category-en/422-regulatory-actions.html	html	legacy	T2-article-detail	Regulatory Actions based on PvPI recommendations - Indian Pharmacopoeia Commission	76841
/~ajeet/ipc/mandates/pvpi/pvpi-updates/8-category-en/423-monthly-progress-report-pvpi.html	html	legacy	T2-article-detail	Monthly Progress Report (PvPI) - Indian Pharmacopoeia Commission	68586
/~ajeet/ipc/mandates/pvpi/pvpi-updates/8-category-en/427-pvpi-recommendations-to-regulators.html	html	legacy	T2-article-detail	PvPI recommendations to Regulators - Indian Pharmacopoeia Commission	68625
/~ajeet/ipc/mandates/pvpi/pvpi-updates/8-category-en/428-union-health-minister-inaugurated-the-38th-annual-meeting-of-representatives-of-national-pharmacovigilance-centres-participating-in-the-who-programme-for-international-drug-monitoring.html	html	legacy	T2-article-detail	Union Health Minister inaugurated the 38th Annual Meeting of Representatives of National Pharmacovigilance Centres participating in the WHO Programme for International Drug Monitoring - Indian Pharmacopoeia Commission	72366
/~ajeet/ipc/mandates/pvpi/pvpi-updates/8-category-en/429-pvpi-frequently-asked-questions.html	html	legacy	T2-article-detail	PvPI-Frequently asked questions - Indian Pharmacopoeia Commission	77701
/~ajeet/ipc/mandates/pvpi/pvpi-updates/8-category-en/430-adr-reporting-form-for-consumers-in-hindi-other-vernacular-languages.html	html	legacy	T2-article-detail	ADR Reporting Form for Consumers in Hindi &amp; other Vernacular Languages - Indian Pharmacopoeia Commission	71736
/~ajeet/ipc/mandates/skill-development/8-category-en/218-benefit-of-one-day-awareness-program-on-indian-pharmacopoeia-and-indian-pharmacopoeia-reference-standards.html	html	legacy	T2-article-detail	Benefit of One day awareness program on Indian Pharmacopoeia and Indian Pharmacopoeia Reference Standards - Indian Pharmacopoeia Commission	69856
/~ajeet/ipc/mandates/skill-development/8-category-en/284-training-programme-3.html	html	legacy	T2-article-detail	Training Programme - Indian Pharmacopoeia Commission	84933
/~ajeet/ipc/news-highlights/144-gst-number-for-indian-pharmacopoeia-commission.html	html	legacy	T2-article-detail	GST Number for Indian Pharmacopoeia Commission - Indian Pharmacopoeia Commission	68228
/PvPI/about/Signal Review Panel under PvPI.pdf	pdf				
/PvPI/about/Signal%20Review%20Panel%20under%20PvPI.pdf	pdf				
/PvPI/adr/ADR reporting Form_Kala Azar_28-02-2017.pdf	pdf				
/PvPI/adr/ADR%20reporting%20Form_Kala%20Azar_28-02-2017.pdf	pdf				
/PvPI/adr/ADR.pdf	pdf				
/PvPI/adr/Assamese.pdf	pdf				
/PvPI/adr/August 2017.pdf	pdf				
/PvPI/adr/August%202017.pdf	pdf				
/PvPI/adr/Bengali.pdf	pdf				
/PvPI/adr/December-2016.pdf	pdf				
/PvPI/adr/February 2017.pdf	pdf				
/PvPI/adr/February%202017.pdf	pdf				
/PvPI/adr/Gujarati.pdf	pdf				
/PvPI/adr/Hindi.pdf	pdf				
/PvPI/adr/January 2017.pdf	pdf				
/PvPI/adr/January%202017.pdf	pdf				
/PvPI/adr/July 2017.pdf	pdf				
/PvPI/adr/July%202017.pdf	pdf				
/PvPI/adr/June 2017.pdf	pdf				
/PvPI/adr/June%202017.pdf	pdf				
/PvPI/adr/Kannada.pdf	pdf				
/PvPI/adr/Malayalam.pdf	pdf				
/PvPI/adr/Marathi.pdf	pdf				
/PvPI/adr/March 2017.pdf	pdf				
/PvPI/adr/March%202017.pdf	pdf				
/PvPI/adr/May 2017.pdf	pdf				
/PvPI/adr/May%202017.pdf	pdf				
/PvPI/adr/November-2016.pdf	pdf				
/PvPI/adr/October-2016 .pdf	pdf				
/PvPI/adr/October-2016%20.pdf	pdf				
/PvPI/adr/Oriya.pdf	pdf				
/PvPI/adr/September 2017.pdf	pdf				
/PvPI/adr/September%202017.pdf	pdf				
/PvPI/adr/Serious AEFI Case notification form.pdf	pdf				
/PvPI/adr/Serious%20AEFI%20Case%20notification%20form.pdf	pdf				
/PvPI/adr/Tamil.pdf	pdf				
/PvPI/adr/Telugu.pdf	pdf				
/PvPI/das/Drug Alert (April 2017).pdf	pdf				
/PvPI/das/Drug Alert (April 2018).pdf	pdf				
/PvPI/das/Drug Alert (February 2017).pdf	pdf				
/PvPI/das/Drug Alert (January 2017).pdf	pdf				
/PvPI/das/Drug Alert (June 2017).pdf	pdf				
/PvPI/das/Drug Alert (March 2016).pdf	pdf				
/PvPI/das/Drug Alert (March 2017).pdf	pdf				
/PvPI/das/Drug Alert (March 2018).pdf	pdf				
/PvPI/das/Drug Alert (May 2017).pdf	pdf				
/PvPI/das/Drug Safety Alert (April 2016).pdf	pdf				
/PvPI/das/Drug Safety Alert (August 2016).pdf	pdf				
/PvPI/das/Drug Safety Alert (August 2017).pdf	pdf				
/PvPI/das/Drug Safety Alert (December 2016).pdf	pdf				
/PvPI/das/Drug Safety Alert (December 2017).pdf	pdf				
/PvPI/das/Drug Safety Alert (February 2018).pdf	pdf				
/PvPI/das/Drug Safety Alert (January 2018).pdf	pdf				
/PvPI/das/Drug Safety Alert (July 2016) .pdf	pdf				
/PvPI/das/Drug Safety Alert (July 2017).pdf	pdf				
/PvPI/das/Drug Safety Alert (June 2016) .pdf	pdf				
/PvPI/das/Drug Safety Alert (May 2016).pdf	pdf				
/PvPI/das/Drug Safety Alert (November 2016).pdf	pdf				
/PvPI/das/Drug Safety Alert (September 2017).pdf	pdf				
/PvPI/das/Drug%20Alert%20(April%202017).pdf	pdf				
/PvPI/das/Drug%20Alert%20(April%202018).pdf	pdf				
/PvPI/das/Drug%20Alert%20(February%202017).pdf	pdf				
/PvPI/das/Drug%20Alert%20(January%202017).pdf	pdf				
/PvPI/das/Drug%20Alert%20(June%202017).pdf	pdf				
/PvPI/das/Drug%20Alert%20(March%202016).pdf	pdf				
/PvPI/das/Drug%20Alert%20(March%202017).pdf	pdf				
/PvPI/das/Drug%20Alert%20(March%202018).pdf	pdf				
/PvPI/das/Drug%20Alert%20(May%202017).pdf	pdf				
/PvPI/das/Drug%20Safety%20Alert%20(April%202016).pdf	pdf				
/PvPI/das/Drug%20Safety%20Alert%20(August%202016).pdf	pdf				
/PvPI/das/Drug%20Safety%20Alert%20(August%202017).pdf	pdf				
/PvPI/das/Drug%20Safety%20Alert%20(December%202016).pdf	pdf				
/PvPI/das/Drug%20Safety%20Alert%20(December%202017).pdf	pdf				
/PvPI/das/Drug%20Safety%20Alert%20(February%202018).pdf	pdf				
/PvPI/das/Drug%20Safety%20Alert%20(January%202018).pdf	pdf				
/PvPI/das/Drug%20Safety%20Alert%20(July%202016)%20.pdf	pdf				
/PvPI/das/Drug%20Safety%20Alert%20(July%202017).pdf	pdf				
/PvPI/das/Drug%20Safety%20Alert%20(June%202016)%20.pdf	pdf				
/PvPI/das/Drug%20Safety%20Alert%20(May%202016).pdf	pdf				
/PvPI/das/Drug%20Safety%20Alert%20(November%202016).pdf	pdf				
/PvPI/das/Drug%20Safety%20Alert%20(November%202017).pdf	pdf				
/PvPI/das/Drug%20Safety%20Alert%20(October%202017).pdf	pdf				
/PvPI/das/Drug%20Safety%20Alert%20(September%202017).pdf	pdf				
/PvPI/das/PvPI%20recommendations%20to%20CDSCO%20for%20regulatory%20actions%20.pdf	pdf				
/PvPI/das/Regulatory Pharmacovigilance -Imp Safety label changes to Carbamazepine containing products -Reg.pdf	pdf				
/PvPI/das/Regulatory Pharmacovigilance -Potential signal and Recommendation for the label change of certain medicinal product marketed in India - Reg.pdf	pdf				
/PvPI/das/Regulatory%20Pharmacovigilance%20-Imp%20Safety%20label%20changes%20to%20Carbamazepine%20containing%20products%20-Reg.pdf	pdf				
/PvPI/das/Regulatory%20Pharmacovigilance%20-Potential%20signal%20and%20Recommendation%20for%20the%20label%20change%20of%20certain%20medicinal%20product%20marketed%20in%20India%20-%20Reg.pdf	pdf				
/PvPI/et/calender/Calendar2017.pdf	pdf				
/PvPI/et/calender/Industry%20Training%20Calender.pdf	pdf				
/PvPI/et/sdpbrochure2018.pdf	pdf				
/PvPI/et/training/Cancellation and Refund policy for Skill Development Fee.pdf	pdf				
/PvPI/ne/MOM of 3rd Interactive Session.pdf	pdf				
/PvPI/ne/MOM of 4th Interactive Session.pdf	pdf				
/PvPI/ne/roles.pdf	pdf				
/PvPI/newsletter/Newsletter Vol 1 Issue 1 2011 PDF.pdf	pdf				
/PvPI/newsletter/Newsletter Vol 2 Issue 2 2012 PDF.pdf	pdf				
/PvPI/newsletter/Newsletter Vol 3 Issue 5 2013 PDF.pdf	pdf				
/PvPI/newsletter/Newsletter Vol 3 Issue 6 2013 PDF.pdf	pdf				
/PvPI/newsletter/Newsletter Vol 4 Issue 10 2014 PDF.pdf	pdf				
/PvPI/newsletter/Newsletter Vol 5 Issue 11 2015 PDF.pdf	pdf				
/PvPI/newsletter/Newsletter Vol 5 Issue 12 2015 PDF.pdf	pdf				
/PvPI/newsletter/Newsletter Vol 5 Issue 13 2015 PDF.pdf	pdf				
/PvPI/newsletter/Newsletter Vol 6 Issue 14 2016 PDF.pdf	pdf				
/PvPI/newsletter/Newsletter Vol 6 Issue 15 2016 PDF.pdf	pdf				
/PvPI/newsletter/Newsletter Vol 6 Issue 16 2016 PDF.pdf	pdf				
/PvPI/newsletter/Newsletter Vol 6 Issue 17 2016 PDF.pdf	pdf				
/PvPI/newsletter/Newsletter Vol 7 Issue 18 2017 PDF-min.pdf	pdf				
/PvPI/newsletter/Newsletter Vol 7 Issue 19 2017 PDF.pdf	pdf				
/PvPI/newsletter/Newsletter Vol 7 Issue 20 2017 PDF.pdf	pdf				
/PvPI/newsletter/Newsletter Vol 7 Issue 21 2017 PDF.pdf	pdf				
/PvPI/newsletter/Newsletter%20Vol%201%20Issue%201%202011%20PDF.pdf	pdf				
/PvPI/newsletter/Newsletter%20Vol%202%20Issue%202%202012%20PDF.pdf	pdf				
/PvPI/newsletter/Newsletter%20Vol%203%20Issue%205%202013%20PDF.pdf	pdf				
/PvPI/newsletter/Newsletter%20Vol%203%20Issue%206%202013%20PDF.pdf	pdf				
/PvPI/newsletter/Newsletter%20Vol%204%20Issue%2010%202014%20PDF.pdf	pdf				
/PvPI/newsletter/Newsletter%20Vol%205%20Issue%2011%202015%20PDF.pdf	pdf				
/PvPI/newsletter/Newsletter%20Vol%205%20Issue%2012%202015%20PDF.pdf	pdf				
/PvPI/newsletter/Newsletter%20Vol%205%20Issue%2013%202015%20PDF.pdf	pdf				
/PvPI/newsletter/Newsletter%20Vol%206%20Issue%2014%202016%20PDF.pdf	pdf				
/PvPI/newsletter/Newsletter%20Vol%206%20Issue%2015%202016%20PDF.pdf	pdf				
/PvPI/newsletter/Newsletter%20Vol%206%20Issue%2016%202016%20PDF.pdf	pdf				
/PvPI/newsletter/Newsletter%20Vol%206%20Issue%2017%202016%20PDF.pdf	pdf				
/PvPI/newsletter/Newsletter%20Vol%207%20Issue%2018%202017%20PDF-min.pdf	pdf				
/PvPI/newsletter/Newsletter%20Vol%207%20Issue%2019%202017%20PDF.pdf	pdf				
/PvPI/newsletter/Newsletter%20Vol%207%20Issue%2020%202017%20PDF.pdf	pdf				
/PvPI/newsletter/Newsletter%20Vol%207%20Issue%2021%202017%20PDF.pdf	pdf				
/PvPI/nh/File749.pdf	pdf				
/PvPI/nh/File750.pdf	pdf				
/PvPI/oi/Stakeholder Feedback form.pdf	pdf				
/PvPI/oi/Stakeholder%20Feedback%20form.pdf	pdf				
/PvPI/oi/aefi.pdf	pdf				
/PvPI/oi/trrf.pdf	pdf				
/PvPI/order/Circular for Govt.Non Govt.Corporate Hospital.pdf	pdf				
/PvPI/order/Circular%20for%20Govt.Non%20Govt.Corporate%20Hospital.pdf	pdf				
/PvPI/order/Office Memorandum (Evaluation of PSURs data).pdf	pdf				
/PvPI/order/Office%20Memorandum%20(Evaluation%20of%20PSURs%20data).pdf	pdf				
/PvPI/pub/Annual Performace Report 2017-18.pdf	pdf				
/PvPI/pub/Annual Report 2016-17.pdf	pdf				
/PvPI/pub/Annual%20Performace%20Report%202017-18.pdf	pdf				
/PvPI/pub/Annual%20Report%202016-17.pdf	pdf				
/PvPI/pub/April 2016.pdf	pdf				
/PvPI/pub/April 2017.pdf	pdf				
/PvPI/pub/April%202016.pdf	pdf				
/PvPI/pub/April%202017.pdf	pdf				
/PvPI/pub/August 2016.pdf	pdf				
/PvPI/pub/August 2017.pdf	pdf				
/PvPI/pub/August%202016.pdf	pdf				
/PvPI/pub/August%202017.pdf	pdf				
/PvPI/pub/December 2015.pdf	pdf				
/PvPI/pub/December 2016.pdf	pdf				
/PvPI/pub/December 2017.pdf	pdf				
/PvPI/pub/December%202015.pdf	pdf				
/PvPI/pub/December%202016.pdf	pdf				
/PvPI/pub/December%202017.pdf	pdf				
/PvPI/pub/February 2016.pdf	pdf				
/PvPI/pub/February 2017.pdf	pdf				
/PvPI/pub/February%202016.pdf	pdf				
/PvPI/pub/February%202017.pdf	pdf				
/PvPI/pub/Guidance Document for Marketing Authorization Holders.pdf	pdf				
/PvPI/pub/Guidance Document for spontaneous Adverse Drug Reaction Reporting.pdf	pdf				
/PvPI/pub/Guidance%20Document%20for%20Marketing%20Authorization%20Holders.pdf	pdf				
/PvPI/pub/Guidance%20Document%20for%20spontaneous%20Adverse%20Drug%20Reaction%20Reporting.pdf	pdf				
/PvPI/pub/January 2016.pdf	pdf				
/PvPI/pub/January 2017.pdf	pdf				
/PvPI/pub/January%202016.pdf	pdf				
/PvPI/pub/January%202017.pdf	pdf				
/PvPI/pub/July 2016.pdf	pdf				
/PvPI/pub/July 2017.pdf	pdf				
/PvPI/pub/July%202016.pdf	pdf				
/PvPI/pub/July%202017.pdf	pdf				
/PvPI/pub/June 2017.pdf	pdf				
/PvPI/pub/June%202017.pdf	pdf				
/PvPI/pub/June-2016.pdf	pdf				
/PvPI/pub/March 2016.pdf	pdf				
/PvPI/pub/March 2017.pdf	pdf				
/PvPI/pub/March%202016.pdf	pdf				
/PvPI/pub/March%202017.pdf	pdf				
/PvPI/pub/May 2016.pdf	pdf				
/PvPI/pub/May 2017.pdf	pdf				
/PvPI/pub/May%202016.pdf	pdf				
/PvPI/pub/May%202017.pdf	pdf				
/PvPI/pub/November 2015.pdf	pdf				
/PvPI/pub/November 2016.pdf	pdf				
/PvPI/pub/November 2017.pdf	pdf				
/PvPI/pub/November%202015.pdf	pdf				
/PvPI/pub/November%202016.pdf	pdf				
/PvPI/pub/November%202017.pdf	pdf				
/PvPI/pub/October 2015.pdf	pdf				
/PvPI/pub/October 2016.pdf	pdf				
/PvPI/pub/October 2017.pdf	pdf				
/PvPI/pub/October%202015.pdf	pdf				
/PvPI/pub/October%202016.pdf	pdf				
/PvPI/pub/October%202017.pdf	pdf				
/PvPI/pub/Pharmacovigilance Programme of India Annual performance Report 2014-2015.pdf	pdf				
/PvPI/pub/Pharmacovigilance Programme of India Annual performance Report 2015-2016.pdf	pdf				
/PvPI/pub/Pharmacovigilance%20Programme%20of%20India%20Annual%20performance%20Report%202014-2015.pdf	pdf				
/PvPI/pub/Pharmacovigilance%20Programme%20of%20India%20Annual%20performance%20Report%202015-2016.pdf	pdf				
/PvPI/pub/September 2015.pdf	pdf				
/PvPI/pub/September 2016.pdf	pdf				
/PvPI/pub/September 2017.pdf	pdf				
/PvPI/pub/September%202015.pdf	pdf				
/PvPI/pub/September%202016.pdf	pdf				
/PvPI/pub/September%202017.pdf	pdf				
/images/000273114.pdf	pdf				
/images/01.04.2021_Final_Tender_Document_for_13_Reference_Substances_1.pdf	pdf				
/images/01.04.2021_Final_Tender_Document_for_202_Impurity_Procurement.pdf	pdf				
/images/01.08.2024_Copper_Sulphate_Ver_2.pdf	pdf				
/images/05.01.2023_Dasatinib_Tablets_version_2.0.pdf	pdf				
/images/05.01.2023_Dasatinib_version_2.0.pdf	pdf				
/images/05.01.2023_Ibuprofen_Oral_Suspension_version_2.0.pdf	pdf				
/images/05.01.2023_Pimobendan_Capsules_version_2.0.pdf	pdf				
/images/05.01.2023_Pimobendan_version_2.0.pdf	pdf				
/images/1._Clarification_on_Alternative_Methods_Dated_February_26_2021.pdf	pdf				
/images/1._Extraction_and_purification_techniques_of_phytoconstituents_20102022.pdf	pdf				
/images/1._IPC_Update_Feb_4_2022.pdf	pdf				
/images/10._Draft_for_General_Chapter_on_HPTLC_-_19082021.pdf	pdf				
/images/12._IPC_Update_Oct_9_2024.pdf	pdf				
/images/172_IMPURITY.pdf	pdf				
/images/1_ICH_ICSR_Implementation_Guide_v5_02.pdf	pdf				
/images/2-4-7-Chloroquinolin-4yl_aminopentylaminoethanol_HCQS_Impurity_.pdf	pdf				
/images/2-Ethylhexanoic_acid_IMPE015.pdf	pdf				
/images/2-Methyl-5-nitroimidazole.pdf	pdf				
/images/2-aminophenol_Mesalazine_Impurity_C.pdf	pdf				
/images/2.1.7_Balances_used_in_Analytical_Procedures__V2__30.12.2024.pdf	pdf				
/images/2.3.18_Sulphated_Ash_Ver._1_08.10.2024.pdf	pdf				
/images/2.4.1._Appearance_of_Solution_Ver._1_08.10.2024.pdf	pdf				
/images/2.4.24._pH_Values_V1_Web.pdf	pdf				
/images/2.4.30._Total_Organic_Carbon_V1_Web.pdf	pdf				
/images/2.4.32._Capillary_Electrophoresis_ver_1.0.pdf	pdf				
/images/2.4.48._Powder_Flow_V1_Web.pdf	pdf				
/images/2.4.49_Powder_Fineness_V1_Web.pdf	pdf				
/images/2.5.1._Disintegration_Test_V2_30.12.2024.pdf	pdf				
/images/2.5.1._Disintegration_Ver._1_08.10.2024.pdf	pdf				
/images/2.5.2_Dissolution_Ver._1_08.10.2024.pdf	pdf				
/images/2.5.4._i_Uniformity_of_Dosage_Units_Ver._1_08.10.2024.pdf	pdf				
/images/2.5.4.i_Uniformity_of_Dosage_Units_Ver._2_08.11.2024.pdf	pdf				
/images/2.NPW_AGENDA_-_17.9.2024.pdf	pdf				
/images/2._IPC_Update_June_23_2022.pdf	pdf				
/images/2._Notice_on_Use_of_Authentic_IP_Dated_January_10_2022.pdf	pdf				
/images/2023-10_PDG_Fall_Meeting_-_Meeting_Highlights_Final.pdf	pdf				
/images/2024-10_PDG_Fall_Meeting_-_Meeting_Highlights_final_clean_1.pdf	pdf				
/images/24-butylphenylpropionic_acid_IMPB030.pdf	pdf				
/images/24.1.25_Fresh_Frozen_Plasma_FFP_apheresis.pdf	pdf				
/images/29.08.2025_Phytopharmaceutical-Drugs-General-Guidance-for-Development.pdf	pdf				
/images/3-Keto_Fusidic_acid.pdf	pdf				
/images/3-O-DESACYL-4-MONOPHOSPHORYL_LIPID_A_draft_monograph_dated_22.07.2024.pdf	pdf				
/images/3._Notice_on_Use_of_Authentic_IPRS_Dated_February_4_2022.PDF	pdf				
/images/387MDMCs_Detail_IT.pdf	pdf				
/images/387MDMCs_Details_.pdf	pdf				
/images/39th_SB_Meeting_MOM.pdf	pdf				
/images/4-Hydroxycoumarin_Warfarin_Impurity_B.pdf	pdf				
/images/4._Clarification_on_General_Chapters_of_IP_2022_Dated_October_27_2022.pdf	pdf				
/images/44_Derecognition_MDMC_Centre_Upload_Website.pdf	pdf				
/images/4th_Quarterly_RTI_Report.PDF	pdf				
/images/5-methoxy-1H-benzimidazole-2-thiol_IMPM061.pdf	pdf				
/images/5.10_Elemental_Impurities_V2_Web.pdf	pdf				
/images/5.10_Elemental_Impurities_Ver._1_08.10.2024.pdf	pdf				
/images/5._IPC_Update_October_5_2023_PDG.pdf	pdf				
/images/547_MDMC_Centre_Upload_Website.pdf	pdf				
/images/5th_Asia_Pacific_Pharmacovigilance_Training_Course_-_Press_release.pdf	pdf				
/images/6-chloro-3-hydroxyamide_IMPC052.pdf	pdf				
/images/6._IPC_Update_October_17_2023_PDG.pdf	pdf				
/images/613_IPRS.pdf	pdf				
/images/7.International_Webinar_Brochure-1-3-1_1.pdf_FOR_UPLOAD.pdf	pdf				
/images/7._IPC_Update_February_29_2024_Nicaragua.pdf	pdf				
/images/760_AMC_Details_under_PvPI.pdf	pdf				
/images/7th_Ispor.pdf	pdf				
/images/842_AMC_Details_As_on_date_03.08.2023_for_website.pdf	pdf				
/images/895AMC_list_updated.pdf	pdf				
/images/9._IPC_Update_March_18_2024_IPC-USP_MoU.pdf	pdf				
/images/9th_Regional_Workshop_Tentative_Agenda.pdf	pdf				
/images/9th_regional_workshop_information_brochure.pdf	pdf				
/images/ADR-Reporting-Form1.3.pdf	pdf				
/images/ADR-Reporting_status_of_April-2022_1.pdf	pdf				
/images/ADR-Reporting_status_of_April-2023.pdf	pdf				
/images/ADR-Reporting_status_of_Aug-2022.pdf	pdf				
/images/ADR-Reporting_status_of_Aug-2023.pdf	pdf				
/images/ADR-Reporting_status_of_Dec-2022_1.pdf	pdf				
/images/ADR-Reporting_status_of_Feb-2022.pdf	pdf				
/images/ADR-Reporting_status_of_Feb-2023_1.pdf	pdf				
/images/ADR-Reporting_status_of_Jan-2022.pdf	pdf				
/images/ADR-Reporting_status_of_Jan-2023.pdf	pdf				
/images/ADR-Reporting_status_of_July-2022.pdf	pdf				
/images/ADR-Reporting_status_of_July-2023.pdf	pdf				
/images/ADR-Reporting_status_of_June-2022_1.pdf	pdf				
/images/ADR-Reporting_status_of_June-2023.pdf	pdf				
/images/ADR-Reporting_status_of_March-2022_1.pdf	pdf				
/images/ADR-Reporting_status_of_March-2023.pdf	pdf				
/images/ADR-Reporting_status_of_May-2022_2.pdf	pdf				
/images/ADR-Reporting_status_of_May-2023.pdf	pdf				
/images/ADR-Reporting_status_of_Nov-2022.pdf	pdf				
/images/ADR-Reporting_status_of_Oct-2022.pdf	pdf				
/images/ADR-Reporting_status_of_Sept-2022.pdf	pdf				
/images/ADR-Reporting_status_of_Sept-2023_1.pdf	pdf				
/images/ADR_Reporting_Form_1.4_Version.pdf	pdf				
/images/ADR_Reporting_Status-_Feb-2024_pdf.pdf	pdf				
/images/ADR_Reporting_Status_-March-2024.pdf	pdf				
/images/ADR_Reporting_Status_December-2023.pdf	pdf				
/images/ADR_Reporting_Status_January-2024.pdf	pdf				
/images/ADR_reporting_status_of_PvPI_-April_-2024_1.pdf	pdf				
/images/ADR_reporting_status_of_PvPI_-Aug-2024_2.pdf	pdf				
/images/ADR_reporting_status_of_PvPI_-December-2024.pdf	pdf				
/images/ADR_reporting_status_of_PvPI_-July-2024.pdf	pdf				
/images/ADR_reporting_status_of_PvPI_-June-2024_1.pdf	pdf				
/images/ADR_reporting_status_of_PvPI_-May_-2024.pdf	pdf				
/images/ADR_reporting_status_of_PvPI_-November-2024_1.pdf	pdf				
/images/ADR_reporting_status_of_PvPI_-October-2024.pdf	pdf				
/images/ADR_reporting_status_of_PvPI_-September-2024_1.pdf	pdf				
/images/ADR_reporting_status_of_PvPI_-_April-2025.pdf	pdf				
/images/ADR_reporting_status_of_PvPI_-_Feb-2025.pdf	pdf				
/images/ADR_reporting_status_of_PvPI_-_January-2025.pdf	pdf				
/images/ADR_reporting_status_of_PvPI_-_July-2025.pdf	pdf				
/images/ADR_reporting_status_of_PvPI_-_June_-2025.pdf	pdf				
/images/ADR_reporting_status_of_PvPI_-_March-2025.pdf	pdf				
/images/ADR_reporting_status_of_PvPI_-_May-2025.pdf	pdf				
/images/ADRs_Reporting_Status_April_2020.pdf	pdf				
/images/ADRs_Reporting_Status_February_2020.pdf	pdf				
/images/ADRs_Reporting_Status_March_2020.pdf	pdf				
/images/AFI.pdf	pdf				
/images/AIIMS_Guwahati_Brochure-_2025.pdf	pdf				
/images/AMC_List.pdf	pdf				
/images/AMEND_PRESS_NOTE.pdf	pdf				
/images/ANNUAL_REPORT_REGARDING_RTI_ACT-2005_1.pdf	pdf				
/images/ARD_Advertisement-_IPC.pdf	pdf				
/images/ARTESUNATE.pdf	pdf				
/images/ARnD/01.-Coal-tar-API.pdf	pdf				
/images/ARnD/02.-Coal-Tar-and-Salicylic-Acid-Ointment.pdf	pdf				
/images/ARnD/03.-Delamanid.pdf	pdf				
/images/ARnD/04.-Ferrous-Fumarate-and-Folic-Acid-Tablets.pdf	pdf				
/images/ARnD/05-Melatonin.pdf	pdf				
/images/ARnD/06.-Melatonin-Tablets.pdf	pdf				
/images/ARnD/07.-Nicotine.pdf	pdf				
/images/ARnD/08.-Nilotinib-Hydrochloride-Monohydrate.pdf	pdf				
/images/ARnD/09.-Nilotinib-Capsules.pdf	pdf				
/images/ARnD/1.-Carmellose-API.pdf	pdf				
/images/ARnD/1.-DRAFT-Amendments-for-Addendum-2028-10.6.2026.pdf	pdf				
/images/ARnD/1.-Dapagliflozin-Propanediol-Monohydrate--and-Metforn-Hydrochloride-Prolonged-release-Tablets.pdf	pdf				
/images/ARnD/10.-Metformin-and-Sitagliptin-Tablets.pdf	pdf				
/images/ARnD/10.-Polyethylene-Glycol.pdf	pdf				
/images/ARnD/10.-Pretomanid.pdf	pdf				
/images/ARnD/11.-Methylene-Chloride.pdf	pdf				
/images/ARnD/11.-Polyethylene-Glycol-3350.pdf	pdf				
/images/ARnD/11.-Pretomanid-Tablets.pdf	pdf				
/images/ARnD/12.-Nicardipine-Hydrochloride--Injection.pdf	pdf				
/images/ARnD/12.-Povidone-Iodine-Eye-Drops.pdf	pdf				
/images/ARnD/12.-Trypsin-Chymotrypsin-Tablets.pdf	pdf				
/images/ARnD/13-Sumatriptan-Tablets.pdf	pdf				
/images/ARnD/13.-Potato-Starch.pdf	pdf				
/images/ARnD/14.-Rice-Starch.pdf	pdf				
/images/ARnD/14.-Trypsin.pdf	pdf				
/images/ARnD/15.-Sunitinib-Malate.pdf	pdf				
/images/ARnD/16.-Sunitinib-Capsules.pdf	pdf				
/images/ARnD/17.-Wheat-Starch.pdf	pdf				
/images/ARnD/2.-Corn-Starch.pdf	pdf				
/images/ARnD/2.-Empagliflozin-Api.pdf	pdf				
/images/ARnD/22.-IPC-Update-May-15-2026.pdf	pdf				
/images/ARnD/24.-IPC-Update-July-10-2026.pdf	pdf				
/images/ARnD/3.-Doxycycline-for-injection.pdf	pdf				
/images/ARnD/3.-Empagliflozin-tablets.pdf	pdf				
/images/ARnD/4.-Doxycycline-API.pdf	pdf				
/images/ARnD/4.-Iron-Sucrose-Injection.pdf	pdf				
/images/ARnD/5.-Eltrombopag-Olamine.pdf	pdf				
/images/ARnD/5.-Methenamine-Hippurate.pdf	pdf				
/images/ARnD/6.-Eltrombopag-Olamine-tablets.pdf	pdf				
/images/ARnD/6.-Methenamine-Hippurate-Tablets.pdf	pdf				
/images/ARnD/7.-Fluconazole-in-Dextrose-Injection.pdf	pdf				
/images/ARnD/7.-Pazopanib-HCL.pdf	pdf				
/images/ARnD/8.-Halothane.pdf	pdf				
/images/ARnD/8.-Pazopanib-Tablets.pdf	pdf				
/images/ARnD/9.-Mesalazine-Gastro-resistant-Tablets.pdf	pdf				
/images/ARnD/9.-Phenytoin-Injection.pdf	pdf				
/images/ARnD/Approved--minutes-60th-SB-IPC.pdf	pdf				
/images/ARnD/Approved-minutes-59th-SB-IPC.pdf	pdf				
/images/ARnD/EoI_AnnexureI_Application-form_Verification-of-IP-Monographs.pdf	pdf				
/images/ARnD/EoI_verification-of-IP-monographs.pdf	pdf				
/images/ARnD/GD-11-Testing-of-DEG-and-EG-V2.0.pdf	pdf				
/images/ARnD/IP-Online-Notice-17Jul26.pdf	pdf				
/images/ARnD/Introduction-Pages-IP-2026.pdf	pdf				
/images/ARnD/Letter-for-Amendment-List-01-to-IP-2026_0001.pdf	pdf				
/images/ARnD/Letter-for-Errata-01-to-IP-2026_0001.pdf	pdf				
/images/ARnD/PDG-Annual-Meeting-Tokyo-October-2025.pdf	pdf				
/images/ARnD/PDG-Fall-Meeting---Meeting-Highlights.pdf	pdf				
/images/ARnD/PDG-Work-Plan-PPT.pdf	pdf				
/images/ARnD/PDG-working-Procedure.pdf	pdf				
/images/Abacavir_Sulphate.pdf	pdf				
/images/Acamprosate_Gastro-resistant_Tablets.pdf	pdf				
/images/Acamprosate_Gastro-resistant_Tablets_Ver._2_01.08.2024_1.pdf	pdf				
/images/Accreditation__Certification_at_IPC.pdf	pdf				
/images/Acebutolol_HCl.pdf	pdf				
/images/Aceclofenac_1_-converted_1.pdf	pdf				
/images/Aceclofenac_and_Paracetamol_Tablets.pdf	pdf				
/images/Aceclofenac_and_Paracetamol_Tablets_ver_2.0.pdf	pdf				
/images/Acesulphame_Potassium.pdf	pdf				
/images/Acetazolamide.pdf	pdf				
/images/Acetylcysteine.pdf	pdf				
/images/Acetylcysteine_Injection_Ver._2_01.08.2024.pdf	pdf				
/images/Acetylcysteine_Ver._1_11.09.2023.pdf	pdf				
/images/Acetylcysteine_injection.pdf	pdf				
/images/Achievements_of_IPC_in_the_year_2014-15_Final.pdf	pdf				
/images/Achievements_of_IPC_in_the_year_2015-16_Final_1.pdf	pdf				
/images/Achievements_of_IPC_in_the_year_2016-17_-_FINAL.pdf	pdf				
/images/Aciclovir.pdf	pdf				
/images/Aciclovir_Cream.pdf	pdf				
/images/Aciclovir_Dispersible_Tablets.pdf	pdf				
/images/Aciclovir_Eye_Ointment.pdf	pdf				
/images/Aciclovir_IPRSA036.pdf	pdf				
/images/Aciclovir_Injection_Ver._1_08.11.2024.pdf	pdf				
/images/Aciclovir_Intravenous_Infusion.pdf	pdf				
/images/Aciclovir_Oral_Suspension.pdf	pdf				
/images/Aciclovir_Tablets.pdf	pdf				
/images/Adalapene.pdf	pdf				
/images/Adalapene_Gel.pdf	pdf				
/images/Adalapene_Gel_Ver._2_08.10.2024.pdf	pdf				
/images/Adalapene_Ver._2_08.10.2024.pdf	pdf				
/images/Adenine.pdf	pdf				
/images/Adenine_Ver._2_01.08.2024.pdf	pdf				
/images/Admin/General-Body-Member-List-2025-26-1.pdf	pdf				
/images/Admin/Governing-Body-Members-List-2025-26-1.pdf	pdf				
/images/Admin/RTI-Annual-report-for-the-year-2025-26.pdf	pdf				
/images/Admin/RTI-Quarter-ending-30-06-2026.pdf	pdf				
/images/Admin/RTI-Quarterly-report-ending-31-03-2026.pdf	pdf				
/images/Admin/RTI-quarterly-report-1.pdf	pdf				
/images/Admin/updated-RR.pdf	pdf				
/images/Administration_Division_All_Activities.pdf	pdf				
/images/Adrenaline_Tartrate.pdf	pdf				
/images/Adver_Phyto_30.11.2022_1.pdf	pdf				
/images/Advertisement-for-the-post-of-SO--AA.pdf	pdf				
/images/Advertisement_English.pdf	pdf				
/images/Advertisement_Hindi.pdf	pdf				
/images/Advertisement_IT.pdf	pdf				
/images/Advertisement_Notice-_AMR_18-10-2019.pdf	pdf				
/images/Advertisement_and_Recruitment_Rule_for_three_posts.pdf	pdf				
/images/Advertisement_for_Jr_PvA_27.03.24.pdf	pdf				
/images/Advertisement_for_Sr._PA.pdf	pdf				
/images/Advertisement_for_Sr._PA_2.pdf	pdf				
/images/Advertisement_for_the_post_of_Secretary-cum_Scientific_Director_with_application_form_1.pdf	pdf				
/images/Advertisement_of_VET.pdf	pdf				
/images/Advertisemn-English--Hindi.pdf	pdf				
/images/Advertisment-for-consultant--Sr-Pharmacopoeial-Associate.pdf	pdf				
/images/Advertisment_for_HR.pdf	pdf				
/images/Advertisment_for_Jr._Materiovigilance_Associate_1_postMarch_2023.pdf	pdf				
/images/Advertisment_for_Jr_PvAwho_cc.pdf	pdf				
/images/Advertisment_for_Sr_PvA_1.pdf	pdf				
/images/Advertisment_of_IT_Associate1_post_4.pdf	pdf				
/images/Advisiory_for_Reporting_ADRs_due_to_Hydroxychloroquine_in_COVID-19.pdf	pdf				
/images/Agenda.pdf	pdf				
/images/Agenda_NPW_2023.pdf	pdf				
/images/Agenda_for_2nd_NPW_2022_16_09_2022.pdf	pdf				
/images/Albendazole.pdf	pdf				
/images/Alfuzosin_HCl.pdf	pdf				
/images/Allergen_for_amendment.pdf	pdf				
/images/Allopurinal_IPRSA033.pdf	pdf				
/images/Allopurinol.pdf	pdf				
/images/Alpha-cyclodextrin.pdf	pdf				
/images/Alpha_lipoic_acid.pdf	pdf				
/images/Alprazolam.pdf	pdf				
/images/Aluminium_Sulphate.pdf	pdf				
/images/Aluminium_Sulphate_Ver._2_01.08.2024.pdf	pdf				
/images/Amantadine_HCl.pdf	pdf				
/images/Amantadine_Tablets.pdf	pdf				
/images/Amantadine_Tablets_Ver._2_01.08.2024.pdf	pdf				
/images/Ambrisentan__IPRS_24_17.pdf	pdf				
/images/Ambroxol_HCl.pdf	pdf				
/images/Amendment.pdf	pdf				
/images/Amendment_List-002_to_IP_2022.pdf	pdf				
/images/Amendment_List-05_to_IP-2018.pdf	pdf				
/images/Amendment_List-06_to_IP-2018.pdf	pdf				
/images/Amendment_List-07_to_IP-2018.pdf	pdf				
/images/Amendment_List_-003.pdf	pdf				
/images/Amendment_List_-004_to_IP_2018.pdf	pdf				
/images/Amendment_List_01_to_IP_2022.PDF	pdf				
/images/Amendment_List_03_to_IP_2022.pdf	pdf				
/images/Amendment_List_04_to_IP_2022.pdf	pdf				
/images/Amendment_List_05_to_IP_2022.pdf	pdf				
/images/Amendment_List_06_to_IP_2022_1.pdf	pdf				
/images/Amendment_List_07_to_IP_2022.pdf	pdf				
/images/Amendments_rDNA_Vaccine_BBR_related_products.pdf	pdf				
/images/Amendments_rDNA_for_uploading_on_IPC_website_for_stakeholders_comments.pdf	pdf				
/images/Amikacin_Sulpahte.pdf	pdf				
/images/Amikacin_Sulphate_IPRSA038.pdf	pdf				
/images/Amiloride_Hydrochloride.pdf	pdf				
/images/Aminophylline.pdf	pdf				
/images/Amiodarone_HCl_IPRS_117_16.pdf	pdf				
/images/Amisulpride.pdf	pdf				
/images/Amitriptyline_HCl.pdf	pdf				
/images/Amlodipine_Besylate.pdf	pdf				
/images/Amlodipine_and_Olmesartan_Medoxomil_Tablets.pdf	pdf				
/images/Amlodipine_and_Olmesartan_Medoxomil_Tablets_version_2.0.pdf	pdf				
/images/Ammendment_in_rDNA.pdf	pdf				
/images/Amodiaquine_Hydrochloride.pdf	pdf				
/images/Amorolfine_HCl_IPRS_70_20.pdf	pdf				
/images/Amoxapine.pdf	pdf				
/images/Amoxicillin_Trihydate.pdf	pdf				
/images/Amoxycillin_Sodium.pdf	pdf				
/images/Amoxycillin_Trihydrate.pdf	pdf				
/images/Amphotericin_B_IPRSA010.pdf	pdf				
/images/Ampicillin.pdf	pdf				
/images/Ampicillin_Trihydate.pdf	pdf				
/images/Anastrozole.pdf	pdf				
/images/Anhydrous_Dibasic_Calcium_Phosphate.pdf	pdf				
/images/Annexed_Buyer_Tender_Document.pdf	pdf				
/images/Annexure_V-_Registration_Form.pdf	pdf				
/images/Annual_Immovable_Property_Return_Form.pdf	pdf				
/images/Annual_Immovable_Property_Return_Form_1.pdf	pdf				
/images/Annual_Performance_Report_of_PvPI_2023-2024.pdf	pdf				
/images/Annual_Report_2.pdf	pdf				
/images/Annual_Report_2017-18.pdf	pdf				
/images/Annual_Report_2019-20_1.pdf	pdf				
/images/Annual_Report_2022_.pdf	pdf				
/images/Annual_Report_2022_2023.pdf	pdf				
/images/Annual_Report_of_IPC_2023-2024.pdf	pdf				
/images/Annual_meeting_press_release.pdf	pdf				
/images/Annual_report_22.pdf	pdf				
/images/Apipiprazole_IPRSA031.pdf	pdf				
/images/Appendices.pdf	pdf				
/images/Application_Form_for_ICMED_9000ICMED_13485_Certification.pdf	pdf				
/images/Application_Form_to_be_filled_for_IPC_vacancy.pdf	pdf				
/images/Application_for_CGHS_Card_for_Serving_Employee_of_Central_Govt.pdf	pdf				
/images/Application_for_Part_Final_Withdrawal_from_GPF.pdf	pdf				
/images/Application_form.pdf	pdf				
/images/Application_form_for_availing_CL_or_RH.pdf	pdf				
/images/Application_form_for_availing_Leave_or_extention_of_leave.pdf	pdf				
/images/Application_form_for_grant_of_LTC_Advance.pdf	pdf				
/images/Approved_Minutes_of_50th_Meeting_of_the_Scietific_Body_of_IPC.pdf	pdf				
/images/Approved_Minutes_of_51_Scientific_Body_IPC.pdf	pdf				
/images/Approved_MoM-54th_Scientific_Body.pdf	pdf				
/images/Approved_MoM-55_SB.pdf	pdf				
/images/Approved_MoM-56_SB_of_IPC.pdf	pdf				
/images/Approved_MoM-57_Scientific_Body.pdf	pdf				
/images/Approved_MoM_52nd_Scientific_Body.pdf	pdf				
/images/Approved_MoM_53rd_BS_Meeting.pdf	pdf				
/images/Approved_Version_of_ADR_Reporting_Form_for_Drugs_used_in_Covid_19_10th_April_2020.pdf	pdf				
/images/Apremilast.pdf	pdf				
/images/Apremilast_IPRSA037.pdf	pdf				
/images/Apremilast_Tablets.pdf	pdf				
/images/Aprepitant_1.pdf	pdf				
/images/Aripiprazole.pdf	pdf				
/images/Artemether.pdf	pdf				
/images/Arterolane_Maleate.pdf	pdf				
/images/Arterolane_Maleate_IPRSA045.pdf	pdf				
/images/Artesunate_IPRSA022.pdf	pdf				
/images/Ascorbic_acid_Vit._C.pdf	pdf				
/images/Aspirin.pdf	pdf				
/images/Atazanavir_Sulphate.pdf	pdf				
/images/Atazanavir_sulphate_IPRS_118_16.pdf	pdf				
/images/Atenolol.pdf	pdf				
/images/Atenolol_and_Amlodipine_Tablets.pdf	pdf				
/images/Atomoxetine_HCL.pdf	pdf				
/images/Atorvastatin_Ca.pdf	pdf				
/images/Atorvastatin_Calcium.pdf	pdf				
/images/Atropine_Opthalmic_solution.pdf	pdf				
/images/Atropine_sulphate.pdf	pdf				
/images/Audit_Journey.pdf	pdf				
/images/Avian_Infectious_Bronchitis_Vaccine_INACTIVATED.pdf	pdf				
/images/Avian_Infectious_Bronchitis_Vaccine_Inactivated_24.07.2024.pdf	pdf				
/images/Avian_Infectious_Bronchitis_Vaccine_Live_24.07.2024.pdf	pdf				
/images/Avian_Infectious_Bronchitis_Vaccine_live.pdf	pdf				
/images/Avian_Infectious_Laryngotracheitis_Vaccine_Live.pdf	pdf				
/images/Azacitidine.pdf	pdf				
/images/Azacitidine_for_Injection_version_2.0.pdf	pdf				
/images/Azacitidine_for_injection.pdf	pdf				
/images/Azathioprine.pdf	pdf				
/images/Azelnidipine.pdf	pdf				
/images/Azilsartan_Kamedoxomil.pdf	pdf				
/images/Azilsartan_Kamedoxomil_Tablets_1.0_05.01.2023.pdf	pdf				
/images/Azilsartan_Kamedoxomil_version_2.0.pdf	pdf				
/images/Azilsartan_and_Chlorthalidone_Tablets_Ver._1_08.10.2024.pdf	pdf				
/images/Azilsartan_and_Chlorthalidone_Tablets_Ver._2_28.01.2025_1.pdf	pdf				
/images/Azithromycin.pdf	pdf				
/images/Azithromycin_Eye_Drops.pdf	pdf				
/images/Azithromycin_Imp_A.pdf	pdf				
/images/BETACYCLODEXTRIN.pdf	pdf				
/images/BOVINE_SERUM_draft_monograph_dated_22.07.2024.pdf	pdf				
/images/BYE-LAWS_of_IPC_-1.pdf	pdf				
/images/Bacitracin_Ointment_Ver._1_08.11.2024.pdf	pdf				
/images/Baclofen.pdf	pdf				
/images/Bambuterol_HCl.pdf	pdf				
/images/Beclomethasone_Dipropionate.pdf	pdf				
/images/Beclomethasone_Dipropionate_2.pdf	pdf				
/images/Bedaquiline_Fumarate_Ver._1_28.01.2025.pdf	pdf				
/images/Bedaquiline_Tablets_Ver._1_28.01.2025.pdf	pdf				
/images/Benazepril_HCl_IPRSB001.pdf	pdf				
/images/Bendamustine_Hydrochloride.pdf	pdf				
/images/Benzhexol_Hcl.pdf	pdf				
/images/Benzhexol_Hydrochloride.pdf	pdf				
/images/Benzhexol_Tablets.pdf	pdf				
/images/Benzocaine.pdf	pdf				
/images/Benzocaine_Gel_Ver._1_08.11.2024.pdf	pdf				
/images/Benzoic_acid.pdf	pdf				
/images/Benzoic_acid_IPRSB003.pdf	pdf				
/images/Benzyl_Benzoate_Application.pdf	pdf				
/images/Benzylpenicillin_potassium.pdf	pdf				
/images/Benzylpenicilline_potassium_IPRSB022.pdf	pdf				
/images/Bepotastine_Besilate.pdf	pdf				
/images/Bepotastine_Besilate_Ophthalmic_Solution_Ver._1_25.11.2024.pdf	pdf				
/images/Bepotastine_Besilate_Ver._2_08.10.2024.pdf	pdf				
/images/Bepotastine_Besilate_Ver._3_08.11.2024_2.pdf	pdf				
/images/Bepotastine_Tablets.pdf	pdf				
/images/Bepotastine_Tablets_Ver._1_18.01.2024.pdf	pdf				
/images/Berberine_chloride.pdf	pdf				
/images/Betacyclodectrin_IPRSC045.pdf	pdf				
/images/Betahistine_Hydrochloride.pdf	pdf				
/images/Betamethasone.pdf	pdf				
/images/Betamethasone_Dipropionate.pdf	pdf				
/images/Betamethasone_IPRSB045_001.pdf	pdf				
/images/Betamethasone_Sodium_Phosphate.pdf	pdf				
/images/Betamethasone_Valerate.pdf	pdf				
/images/Bilastine_Tablets_version_1.0.pdf	pdf				
/images/Bilastine_and_Montelukast_Tablets_Ver._1_08.11.2024.pdf	pdf				
/images/Bilastine_version_1.0.pdf	pdf				
/images/Biologics/4.6.26-Draft_Amendments_Veterinary-products-file.pdf	pdf				
/images/Biologics/Draft-Revision-In-Biologicals_22.05.2026-pdf.pdf	pdf				
/images/Biologics/NFI-2026-for-website.pdf	pdf				
/images/Biotin.pdf	pdf				
/images/Bisacodyl.pdf	pdf				
/images/Bisacodyl_IMP-A_IMPB017.pdf	pdf				
/images/Bisoprolol_Fumarate_IPRSB024.pdf	pdf				
/images/Bisoprolol_Tablets.pdf	pdf				
/images/Bisoprolol_Tablets_version_2.0.pdf	pdf				
/images/Blackquarter_vaccine-.pdf	pdf				
/images/Bluetongue_Vaccine.pdf	pdf				
/images/Bosentan_Monohydrate_IPRS_11_17.pdf	pdf				
/images/Bosutinib.pdf	pdf				
/images/Brief_functions_of_Quality_Assurance-converted.pdf	pdf				
/images/Brimonidine_Tartrate.pdf	pdf				
/images/Brimonidine_Tratrate_IPRSB021.pdf	pdf				
/images/Brinzolamide_IPRSB034.pdf	pdf				
/images/Brivaracetam_IPRSB032.pdf	pdf				
/images/Brivaracetam_IPRSB032_001.pdf	pdf				
/images/Brivaracetam_Injection.pdf	pdf				
/images/Brivaracetam_Injection_version_2.0.pdf	pdf				
/images/Brivaracetam_Oral_Solution_1.pdf	pdf				
/images/Brivaracetam_Oral_Solution_version_2.0.pdf	pdf				
/images/Brochure.pdf	pdf				
/images/Brochure_Updated_04032021.pdf	pdf				
/images/Bromhexine_Hydrochloride.pdf	pdf				
/images/Bronopol.pdf	pdf				
/images/Brucella_abortus_S19.pdf	pdf				
/images/Budesonide.pdf	pdf				
/images/Bupivacaine_HCl_IPRS_21_20.pdf	pdf				
/images/Buspirone_HCl_IPRS_37_20.pdf	pdf				
/images/Butylated_Hydroxytoluene.pdf	pdf				
/images/CARISOPRODOL_COA.pdf	pdf				
/images/COA_sample_copy.pdf	pdf				
/images/CURCUMIN.pdf	pdf				
/images/Cabozanitnib_S-_malate_version_2.0.pdf	pdf				
/images/Cabozanitnib_Tablets_version_2.0.pdf	pdf				
/images/Cabozantinib-S-Malate.pdf	pdf				
/images/Cabozantinib_Tablets.pdf	pdf				
/images/Caffeine.pdf	pdf				
/images/Caffeine_Citrate_Injection_Ver._1_08.10.2024.pdf	pdf				
/images/Calcium_Folinate_Tablets.pdf	pdf				
/images/Calcium_Folinate_Tablets_Ver._2_01.08.2024.pdf	pdf				
/images/Calcium_Gluconate_monohydrate.pdf	pdf				
/images/Calcium_Orotate_Ver._1_08.10.2024.pdf	pdf				
/images/Calcium_Polystyrene_Sulfonate.pdf	pdf				
/images/Calcium_Polystyrene_Sulphonate_Ver._2_08.10.2024.pdf	pdf				
/images/Calcium_Polystyrene_Sulphonate_Ver._3_08.11.2024.pdf	pdf				
/images/Calcium_Polystyrene_sulphonate.pdf	pdf				
/images/Calcium_citrate_maletae.pdf	pdf				
/images/Calcium_panthoneate.pdf	pdf				
/images/Call_for_Experts-_Join_Subject_Expert_Committee_of_Materiovigilance_Programme_of_India.pdf	pdf				
/images/Camphor_COA.pdf	pdf				
/images/Cancellation_Notice.pdf-1.pdf	pdf				
/images/Canine_Adenovirus_Vaccine_Live_.pdf	pdf				
/images/Canine_Coronavirus_Vaccine.pdf	pdf				
/images/Canine_Leptospirosis_Inactivated.pdf	pdf				
/images/Canine_Parainfluenza_Virus_Vaccine_live.pdf	pdf				
/images/Canine_Parvovirus_Vaccine_live.pdf	pdf				
/images/Canrenone_IMPC041.pdf	pdf				
/images/Capecitabine.pdf	pdf				
/images/Caphapirin_Benzathine_Intrammamary_Infusion_ver_1.0_28.11.2022.pdf	pdf				
/images/Caphapirin_Benzathine_ver_1.0_28.11.2022.pdf	pdf				
/images/Capsules-5729464996.pdf	pdf				
/images/Captopril.pdf	pdf				
/images/Carbamazepine.pdf	pdf				
/images/Carbamazepine_Oral_Suspension.pdf	pdf				
/images/Carbidopa.pdf	pdf				
/images/Carbimazole.pdf	pdf				
/images/Carboprost_Tromethamine.pdf	pdf				
/images/Carboxymethyl_Cellulose_Sodium.pdf	pdf				
/images/Carboxymethylcellulose_Calcium.pdf	pdf				
/images/Carprofen_Tablets_version_2.0.pdf	pdf				
/images/Carvedilol_1.pdf	pdf				
/images/Carvedilol_Impurity_A.pdf	pdf				
/images/Cefaclor.pdf	pdf				
/images/Cefadroxil.PDF	pdf				
/images/Cefadroxil_IMP-A_IMPC035.pdf	pdf				
/images/Cefazolin_Sodium.pdf	pdf				
/images/Cefepime_Hcl.pdf	pdf				
/images/Cefixime.pdf	pdf				
/images/Cefoperazone_Sodium.pdf	pdf				
/images/Cefotaxime_Sodium.pdf	pdf				
/images/Cefpodoxime_Proxetil.pdf	pdf				
/images/Cefprozil.pdf	pdf				
/images/Cefprozil_Tablets.pdf	pdf				
/images/Cefprozil_Ver._1_11.09.2023.pdf	pdf				
/images/Ceftriaxone_sodium.pdf	pdf				
/images/Cefuroxime_Axetil.pdf	pdf				
/images/Cefuroxime_Axetil_Oral_Suspension.pdf	pdf				
/images/Cefuroxime_Sodium.pdf	pdf				
/images/Celecoxib.pdf	pdf				
/images/Celecoxib_Capsules.pdf	pdf				
/images/Celecoxib_Capsules_Ver._2_01.08.2024.pdf	pdf				
/images/Cellulose_acetate.pdf	pdf				
/images/Cellulose_acetate_version_1.0.pdf	pdf				
/images/Cephalexin.pdf	pdf				
/images/Cephradine_IMPC064.pdf	pdf				
/images/Certificate_from_Head_of_Institution_for_reimbursement_of_CEA.pdf	pdf				
/images/Certification/Certification-Marks-Use.pdf	pdf				
/images/Certification/Certification_Process.pdf	pdf				
/images/Certification/Contact_us.pdf	pdf				
/images/Certification/Dealing_with_Complaints_and_Appeals.pdf	pdf				
/images/Certification/Fee_Structure.pdf	pdf				
/images/Certification/Feedback-Form.pdf	pdf				
/images/Certification/Impartiality_Policy.pdf	pdf				
/images/Certification_Process.pdf	pdf				
/images/Cetirizine_Hydrochloride_Oral_Solution.pdf	pdf				
/images/Cetirizine_imp-A_IMPC061.pdf	pdf				
/images/Cetirizine_impurity_A.pdf	pdf				
/images/Cetostearyl_Alcohol.pdf	pdf				
/images/Cetrimide.pdf	pdf				
/images/Cetrizine_Hcl.pdf	pdf				
/images/Change_in_Venue_for_the_Written_Examination_for_the_post_of_Scientific_Assistant.pdf	pdf				
/images/Chapter_for_APPROACH_TO_ALTERNATIVE_RAPID_MICROBIOLOGICAL_METHODS_09.04.21.pdf	pdf				
/images/Children_Education_Allowance_CEA_Claim_form.pdf	pdf				
/images/Chloramphenical_IPRSC058.pdf	pdf				
/images/Chloramphenicol.pdf	pdf				
/images/Chlordiazepoxide.pdf	pdf				
/images/Chlorhexadine_Gluconate_Solution_1.pdf	pdf				
/images/Chlorhexidine_Acetate.pdf	pdf				
/images/Chlorhexidine_Acetate_Topical_Solution_Ver._1_08.11.2024.pdf	pdf				
/images/Chlorhexidine_Acetate_Topical_Solution_Ver._1_08.11.2024_1.pdf	pdf				
/images/Chlorhexidine_Gluconate_Solution.pdf	pdf				
/images/Chlorhexidine_Hydrochloride.pdf	pdf				
/images/Chlorhexidine_Mouthwash.pdf	pdf				
/images/Chloridiazepoxide_IMP-A_IMPC066.pdf	pdf				
/images/Chlorocresol.pdf	pdf				
/images/Chloroquine_Sulphate.pdf	pdf				
/images/Chlorthalidone.pdf	pdf				
/images/Chlorthalidone_Impurity_G_IMPC102_001.pdf	pdf				
/images/Choline_Fenofibrate.pdf	pdf				
/images/Chromium_Picolinate.pdf	pdf				
/images/Cilastatin_sodium.pdf	pdf				
/images/Cilnidipine.pdf	pdf				
/images/Cilnidipine_IMP-A_IMP_02_18.pdf	pdf				
/images/Cilostazol_Impurity_A_IMPC103_001.pdf	pdf				
/images/Cimetidine.pdf	pdf				
/images/Cinnarizine.pdf	pdf				
/images/Ciprofloxacin.pdf	pdf				
/images/Ciprofloxacin_Eye_Ointment_Ver._1_08.11.2024.pdf	pdf				
/images/Ciprofloxacin_HCl.pdf	pdf				
/images/Ciprofloxacin_Hydrochloride.pdf	pdf				
/images/Ciprofloxacin_IMP_C_IMPC072.pdf	pdf				
/images/Ciprofloxacin_and_Tinidazole_Tablets.pdf	pdf				
/images/Ciprofloxacin_for_Oral_Suspension_Ver._2_08.11.2024.pdf	pdf				
/images/Ciprofloxacinfor_Oral_Suspension.pdf	pdf				
/images/Cis-etoposide_IMPE017.pdf	pdf				
/images/Citalopram_IMP-B_IMPC020.pdf	pdf				
/images/Citicoline_IMP-B_IMPC016.pdf	pdf				
/images/Citric_Acid.pdf	pdf				
/images/Citric_Acid_IPRS_100_14_001.pdf	pdf				
/images/Citric_Acid_Monohydrate__IPRSC011.pdf	pdf				
/images/Clarification_of_IP_General_Chapter_2.5.4_i._Uniformity_of_Dosage_Units.PDF	pdf				
/images/Clarification_on_Alternative_Methods_in_the_IP.pdf	pdf				
/images/Clarithomycin_IPRSC030.pdf	pdf				
/images/Clarithromycin.pdf	pdf				
/images/Clarithromycin_Oral_Suspension_Ver_1.pdf	pdf				
/images/Clarithromycin_Prolonged_release_tablets.pdf	pdf				
/images/Clarithromycin_Prolonged_release_tablets_Ver._2_08.10.2024.pdf	pdf				
/images/Clarithromycin_for_Oral_Suspension_Ver._1_11.09.2023.pdf	pdf				
/images/Clarithromycin_oral_suspension.pdf	pdf				
/images/Classical_Swine_Fever_Vaccine_Live.pdf	pdf				
/images/Clindamycin_Gel_Ver._2_08.10.2024.pdf	pdf				
/images/Clindamycin_HCl_IPRSC028.pdf	pdf				
/images/Clindamycin_Hcl.pdf	pdf				
/images/Clindamycin_IMP-A_IMPC069.pdf	pdf				
/images/Clindamycin_Lotion_Ver._1_08.10.2024.pdf	pdf				
/images/Clindamycin_Lotion_Ver._1_08.10.2024_1.pdf	pdf				
/images/Clindamycin_Tablets.pdf	pdf				
/images/Clindamycin_phosphate.pdf	pdf				
/images/Clobazam.pdf	pdf				
/images/Clobazam_IMP-A_IMPC039.pdf	pdf				
/images/Clobetasol_IMP-J_IMPC014.pdf	pdf				
/images/Clobetasone_Butyrate_IPRSC048.pdf	pdf				
/images/Clobetasone_propionate.pdf	pdf				
/images/Clofazimine.pdf	pdf				
/images/Clomifene_Citrate.pdf	pdf				
/images/Clomifene_Citrate_IPRSC047.pdf	pdf				
/images/Clomifene_Tablets.pdf	pdf				
/images/Clomifine_citrate.pdf	pdf				
/images/Clomipramine_Hcl.pdf	pdf				
/images/Clonazepam.pdf	pdf				
/images/Clonazepam_IPRSC044.pdf	pdf				
/images/Clonazepam_Realted_Compound_A_IMPC079_001.pdf	pdf				
/images/Clonazepam_Realted_Compound_B_IMPC078_001.pdf	pdf				
/images/Clonidine_IMP-B_IMPC031.pdf	pdf				
/images/Clopidogrel_Bisulphate_IMP-A_IMPC071.pdf	pdf				
/images/Clopidogrel_Bisulphate_Impurity_-C_IMPC082_001.pdf	pdf				
/images/Clopidogrel_Bisulphate_Impurity_A.pdf	pdf				
/images/Clopidogrel_IMP_B_IMPC073.pdf	pdf				
/images/Clopidogrel_bisulphate.pdf	pdf				
/images/Clotrimazole.pdf	pdf				
/images/Clotrimazole_IMP-A_IMP_20_18.pdf	pdf				
/images/Clotrimazole_IMP-B_IMP_13_19.pdf	pdf				
/images/Clotrimazole_IMP-D_IMPI009.pdf	pdf				
/images/Clotrimazole_IMP-E_IMPC038.pdf	pdf				
/images/Clotrimazole_IMP-F_IMP_18_18.pdf	pdf				
/images/Colistimethate_Injection_Ver._1_08.11.2024.pdf	pdf				
/images/Colistimethate_Sodium_Ver._1_08.11.2024.pdf	pdf				
/images/Colistin_Sulphate_Ver._1_08.11.2024.pdf	pdf				
/images/Colistin_Tablets_Ver._1_08.11.2024.pdf	pdf				
/images/Collection_of_MDAE_reports_at_MDMC.pdf	pdf				
/images/Comic_Book_-_English_Book_Vertical_2_sept_copy.pdf	pdf				
/images/Complaint_Executive.pdf	pdf				
/images/Consultant.pdf	pdf				
/images/Contact_us.pdf	pdf				
/images/Contractual_Employees_as_on_18-09-2024_Scientific_Non-Scieitnfic_Staff.pdf	pdf				
/images/Contractual_Vacancy_12_sep_2018.pdf	pdf				
/images/Copovidone.pdf	pdf				
/images/Copper_Gluconate.pdf	pdf				
/images/Copper_Gluconate_001.pdf	pdf				
/images/Copper_Sulphate.pdf	pdf				
/images/Copper_Sulphate_Ver._2_01.08.2024.pdf	pdf				
/images/Correngedum_to_amendment_list_01.pdf	pdf				
/images/Corrigendum-III_dated._03.10.2022_for_Impurity_Tender.pdf	pdf				
/images/Corrigendum-II_for_Correction_in_Chemical_Names.pdf	pdf				
/images/Corrigendum-I_Dated._01.12.2022_along_with_Draft_Monographs.pdf	pdf				
/images/Corrigendum-I_dated._19.09.2022.pdf	pdf				
/images/Corrigendum-I_dtd._09.10.2020.pdf	pdf				
/images/Covid-19_App_01-05-2020.pdf	pdf				
/images/Croscarmellose_Sodium.pdf	pdf				
/images/Curcumine_COA.pdf	pdf				
/images/Cyanocobalamin.pdf	pdf				
/images/Cyanocobalamin_IPRSC042.pdf	pdf				
/images/Cyanocobalamin_Vit._B12.pdf	pdf				
/images/Cyclobenzaprine_HCl.pdf	pdf				
/images/Cyclobenzaprine_Related_Compound_B_IMPC104_001.pdf	pdf				
/images/Cycloserine.pdf	pdf				
/images/Cycloserine_IPRSC054.pdf	pdf				
/images/Cyclosporine.pdf	pdf				
/images/Cyproheptadine_Hcl.pdf	pdf				
/images/Cyproheptadine_IMP-A_IMPD048.pdf	pdf				
/images/Cyproheptadine_IMP_C_IMPM049.pdf	pdf				
/images/D-Panthenol_IPRS_69_16.pdf	pdf				
/images/DELNET_Database_1.pdf	pdf				
/images/DESIGN_AND_DEVELOPMENT_OF_BIOLOGICAL_ASSAY_AND_ITS_VALIDATION.pdf	pdf				
/images/DESIGN_AND_DEVELOPMENT_OF_BIOLOGICAL_ASSAY_AND_ITS_VALIDATION_06.01.21.pdf	pdf				
/images/DGHS_Circular_reg_Nursing_Professionals-0719841847.pdf	pdf				
/images/DIVALPROEX_SODIUM.pdf	pdf				
/images/DNA_BARCODE_DATA_OF_Azadirechta_indica.pdf	pdf				
/images/DNA_BARCODE_DATA_OF_Eclipta_alba.pdf	pdf				
/images/DNA_BARCODE_DATA_OF_Gymnema_sylvestre.pdf	pdf				
/images/DNA_BARCODE_DATA_OF_Withania_somnifera.pdf	pdf				
/images/DOC072023-07202023122145.pdf	pdf				
/images/DO_Letter.pdf	pdf				
/images/DRAFT_AMENDMENTS_Rituximab_IP_2022_1.pdf	pdf				
/images/DRAFT_GENERAL_CHAPTER_ON_AFLATOXIN.pdf	pdf				
/images/DRAFT_GENERAL_CHAPTER_ON_HEAVY_METALS.pdf	pdf				
/images/DRAFT_GENERAL_CHAPTER_ON_PESTICIDE_RESIDUE.pdf	pdf				
/images/DRAFT_PROPOSAL_FOR_AMENDMENTS.pdf	pdf				
/images/DUTASERIDE_23.pdf	pdf				
/images/Dabigatran_Etexilate_Capsules_Ver._1_08.11.2024.pdf	pdf				
/images/Dabigatran_Etexilate_Mesylate_Ver._1_08.11.2024.pdf	pdf				
/images/Dacarbazine.pdf	pdf				
/images/Daclatasvir_Dihydrochloride_IPRSD067_001.pdf	pdf				
/images/Daclatasvir_Tablets_Ver._1_08.10.2024.pdf	pdf				
/images/Dactinomycin_for_Injection_Ver._1_08.11.2024.pdf	pdf				
/images/Danazol.pdf	pdf				
/images/Danazol_IPRSD027.pdf	pdf				
/images/Dapagliflozin.pdf	pdf				
/images/Dapagliflozin_Propanediol_Monohydrate.pdf	pdf				
/images/Dapagliflozin_Propanediol_Monohydrate_Ver._2_25.11.2024.pdf	pdf				
/images/Dapagliflozin_Tablets_Ver._2_25.11.2024.pdf	pdf				
/images/Dapagliflozin_Ver._3_25.11.2024.pdf	pdf				
/images/Dapagliflozin_and_Metformin_HCl_PR_Tablets_Ver._1_08.10.2024.pdf	pdf				
/images/Dapagliflozin_and_Metformin_Hydrochloride_Tablets_Ver._1_25.11.2024.pdf	pdf				
/images/Dapagliflozin_and_sitagliptin_tablets.pdf	pdf				
/images/Dapagliflozin_tablets.pdf	pdf				
/images/Dapoxetine_HCl.pdf	pdf				
/images/Dapsone.pdf	pdf				
/images/Dapsone_IPRSD033_001.pdf	pdf				
/images/Darifenacin_HBr.pdf	pdf				
/images/Darunavir_Ethanolate.pdf	pdf				
/images/Dasatinib.pdf	pdf				
/images/Dasatinib_Tablets.pdf	pdf				
/images/Dealing_with_Complaints_and_Appeals.pdf	pdf				
/images/Decognition_centre_MvPI.pdf	pdf				
/images/Deferasirox.pdf	pdf				
/images/Delisting_of_AMCs_under_PvPI_Notice.pdf	pdf				
/images/Delisting_of_AMCs_under_PvPI_Notice_P1.pdf	pdf				
/images/Desacetyl_diltiazem_HCl_IMP_60_16_002.pdf	pdf				
/images/Designating_FAA_CPIO20250704100912.pdf	pdf				
/images/Desloratadine.pdf	pdf				
/images/Desloratadine_Tablets.pdf	pdf				
/images/Desloratadine_Tablets_Ver._2_08.10.2024.pdf	pdf				
/images/Desloratadine_Ver._1_01.08.2024.pdf	pdf				
/images/Dexamethasone.pdf	pdf				
/images/Dexamethasone_Sodium_Phosphate.pdf	pdf				
/images/Dexamethasone_Sodium_Phosphate_Oral_Solution_Ver._1_25.11.2024.pdf	pdf				
/images/Dexamethasone_sodium_Phosphate_Impurity_A_IMPD057.pdf	pdf				
/images/Dexamethasone_sodium_Phosphate_Impurity_A_IMPD057_001.pdf	pdf				
/images/Dextran_1_uploaded_on_website_11.03.2020.pdf	pdf				
/images/Dextromethorphan_Hbr.pdf	pdf				
/images/Dextromethorphan_Hydrobromide.pdf	pdf				
/images/Dextromethorphan_IMP-A_IMPD054.pdf	pdf				
/images/Diacerein.pdf	pdf				
/images/Diacerein_IPRSD028.pdf	pdf				
/images/Diacerein_and_Glucosamine_Sulphate_Potassium_Chloride_Tablets_Ver._1_08.11.2024.pdf	pdf				
/images/Diazabicycloundecene_IMPD061.pdf	pdf				
/images/Diazepam.pdf	pdf				
/images/Diazepam_IMP-B_IMPA040.pdf	pdf				
/images/Diazepam_IPRSD059.pdf	pdf				
/images/Diazepam_Impurity_-A_IMP_20_17.pdf	pdf				
/images/Diazepam_Impurity_-B_IMPA040.pdf	pdf				
/images/Diazepam_Oral_Solution_Ver._1_08.11.2024.pdf	pdf				
/images/Dibasic_Calcium_Phosphate_Dihydrate.pdf	pdf				
/images/Dibasic_Calcium_Phosphate_Dihydrate_Ver._2_08.10.2024.pdf	pdf				
/images/DibenzosuberoneAmitriptyline_IMP-A_IMPD019.pdf	pdf				
/images/Dibenzosuberone_Amitriptyline_Impurity_A.pdf	pdf				
/images/Dibenzosuberone__Nortryptyline_IMP-A_IMPD019.pdf	pdf				
/images/Diclofenac_Diethylamine.pdf	pdf				
/images/Diclofenac_Diethylamine_IPRSD042.pdf	pdf				
/images/Diclofenac_Impurity_A.pdf	pdf				
/images/Diclofenac_Injection_Notice.PDF	pdf				
/images/Diclofenac_Potassium_IPRSD066.pdf	pdf				
/images/Diclofenac_Sodium_IPRSD075_001.pdf	pdf				
/images/Diclofenac_sodium.pdf	pdf				
/images/Dicloxacillin_Sodium.pdf	pdf				
/images/Dicyandiamide_IMPD012.pdf	pdf				
/images/Dicyclomine_HCl.pdf	pdf				
/images/Dicyclomine_Hydrochloride.pdf	pdf				
/images/Dicyclomine_Injection.pdf	pdf				
/images/Dicyclomine_Oral_Solution.pdf	pdf				
/images/Dicyclomine_Related_Compound_A_IMPD078_001.pdf	pdf				
/images/Dicylomine_HCl_IPRSD040.pdf	pdf				
/images/Dienogest.pdf	pdf				
/images/Dienogest_IPRSD070_001.pdf	pdf				
/images/Diethyl_Phthalate.pdf	pdf				
/images/Diethylcarbamazine_Citrate.pdf	pdf				
/images/Diethylcarbamazine_Citrate_IPRSD065.pdf	pdf				
/images/Diethylene_Glycol.pdf	pdf				
/images/Diethylene_glycol_IMPD006_001.pdf	pdf				
/images/Dihydroergotamine_Injection.pdf	pdf				
/images/Dihydroergotamine_Injection_Ver._2_08.10.2024.pdf	pdf				
/images/Diiodohydroxyquinoline.pdf	pdf				
/images/Diiodohydroxyquinoline_IPRSD034.pdf	pdf				
/images/Diloxanide_Furoate.pdf	pdf				
/images/Diltiazem_HCl.pdf	pdf				
/images/Diltiazem_Hydrochloride_Prolonged-release_Capsules_Ver._1_25.11.2024.pdf	pdf				
/images/Diphenhydramine_HCL_IPRSD038.pdf	pdf				
/images/Diphenylhydramine_IMP-A_IMPD052.pdf	pdf				
/images/Director_post.pdf	pdf				
/images/Directory_of_OfficersEmployees20250728164534.pdf	pdf				
/images/Disinfectant_and_Antiseptics.pdf	pdf				
/images/Disinfectants_and_Antiseptics_Version-_3.0.pdf	pdf				
/images/Disodium_Edetate.pdf	pdf				
/images/Disodium_Edetate_IPRS_48_17.pdf	pdf				
/images/Disulfiram.pdf	pdf				
/images/Dobutamine_HCl.pdf	pdf				
/images/Docetaxel_Anhydrous.pdf	pdf				
/images/Dolutegravir_4-fluoro_imp_IMPD058.pdf	pdf				
/images/Dolutegravir_Sodiun_IPRSD023.pdf	pdf				
/images/Domeoridone_Maleate_IPRSD041.pdf	pdf				
/images/Domperidone_IPRSD055.pdf	pdf				
/images/Domperidone_Maleate.pdf	pdf				
/images/Domperidone_new.pdf	pdf				
/images/Domperidone_new_1.pdf	pdf				
/images/Donepenzil_HCl.pdf	pdf				
/images/Donepezil_HCl_IPRSD053.pdf	pdf				
/images/Donepezil_Hydrochloride.pdf	pdf				
/images/Dopamine_HCl.pdf	pdf				
/images/Dorzolamide_HCl.pdf	pdf				
/images/Double_Single_Donor_Platelets_Draft_Monograph._1.pdf	pdf				
/images/Doxepine_HCl.pdf	pdf				
/images/Doxofylline.pdf	pdf				
/images/Doxycycline_HCl.pdf	pdf				
/images/Doxycycline_Hydrochloride.pdf	pdf				
/images/Draft_Amendment_list_for_Comments.pdf	pdf				
/images/Draft_Amendments.pdf	pdf				
/images/Draft_Amendments_General_Chapters_IP_2022_for_comments_30.11.2023.pdf	pdf				
/images/Draft_Amendments_Vaccines_and_immunosera_BBr_rDNA_Monographs_IP_2022_for_comments_30.11.2023.pdf	pdf				
/images/Draft_Amendments_Version_1.0_20.01.2023.pdf	pdf				
/images/Draft_Amendments_for_Comments_05.01.2023.pdf	pdf				
/images/Draft_Amendments_for_comments.pdf	pdf				
/images/Draft_Amendments_to_IP_2018_for_stakeholders_comments.pdf	pdf				
/images/Draft_New_Chapter_Guidelines_on_Bacterial_Endotoxin.pdf	pdf				
/images/Draft_amendments_list_for_comments_Ver._3_08.11.2024.pdf	pdf				
/images/Draft_monograph_microbiology_for_comments.pdf	pdf				
/images/Draft_of_General_Notices_on_Phytopharmaceutical_Drugs_12.01.2021.pdf	pdf				
/images/Droperidol_IMPD056.pdf	pdf				
/images/Drospirenone.pdf	pdf				
/images/Drotaverine_HCL.pdf	pdf				
/images/Drotaverine_HCl.pdf	pdf				
/images/Drug-Safety-Alert-December-2018.pdf	pdf				
/images/Drug-Safety-Alert-January-2019.pdf	pdf				
/images/Drug-Safety-Alert-June-2021.pdf	pdf				
/images/Drug_Safety_AlertJOctoberJ_2022.pdf	pdf				
/images/Drug_Safety_AlertJ_AugustJ_2022.pdf	pdf				
/images/Drug_Safety_AlertJ_SeptemberJ_2022.pdf	pdf				
/images/Drug_Safety_Alert_April_2016.pdf	pdf				
/images/Drug_Safety_Alert_April_2021.pdf	pdf				
/images/Drug_Safety_Alert_April_2022.pdf	pdf				
/images/Drug_Safety_Alert_April_2023.pdf	pdf				
/images/Drug_Safety_Alert_August_2021.pdf	pdf				
/images/Drug_Safety_Alert_August_2023.pdf	pdf				
/images/Drug_Safety_Alert_August_2024.pdf	pdf				
/images/Drug_Safety_Alert_August_29_2025.pdf	pdf				
/images/Drug_Safety_Alert_December_2020.pdf	pdf				
/images/Drug_Safety_Alert_December_2021.pdf	pdf				
/images/Drug_Safety_Alert_December_2022.pdf	pdf				
/images/Drug_Safety_Alert_December_2024.pdf	pdf				
/images/Drug_Safety_Alert_Feb_2021.pdf	pdf				
/images/Drug_Safety_Alert_February_2022.pdf	pdf				
/images/Drug_Safety_Alert_February_2023.pdf	pdf				
/images/Drug_Safety_Alert_January_2021.pdf	pdf				
/images/Drug_Safety_Alert_January_2022.pdf	pdf				
/images/Drug_Safety_Alert_January_2023.pdf	pdf				
/images/Drug_Safety_Alert_July_2021.pdf	pdf				
/images/Drug_Safety_Alert_July_2022.pdf	pdf				
/images/Drug_Safety_Alert_July_2023_NEW.pdf	pdf				
/images/Drug_Safety_Alert_July_2024.pdf	pdf				
/images/Drug_Safety_Alert_June_2022.pdf	pdf				
/images/Drug_Safety_Alert_June_2023.pdf	pdf				
/images/Drug_Safety_Alert_June_27_2025.pdf	pdf				
/images/Drug_Safety_Alert_March_12_2025.pdf	pdf				
/images/Drug_Safety_Alert_March_2021.pdf	pdf				
/images/Drug_Safety_Alert_March_2022.pdf	pdf				
/images/Drug_Safety_Alert_March_2023.pdf	pdf				
/images/Drug_Safety_Alert_May_13_2025.pdf	pdf				
/images/Drug_Safety_Alert_May_2022.pdf	pdf				
/images/Drug_Safety_Alert_May_2023.pdf	pdf				
/images/Drug_Safety_Alert_November_2020.pdf	pdf				
/images/Drug_Safety_Alert_November_2021.pdf	pdf				
/images/Drug_Safety_Alert_November_2022.pdf	pdf				
/images/Drug_Safety_Alert_November_2023.pdf	pdf				
/images/Drug_Safety_Alert_November_28_2024.pdf	pdf				
/images/Drug_Safety_Alert_October_2023.pdf	pdf				
/images/Drug_Safety_Alert_September_2020.pdf	pdf				
/images/Drug_Safety_Alert_September_2021.pdf	pdf				
/images/Drug_Safety_Alert_September_2023.pdf	pdf				
/images/Drug_Safety_Alert_September_2024_1.pdf	pdf				
/images/Drug_Safety_AlertsMarch_2024.pdf	pdf				
/images/Drug_Safety_AlertsMay_2024.pdf	pdf				
/images/Drug_Safety_Alerts_June_2024.pdf	pdf				
/images/Drug_alert_January_2020.pdf	pdf				
/images/Drug_safety_alert_feb_2019.pdf	pdf				
/images/Drugs_safety_Alert_August_2019_.pdf	pdf				
/images/Drugs_safety_Alert_August_2020.pdf	pdf				
/images/Drugs_safety_Alert_December_2019.pdf	pdf				
/images/Drugs_safety_Alert_February_2020_.pdf	pdf				
/images/Drugs_safety_Alert_July_2019.pdf	pdf				
/images/Drugs_safety_Alert_July_2020.pdf	pdf				
/images/Drugs_safety_Alert_June_2020.pdf	pdf				
/images/Drugs_safety_Alert_March_2019.pdf	pdf				
/images/Drugs_safety_Alert_March_2020.pdf	pdf				
/images/Drugs_safety_Alert_November_2019.pdf	pdf				
/images/Drugs_safety_Alert_October_2019.pdf	pdf				
/images/Drugs_safety_Alert_September_2019.pdf	pdf				
/images/Duck_Pasteurella_Vaccine_24.07.2024.pdf	pdf				
/images/Duck_Plague_Vaccine_24.07.2024.pdf	pdf				
/images/Duloxetine_HCL.pdf	pdf				
/images/Duty_joining_report.pdf	pdf				
/images/E-Newsletter-Issue_2_2020.pdf	pdf				
/images/E-Newsletter_-_July_2019_Vol1_issue2.pdf	pdf				
/images/E-Newsletter_-_Vol._3_Issue-1.pdf	pdf				
/images/E-Newsletter_-_Vol._5_Issue_2_2023.pdf	pdf				
/images/E-Newsletter_April_2021_Issue-2.pdf	pdf				
/images/E-Newsletter_Issue-3_2020.pdf	pdf				
/images/E-Newsletter_Issue-3_2022.pdf	pdf				
/images/E-Newsletter_November_2020_Issue-04.pdf	pdf				
/images/E-Newsletter_Vol._5_-_Issue_3_2023.pdf	pdf				
/images/E-Newsletter_Vol._6_Issue-1_2024.pdf	pdf				
/images/E-Newsletter_Vol._6_Issue_2.pdf	pdf				
/images/E-Newsletter_Vol._7_Issue_2_2025.pdf	pdf				
/images/E-Newsletter__August_2020_Issue-3.pdf	pdf				
/images/E-Resources_1.pdf	pdf				
/images/E-_Newsletter_Vol._7_Issue_1_2025_compressed.pdf	pdf				
/images/EDS_76_inactivated_24.07.2024.pdf	pdf				
/images/Ebastine_IMP-C_IMP_02_19.pdf	pdf				
/images/Ebastine_IPRSE002.pdf	pdf				
/images/Eberconazole_Nitrate_IPRSE025.pdf	pdf				
/images/Econazole_Nitrate_IMPE027.pdf	pdf				
/images/Edetate_Calcium_Disodium.pdf	pdf				
/images/Edetate_Calcium_Disodium_Ver._2_08.10.2024.pdf	pdf				
/images/Efavirenz.pdf	pdf				
/images/Efavirenz_IPRSE026.pdf	pdf				
/images/Egg_Drop_Syndrome_76_inactivated.pdf	pdf				
/images/Empanelment_for_Newspaper__Magazines_IPC_Library_2024.pdf	pdf				
/images/Emtricitabine.pdf	pdf				
/images/Enalapril_IMP-A_IMPE035.pdf	pdf				
/images/Enalapril_Maleate.pdf	pdf				
/images/English_Notice_Inviting_Tender.pdf	pdf				
/images/Enrofloxacin.pdf	pdf				
/images/Enrollment_form_for_MDMC_under_MvPI.pdf	pdf				
/images/Enrollment_form_for_new_ADR_monitoring_centre_under_PvPI.pdf	pdf				
/images/Enrollment_form_for_new_ADR_monitoring_centre_under_PvPIpdf.pdf	pdf				
/images/Enrolment_Procedure_for_MvPI.pdf	pdf				
/images/Enrolment_of_New_MDMCs_and_RTCs-_FOR_MDMC.pdf	pdf				
/images/Entacapone.pdf	pdf				
/images/Entecavir_Oral_Solution.pdf	pdf				
/images/Entecavir_Oral_Solution_Ver._2_01.08.2024_.pdf	pdf				
/images/Enterotoxaemia_Vaccine_Inactivated.pdf	pdf				
/images/EoI_Terms_Conditions_with_Proforma_for_Empanelment.pdf	pdf				
/images/Epalrestat.pdf	pdf				
/images/Epalrestat_Tablets.pdf	pdf				
/images/Ephedrine_HCl.pdf	pdf				
/images/Eplerenone.pdf	pdf				
/images/Ergotamine_tartrate.pdf	pdf				
/images/Eribulin_Injection_Ver._1_08.11.2024.pdf	pdf				
/images/Eribulin_Mesilate_Ver._1_08.11.2024.pdf	pdf				
/images/Erlotinib_Hcl.pdf	pdf				
/images/Errata_List-01_to_National_Formulary_of_India_NFI_2021.pdf	pdf				
/images/Erythromycin_IPRSE005.pdf	pdf				
/images/Erythromycin_Stearate.pdf	pdf				
/images/Erythromycin_sterate.pdf	pdf				
/images/Escitalopram_oxalate.pdf	pdf				
/images/Eslicarbazepine_Acetate.pdf	pdf				
/images/Esomeprazole_Magnesium_Trihydrate.pdf	pdf				
/images/Esomeprazole_Magnesium_Trihydrate_-1.pdf	pdf				
/images/Esomeprazole_Mg_tratrate.pdf	pdf				
/images/Estradiol_Hemihydrate.pdf	pdf				
/images/Etamsylate_version_2.0.pdf	pdf				
/images/Ethambutol_HCl_IPRSE024.pdf	pdf				
/images/Ethambutol_Hcl.pdf	pdf				
/images/Ethamsylate.pdf	pdf				
/images/Ethinyloestradiol.pdf	pdf				
/images/EthylParaben_IPRSE008_001.pdf	pdf				
/images/Ethyl_Acetate.pdf	pdf				
/images/Ethylcellulose.pdf	pdf				
/images/Ethylene_Glycol_IMPE039.pdf	pdf				
/images/Ethylene_Glycol_IMPE039_001.pdf	pdf				
/images/Etodolac.pdf	pdf				
/images/Etophylline.pdf	pdf				
/images/Etoricoxib.pdf	pdf				
/images/Etravirine_Tablets_Ver._1_08.10.2024.pdf	pdf				
/images/Etravirine_Ver._1_08.10.2024.pdf	pdf				
/images/Eugenol.pdf	pdf				
/images/Expert_Working_Group-Nutraceuticals.pdf	pdf				
/images/Extension_letter.pdf	pdf				
/images/Ezetimibe.pdf	pdf				
/images/FAQspdf.pdf	pdf				
/images/FEXOFENADINE_IMP_B_COA.pdf	pdf				
/images/FIELD_SAFETY_CORRECTIVE_ACTION_NOTIFICATION_FSCA_FORM.pdf	pdf				
/images/Famciclovir.pdf	pdf				
/images/Famotidine.pdf	pdf				
/images/Favipiravir.pdf	pdf				
/images/Fee_Structure.pdf	pdf				
/images/Feedback_form.pdf	pdf				
/images/Fenbendazole.pdf	pdf				
/images/Fenbendazole_IMP-A_IMPF018.pdf	pdf				
/images/Fenbendazole_IMP-B_IMPM045.pdf	pdf				
/images/Fenofibrate.pdf	pdf				
/images/Fenofibrate_IMP-A_IMP_12_17.pdf	pdf				
/images/Fenofibrate_IMP-B_IMP_16_18.pdf	pdf				
/images/Ferric_Carboxymaltose.pdf	pdf				
/images/Ferric_Carboxymaltose_Injection.pdf	pdf				
/images/Ferrous_Ascorbate_Revised.pdf	pdf				
/images/Ferrous_Ascorbate_and_Folic_Acid_Tablets_Revised.pdf	pdf				
/images/Ferrous_Ascorbate_and_Folic_acid_suspension_Revised.pdf	pdf				
/images/Ferrous_Fumarate.pdf	pdf				
/images/Fesoterodine_Fumarate_IPRSF045_001.pdf	pdf				
/images/Fexofenadine_Hcl.pdf	pdf				
/images/Fexofenadine_Hydrochloride.pdf	pdf				
/images/Fexofenadine_IMP_A_IMPF004.pdf	pdf				
/images/Fexofenadine_IMP_A_IMPF004_001.pdf	pdf				
/images/Fexofenadine_and_Montelukast_Tablets_Ver._1_08.11.2024.pdf	pdf				
/images/File101.pdf	pdf				
/images/File298.pdf	pdf				
/images/File393.pdf	pdf				
/images/File481.pdf	pdf				
/images/File517.pdf	pdf				
/images/File52.pdf	pdf				
/images/File645.pdf	pdf				
/images/File663.pdf	pdf				
/images/File689.pdf	pdf				
/images/File71.pdf	pdf				
/images/File746.pdf	pdf				
/images/File801.pdf	pdf				
/images/File851.pdf	pdf				
/images/Filling-up_for_vairous_Scientific__Administrative_vacant_posts_year_2019.pdf	pdf				
/images/Filling_up_of_the_vacant_post_of_Pharmacopoeia_Editor_and_Pharmacopoeia_Prrof_Reader_in_IPC.pdf	pdf				
/images/Final_Advertisment_11-08-2020-converted.pdf	pdf				
/images/Final_Advertisment_for_Sr_Medical_Device_Assoicate.pdf	pdf				
/images/Final_Agenda.pdf	pdf				
/images/Final_Tender_Document_for_70_Nos._of_API_Reference_Standard.pdf	pdf				
/images/Final_Tender_Documents.pdf	pdf				
/images/Final_Vacancy_advertisement_2020_website_-_Deputation.pdf	pdf				
/images/Finasteride.pdf	pdf				
/images/Finasteride_Impurity_-A_IMP_03_19_001.pdf	pdf				
/images/Flavoxate_HCl_IPRSF013.pdf	pdf				
/images/Flavoxate_Hcl.pdf	pdf				
/images/Flow_Chart_for_investigation_of_Out_of_Trend_Results.pdf	pdf				
/images/Flow_Chart_for_investigation_of_out_of_Specification_Results.pdf	pdf				
/images/Fluconazole.pdf	pdf				
/images/Fluconazole_IMP-C_IMPP042.pdf	pdf				
/images/Flunarizine_Hydrochloride.pdf	pdf				
/images/Flunixin_Meglumine_Injection_version_1.0_05.01.2023.pdf	pdf				
/images/Fluoroquinolonic_Acid_IMPF031_001.pdf	pdf				
/images/Fluoxetine_Hcl.pdf	pdf				
/images/Fluoxetine_imp-C_IMPF025.pdf	pdf				
/images/Fluphenazine_HCl.pdf	pdf				
/images/Flurazepam_HCl_IPRS_15_15.pdf	pdf				
/images/Flurbiprofen_Impurity_A_IMPF047_001.pdf	pdf				
/images/Flurbiprofen_Sodium_IPRS_61_20.pdf	pdf				
/images/Flutamide.pdf	pdf				
/images/Fluticasone_Propionate_IPRSF022.pdf	pdf				
/images/Fluvastatin_Sodium.pdf	pdf				
/images/Fluvastatin_Sodium_Capsules.pdf	pdf				
/images/Fluvoxamine_Maleate.pdf	pdf				
/images/Fluvoxamine_Maleate_IPRSF029.pdf	pdf				
/images/Flyer_-_31.7.2023.pdf	pdf				
/images/Flyer_CDSCO__1.pdf	pdf				
/images/Folic_acid.pdf	pdf				
/images/Formoterol_Fumarate_Dihydrate_IPRSF043_001.pdf	pdf				
/images/Fowl_Pox_Vaccine_live_24.07.2024.pdf	pdf				
/images/Fowl_Pox_Vaccinelive.pdf	pdf				
/images/Frusemide.pdf	pdf				
/images/Frusemide_Oral_Solution.pdf	pdf				
/images/Frusemide_Oral_Solution_Ver._2_01.08.2024.pdf	pdf				
/images/Fulvestrant_Injection.pdf	pdf				
/images/Fulvestrant_Injection_Ver._2_01.08.2024.pdf	pdf				
/images/Fumaric_Acid_IPRSF016.pdf	pdf				
/images/Functioning_of_MDMC.pdf	pdf				
/images/Furazolidone.pdf	pdf				
/images/Fusidic_Acid.pdf	pdf				
/images/Fusidic_Acid_IPRSF020.pdf	pdf				
/images/GD-01-Legal_Status_of_IP.pdf	pdf				
/images/GD-02-Development_of_IP_Monographs.pdf	pdf				
/images/GD-03-Compliance_with_IP_Standards.pdf	pdf				
/images/GD-04-Method_Validation.pdf	pdf				
/images/GD-05-Calibration_of_HPLC.pdf	pdf				
/images/GD-06-Calibration_of_GC.pdf	pdf				
/images/GD-07-QMS_in_Laboratory.pdf	pdf				
/images/GD-08-Good_Documentation_Practices.pdf	pdf				
/images/GD-09-IP_Reference_Substances.pdf	pdf				
/images/GD-10-Calculations_in_IP_v1.1.pdf	pdf				
/images/GEM_2.pdf	pdf				
/images/GEM_link_new.pdf	pdf				
/images/GLUCOSAMINE_SULPHATE_Nacl_23.pdf	pdf				
/images/Gabapentin.pdf	pdf				
/images/Galantamine_Tablets.pdf	pdf				
/images/Galic_Acid_IPRSG014.pdf	pdf				
/images/Gamma_Benzene_Hexachloride_IPRS_24_18.pdf	pdf				
/images/GeM-Bidding-7676017_1.pdf	pdf				
/images/GeM-Bidding_Document.pdf	pdf				
/images/GeM_Tender.pdf	pdf				
/images/Gefitinib.pdf	pdf				
/images/Gefitinib_IPRSG017.pdf	pdf				
/images/Gemcitabine_Hydrochloride.pdf	pdf				
/images/General_Chapter_06.06.2024_2.4.48_Powder_Flow_Ver_1.pdf	pdf				
/images/General_Chapter_06.06.2024_2.4.49_Powder_Finess_Ver_1.pdf	pdf				
/images/General_Chapter_06.06.2024_2.4.9_Conductivity_Ver_1.pdf	pdf				
/images/General_Chapter_06.06.2024_Bulk_density_of_Powders_Ver_1.pdf	pdf				
/images/General_Chapter_On_Macroscopic_evaluation_of_Herbs.pdf	pdf				
/images/General_Chapter_on_Microscopic_Evaluation_of_Herbs_and_Processed_Herbs.pdf	pdf				
/images/General_Notice_of_IP-2.pdf	pdf				
/images/General_Notices-_IP_2022.pdf	pdf				
/images/General_Notices_on_Phytopharmaceutical_Drugs.pdf	pdf				
/images/General_chapt._2.5.4_18092024123938.PDF	pdf				
/images/General_chapter_on_Therapeutic_mAb.pdf	pdf				
/images/General_chapter_on_pharmacognosy_Revised_IP_format.pdf	pdf				
/images/Gentamicin_Sulphate.pdf	pdf				
/images/Glibenclamide.pdf	pdf				
/images/Glicazide_IPRSG012.pdf	pdf				
/images/Glicazide_IPRSG012_001.pdf	pdf				
/images/Gliclazide.pdf	pdf				
/images/Gliclazide_Prolonged_Release_Tablets_ver_1.0_28.11.2022.pdf	pdf				
/images/Glimepiride.pdf	pdf				
/images/Glimepiride_1.pdf	pdf				
/images/Glipizide.pdf	pdf				
/images/Glutamic_Acid.pdf	pdf				
/images/Glutamic_Acid_IPRSG007.pdf	pdf				
/images/Glycerine.pdf	pdf				
/images/Glycine.pdf	pdf				
/images/Goat_Pox_Vaccine.pdf	pdf				
/images/Granulocytes_components.pdf	pdf				
/images/Griseofulvin.pdf	pdf				
/images/Guaiphenesin.pdf	pdf				
/images/Guidance_Document_-_17.9.2024_5_mb.pdf	pdf				
/images/Guidance_Document_MvPI.pdf	pdf				
/images/Guidance_Document_for_Drafting_and_Formatting_of_Monographs_for_Indian_Pharmacopoeia.pdf	pdf				
/images/Guidance_Manual_29-01-2020.pdf	pdf				
/images/Guidance_manual_for_offline_orders_of_IPRS_and_Impurities.pdf_-_Copy.pdf	pdf				
/images/Guidance_manual_for_online_orders_of_IPRS_and_Impurities.pdf	pdf				
/images/Guideline_-_11-03-2020.pdf	pdf				
/images/Guidelines_for_irradiated_blood_components.pdf	pdf				
/images/Guidelines_on_Bacterial_Endotoxins_Tests_Version_2.0_20.01.2023.pdf	pdf				
/images/HANDBOOK_-_IPC.pdf	pdf				
/images/Haemodialysis_Solutions_Ver._1_08.10.2024.pdf	pdf				
/images/Haemorrhagic_Septicaemia_Vaccine_inactivated.pdf	pdf				
/images/Haloperidol.pdf	pdf				
/images/Handbook_of_PvPI.pdf	pdf				
/images/Handook_PvPI.pdf	pdf				
/images/Hexacosane_IMPH008.pdf	pdf				
/images/Hindi_MDAE_Rerporting_Form_-Final.pdf	pdf				
/images/Hindi_Notice_Inviting_Tender.pdf	pdf				
/images/Hindi_Updated.pdf	pdf				
/images/Hindi_and_English_Advertisemen_of_Reference_Standard._31.3.21.pdf	pdf				
/images/Homatropine_HBr_IPRS_81_19.pdf	pdf				
/images/Homepage/IPC-Calendar-of-Events.pdf	pdf				
/images/How_to_update_information_in_ADRMS.pdf	pdf				
/images/Human_Papillomavirus_Vaccine_rDNA_draft_monograph_dated_22.07.2024.pdf	pdf				
/images/Hydralazine_Hcl.pdf	pdf				
/images/Hydrochlorothiazide.pdf	pdf				
/images/Hydrocortisone_Acetate.pdf	pdf				
/images/Hydrocortisone_Sodium_Succinate.pdf	pdf				
/images/Hydrocortisone_Tablets_Ver._1_08.11.2024.pdf	pdf				
/images/Hydroxychloroquine_IPRS_Notice.pdf	pdf				
/images/Hydroxychloroquine_sulphate.pdf	pdf				
/images/Hydroxycobalamin_Acetate_IMPH014_001.pdf	pdf				
/images/Hydroxyethyl_Cellulose.pdf	pdf				
/images/Hydroxypropyl_Cellulose.pdf	pdf				
/images/Hyoscine_Butyl_Bromide.pdf	pdf				
/images/Hyoscine_Butyl_Bromide_IPRSH011_001.pdf	pdf				
/images/IBD_Vaccine_Draft_Ammendment_for_stakeholders_comments.pdf	pdf				
/images/IB_Brochure.pdf	pdf				
/images/IB_Webinar_29th_April_2021.pdf	pdf				
/images/IPC-Achievements-2017-18-Ministry_Version.pdf	pdf				
/images/IPC-Achievements-2018-19-Ministry_Version-15-04-2019.pdf	pdf				
/images/IPC-Release_of_IP_Addendum_2019.pdf	pdf				
/images/IPC-Supply_Order_Form_2022-1_1.pdf	pdf				
/images/IPC-Supply_Order_Form_2022.pdf	pdf				
/images/IPC_10_Year_Journey_Writeup2.pdf	pdf				
/images/IPC_EMPLOYEES_ON_DEPUTATION.pdf	pdf				
/images/IPC_Gazette_24-05-2008_Under_RTI.pdf	pdf				
/images/IPC_Interactive_Meet_IMTECH.pdf	pdf				
/images/IPC_OM_09-06-2020.pdf	pdf				
/images/IPC_Photo_Tour.pdf	pdf				
/images/IPC_Profile_1-min.pdf	pdf				
/images/IPC_Profile_2-min.pdf	pdf				
/images/IPC_Update_June_13_2023_IP_Recognition.pdf	pdf				
/images/IPCs_Notice_on_Approach_to_Alternative_Rapid_Microbiological_Methods.pdf	pdf				
/images/IP_Addendum_2019_to_IP_2018.pdf	pdf				
/images/IP_Recognition/18.-IPC-Update-Dec-11-2025.pdf	pdf				
/images/IP_Recognition/22.-IPC-Update-May-15-2026.pdf	pdf				
/images/ITOPRIDE_HCL_COA.pdf	pdf				
/images/Ibuprofen.pdf	pdf				
/images/Ibuprofen_IPRSI011.pdf	pdf				
/images/Ibuprofen_Oral_Suspension.pdf	pdf				
/images/Ilaprazole.pdf	pdf				
/images/Imatinib_Mesylate.pdf	pdf				
/images/Imatinib_Mesylate_IPRSI017.pdf	pdf				
/images/Imipramine_HCl_IPRS_20_17.pdf	pdf				
/images/Impartiality_Policy.pdf	pdf				
/images/Impuritie_List.pdf	pdf				
/images/Inclusion_Body_Hepatitis.pdf	pdf				
/images/Inclusion_Body_Hepatitis_IBH_Vaccine_inactivated_24.07.2024.pdf	pdf				
/images/Indapamide.pdf	pdf				
/images/Indapamide_IMP-A_IMPM044.pdf	pdf				
/images/Indapamide_IPRSI007.pdf	pdf				
/images/Indomethacin.pdf	pdf				
/images/Indomethacin_IPRSI016.pdf	pdf				
/images/Industry_Stakeholders_Virtual_Consultation_on_Regulations_and_Standards_for_Phyto_16.10.20.pdf	pdf				
/images/Infectious_Avian_Encephalomyelitis_Vaccine.pdf	pdf				
/images/Infectious_Avian_Encephalomyelitis_Vaccine_Live_24.07.2024.pdf	pdf				
/images/Infectious_Bursal_Disease_Vaccine._inactivated.pdf	pdf				
/images/Infectious_Bursal_Disease_Vaccine_Inactivated_24.07.2024.pdf	pdf				
/images/Infectious_Bursal_disease_Live_24.07.2024.pdf	pdf				
/images/Infectious_Canine_Hepatitis_Vaccine.pdf	pdf				
/images/Infectious_Chicken_Anaemia_Live_24.07.2024.pdf	pdf				
/images/Infectious_Chicken_Anaemia_Vaccine_Inactivated_24.07.2024.pdf	pdf				
/images/Infectious_Coryza_Vaccine_inactivated.pdf	pdf				
/images/Information_Brochure101220.pdf	pdf				
/images/Information_Brochure__Agenda.pdf	pdf				
/images/Inhalation_Preparations_Revised.pdf	pdf				
/images/Inositol.pdf	pdf				
/images/Instructions_for_Filling_the_Medical_Device_Adverse_1.2_1.pdf	pdf				
/images/Internsip_Flyer_-_8.5.2025_Final.pdf	pdf				
/images/Intimation.pdf	pdf				
/images/Intimation_Letter_PT-012023.pdf	pdf				
/images/Intimation_Letter_PT-02_2023.pdf	pdf				
/images/Intimation_Letter_PT-042023.pdf	pdf				
/images/Introduction_IP-2018.pdf	pdf				
/images/Inviting_stakeholders_comments_for_Invitro_Diagnostic_Medical_Device_adverse_event_reporting_form.pdf	pdf				
/images/Ipratropium_Bromide.pdf	pdf				
/images/Ipratropium_Bromide_IPRSI008_001.pdf	pdf				
/images/Irbesartan_IPRSI002.pdf	pdf				
/images/Iso-Menthone.pdf	pdf				
/images/Isoniazid.pdf	pdf				
/images/Isoniazid_IPRSI015.pdf	pdf				
/images/Isoniazid_Oral_Solution.pdf	pdf				
/images/Isoniazid_Oral_Solution_Ver._3_28.01.2025.pdf	pdf				
/images/Isosorbide_Dinitrate_Diluted_40_.pdf	pdf				
/images/Itraconazole.pdf	pdf				
/images/Itraconazole_Capsule.pdf	pdf				
/images/Itraconazole_Capsules_version_1.0_05.01.2023_2.pdf	pdf				
/images/Itraconazole_IMP-F_IMPI014.pdf	pdf				
/images/Itraconazole_Oral_Solution.pdf	pdf				
/images/Ivermectin.pdf	pdf				
/images/IvermectinTablets.pdf	pdf				
/images/Ivermectin_IPRSI012.pdf	pdf				
/images/Ketamine_Hcl.pdf	pdf				
/images/Ketoconazole_IPRSK005_001.pdf	pdf				
/images/Ketoconazole_IPRS_43_15.pdf	pdf				
/images/Ketoconazole_Shampoo.pdf	pdf				
/images/Ketoconazole_Shampoo_Ver._1_28.01.2025.pdf	pdf				
/images/Ketoconazole_shampoo_version_2.0.pdf	pdf				
/images/Ketoprofen.pdf	pdf				
/images/Ketorolac_1-Hydroxy_analog_IMPK004.pdf	pdf				
/images/Ketorolac_Tromethamine_IPRSK003.pdf	pdf				
/images/Ketorolac_Tromethamine_Injection.pdf	pdf				
/images/Ketorolac_Tromethamine_Tablets.pdf	pdf				
/images/Ketotifen_Fumarate.pdf	pdf				
/images/L-Alanine_IPRSA015.pdf	pdf				
/images/L-Arginine_HCl_IPRSA016.pdf	pdf				
/images/L-Glutathione.pdf	pdf				
/images/L-Histidine_IPRSH006.pdf	pdf				
/images/L-Histidine_Monohydrochloride_Monohydrate.pdf	pdf				
/images/L-Isoleucine_IPRSI006.pdf	pdf				
/images/L-Leucine_IPRSL008.pdf	pdf				
/images/L-LysineAcetate_IPRSL010.pdf	pdf				
/images/L-Lysine_Monohydrochloride_IPRSL009.pdf	pdf				
/images/L-Methionine_IPRSM015.pdf	pdf				
/images/L-Phenylalanine_IPRSP017.pdf	pdf				
/images/L-Trytophan_IPRST021.pdf	pdf				
/images/L-Valine_IPRSV006.pdf	pdf				
/images/LIST_OF_CONTRACTUAL_STAFF_.pdf	pdf				
/images/LIST_OF_REGULAR_EMPLOYEES_OF_IPC.pdf	pdf				
/images/Labetalol_Hcl.pdf	pdf				
/images/Lactulose_IPRSL004.pdf	pdf				
/images/Lactulose_Solution.pdf	pdf				
/images/Lactulose_Solution_1.pdf	pdf				
/images/Lamivudine.pdf	pdf				
/images/Lamivudine_16.01.2020.pdf	pdf				
/images/Lamivudine_IPRSL016_001.pdf	pdf				
/images/Lamivudine_Impurity_C_IMPH009_001.pdf	pdf				
/images/Lamotrigine.pdf	pdf				
/images/Lansoprazole.pdf	pdf				
/images/Lansoprazole_IMP-A_IMPL012.pdf	pdf				
/images/Lansoprazole_IPRSL040.pdf	pdf				
/images/Lapatanib_Ditosylate.pdf	pdf				
/images/Lapatinib_IMP-B_IMPF015.pdf	pdf				
/images/Leave_application_form_for_Contractual_Staff.pdf	pdf				
/images/Leflunomide.pdf	pdf				
/images/Leflunomide_IPRSL001_001.pdf	pdf				
/images/Leflunomide_Impurity_-C_IMPL005_001.pdf	pdf				
/images/Lenalidomide.pdf	pdf				
/images/Lenalidomide_capsules.pdf	pdf				
/images/Lenalidomide_capsules_version_1.0.pdf	pdf				
/images/Lenalidomide_version_1.0.pdf	pdf				
/images/Lenvatinib_Mesylate_IPRSL041_001.pdf	pdf				
/images/Letrazole_IPRS_12_18_001.pdf	pdf				
/images/Letter_website.pdf	pdf				
/images/Levamisole_HCl.pdf	pdf				
/images/Levetiracetam.pdf	pdf				
/images/Levetiracetam_IMP-B_IMPL030.pdf	pdf				
/images/Levetiracetam_IMPL021.pdf	pdf				
/images/Levetiracetam_IPRSL027_001.pdf	pdf				
/images/Levetiracetam_Impurity_A.pdf	pdf				
/images/Levetiracetam_Impurity_C.pdf	pdf				
/images/Levetiracetam_Impurity_D.pdf	pdf				
/images/Levetiracetam_Injection.pdf	pdf				
/images/Levetiracetam_Injection_Ver._1_01.08.2024.pdf	pdf				
/images/Levocetirizine_Amide_IMPC043.pdf	pdf				
/images/Levodopa.pdf	pdf				
/images/Levodopa_and_Carbidopa_Tablets.pdf	pdf				
/images/Levofloxacin_Hemihydrate.pdf	pdf				
/images/Levonorgestrel.pdf	pdf				
/images/Levosalbutamol_Sulpahte.pdf	pdf				
/images/Levosalbutamol_Sulphate_IPRSL022.pdf	pdf				
/images/Levosulpride.pdf	pdf				
/images/Lidocaine_and_Prilocaine_Cream.pdf	pdf				
/images/Lignocaine_HCl.pdf	pdf				
/images/Lignocaine_HCl_IPRSL018.pdf	pdf				
/images/Linalool_IPRSL019.pdf	pdf				
/images/Lindane_IPRSL020.pdf	pdf				
/images/Lindane_Lotion_ver_1.0_28.11.2022.pdf	pdf				
/images/Linezolid.pdf	pdf				
/images/Liothyronine_Sodium_IMPL031_001.pdf	pdf				
/images/Liquids_for_Cutaneous_Application_Ver._1_25.11.2024.pdf	pdf				
/images/Lisinopril.pdf	pdf				
/images/List-of-IP-Reference-Substances.pdf	pdf				
/images/List_of_Drug_Safety_Alerts_Alerts_as_on_27_September_2023.pdf	pdf				
/images/List_of_Drug_Safety_Alerts_Alerts_as_on_31st_May_2023.pdf	pdf				
/images/List_of_Drug_Safety_Alerts_as_on_12th_March_2025.pdf	pdf				
/images/List_of_Drug_Safety_Alerts_as_on_18th_July_2024.pdf	pdf				
/images/List_of_Drug_Safety_Alerts_as_on_21st_May_2024.pdf	pdf				
/images/List_of_Drug_Safety_Alerts_as_on_27th_June_2025.pdf	pdf				
/images/List_of_Drug_Safety_Alerts_as_on_28th_August_2024.pdf	pdf				
/images/List_of_Drug_Safety_Alerts_as_on_28th_June_2024.pdf	pdf				
/images/List_of_Drug_Safety_Alerts_as_on_29TH_November_2024.pdf	pdf				
/images/List_of_Drug_Safety_Alerts_issued_by_PvPI_IPC_till_date.pdf	pdf				
/images/List_of_Drug_Safety_Alerts_till_date.pdf	pdf				
/images/List_of_MDMC_with_contact_details.pdf	pdf				
/images/List_of_MOU_and_Cooperation.pdf	pdf				
/images/List_of_MoUs_to_be_uploded_on_website.pdf	pdf				
/images/List_of_Regular_employee_-10.pdf	pdf				
/images/List_of_Regular_employee_-6.pdf	pdf				
/images/List_of_Regular_employee_-9.pdf	pdf				
/images/List_of_Regular_employees_of_IPC_1.pdf	pdf				
/images/List_of_SRP_Reccomendations_to_CDSCO.pdf	pdf				
/images/List_of_employees.pdf	pdf				
/images/List_of_selected_and_Waitlist_candidates_of_Administrative_Assistants_in_Indian_Pharmacopoeia_Commission.pdf	pdf				
/images/Lithium_Carbonate.pdf	pdf				
/images/Lithium_clavulanate_IPRSL024.pdf	pdf				
/images/Lomotrigine_IPRSL013.pdf	pdf				
/images/Loperamide_HCl.pdf	pdf				
/images/Loperamide_HCl_IPRSL017.pdf	pdf				
/images/Lopinavir.pdf	pdf				
/images/Loratadine.pdf	pdf				
/images/Lorazepam.pdf	pdf				
/images/Losartan_potassium_coa.pdf	pdf				
/images/Lovastain_IPRS_45_20.pdf	pdf				
/images/Low-Substituted_Hydroxypropyl_Cellulose_Ver._1_08.11.2024.pdf	pdf				
/images/Luliconazole.pdf	pdf				
/images/Lumefantrine.pdf	pdf				
/images/Lumefantrine_Realted_Compound_A_IMPL011.pdf	pdf				
/images/Lutein.pdf	pdf				
/images/Lysine_Hydrochloride.pdf	pdf				
/images/MDAE_Rerporting_Form_Hindi_Version.pdf	pdf				
/images/MEDICAL_DEVICE_ADVERSE_EVENT_REPORTING_FORM_Version_1.2_1.pdf	pdf				
/images/MEDICAL_DEVICE_ADVERSE_EVENT_REPORTING_FORM_editable.pdf	pdf				
/images/MHA_Guideline_01.05.2020.pdf	pdf				
/images/MHA_order_dt_15.04.2020_with_Revised_Consolidated_Guidelines.pdf	pdf				
/images/MINOXIDIL_COA_001.pdf	pdf				
/images/MOM-41_SB.pdf	pdf				
/images/MOM-42_SB.pdf	pdf				
/images/MOM-43_SB.pdf	pdf				
/images/MOM-44_SB.pdf	pdf				
/images/MOM-45_SB.pdf	pdf				
/images/MOM-46_SB.pdf	pdf				
/images/MPR-Apr-2019.pdf	pdf				
/images/MPR-Aug_-19.pdf	pdf				
/images/MPR-Aug_-2020.pdf	pdf				
/images/MPR-Dec-2019.pdf	pdf				
/images/MPR-Feb-2019_pdf.pdf	pdf				
/images/MPR-JAN-2020-.pdf	pdf				
/images/MPR-July-2019.pdf	pdf				
/images/MPR-March_-2019.pdf	pdf				
/images/MPR-May-2020.pdf	pdf				
/images/MPR-NOV-2023.pdf	pdf				
/images/MPR-Nov_2018.pdf	pdf				
/images/MPR-November-2019_pdf.pdf	pdf				
/images/MPR-November_-2020.pdf	pdf				
/images/MPR-Oct-2019.pdf	pdf				
/images/MPR-October_-2020.pdf	pdf				
/images/MPR-Sep_-19_f.pdf	pdf				
/images/MPR-Sep_-2020.pdf	pdf				
/images/MPR-_Feb_-2021.pdf	pdf				
/images/MPR-_January_-2021.pdf	pdf				
/images/MPR-_March_-2021.pdf	pdf				
/images/MPR-_Oct-2023.pdf	pdf				
/images/MPR_-_April_2021.pdf	pdf				
/images/MPR_June__2019.pdf	pdf				
/images/MPR_MAY__2019.pdf	pdf				
/images/MPR_OCT_2018.pdf	pdf				
/images/MPR_Sept_2018.pdf	pdf				
/images/MVPI_-_workshop_invitation.pdf	pdf				
/images/Mannitol.pdf	pdf				
/images/Mannitol_IMP-C_IMPM063.pdf	pdf				
/images/Manual_10_under_RTI_Act_200520250728164716_1.pdf	pdf				
/images/Manual_11pdf.pdf	pdf				
/images/Manual_12pdf.pdf	pdf				
/images/Manual_13pdf.pdf	pdf				
/images/Manual_14pdf.pdf	pdf				
/images/Manual_15pdf.pdf	pdf				
/images/Manual_16.pdf	pdf				
/images/Manual_16.pdf.pdf	pdf				
/images/Manual_16_-_IPC_Regular_Employees_40_Nos._in_Word_File_28-02-2023.pdf	pdf				
/images/Manual_17pdf.pdf	pdf				
/images/Manual_1pdf.pdf	pdf				
/images/Manual_2.pdf	pdf				
/images/Manual_3.pdf	pdf				
/images/Manual_4.pdf	pdf				
/images/Manual_5.pdf	pdf				
/images/Manual_7pdf.pdf	pdf				
/images/Manual_8pdf.pdf	pdf				
/images/Manual_9_under_RTI_Act_200520250728164635.pdf	pdf				
/images/Manual__1pdf.pdf	pdf				
/images/Mareks_disease_live.pdf	pdf				
/images/Mebendazole.pdf	pdf				
/images/Mebeverine_HCl.pdf	pdf				
/images/Meclizine_Hydrochloride.pdf	pdf				
/images/Mecobalamin.pdf	pdf				
/images/Mecobalamin_001.pdf	pdf				
/images/Medical_Device_Adverse_Event_Reporting_form_for_Consumers_or_Users.pdf	pdf				
/images/Medical_Reimbursement_Claim_Form.pdf	pdf				
/images/Medroxy_progesterone_acetate.pdf	pdf				
/images/Mefenamic_Acid.pdf	pdf				
/images/Mefenamic_Acid_Impurity_A.pdf	pdf				
/images/Mefenamic_Acid_Suspension.pdf	pdf				
/images/Mefenamic_Acid_Tablets_Ver._1_08.11.2024.pdf	pdf				
/images/Mefloquine_HCl.pdf	pdf				
/images/Meloxicam_IPRS.PDF	pdf				
/images/Memantine_HCL_IPRS_72_16.pdf	pdf				
/images/Memantine_Hyrochloride_IPRSM074_001.pdf	pdf				
/images/Membership_Form_Contractual_Employee.pdf	pdf				
/images/Membership_Form_Regular_Employee.pdf	pdf				
/images/Membership_Form_Trainee_Internship.pdf	pdf				
/images/Meningococcal_group_A_C_W135_Y_and_X_Conjugate_Vaccine_draft_mongraph_dated_22.07.2024.pdf	pdf				
/images/Menthol.pdf	pdf				
/images/Menthol_IPRS.pdf	pdf				
/images/Menthol_monograph_07_02_2024.pdf	pdf				
/images/Meropenem.pdf	pdf				
/images/Mesalazine.pdf	pdf				
/images/Mesalazine_IMP-B_IMPA034.pdf	pdf				
/images/Mesalazine_IMP-E_IMPA028.pdf	pdf				
/images/Mesalazine_IMP-K_IMPM025.pdf	pdf				
/images/Mesalazine_IMP-L_IMPC053.pdf	pdf				
/images/Mesalazine_IMP-M_IMPC056.pdf	pdf				
/images/Mesalazine_IMP_F__IMPM053.pdf	pdf				
/images/Mesalazine_Impurity_B.pdf	pdf				
/images/Mesalazine_Impurity_L.pdf	pdf				
/images/Mesalazine_Impurity_M.pdf	pdf				
/images/Mesityl_Oxide_IMPM023.pdf	pdf				
/images/Mesna_Tablets.pdf	pdf				
/images/Metacycline_HCl_IMPM033.pdf	pdf				
/images/Metadoxime_IPRS_87_20.pdf	pdf				
/images/Metformin_HCl.pdf	pdf				
/images/Metformin_Hydrochloride.pdf	pdf				
/images/Methocarbamol_IPRS_106_15.pdf	pdf				
/images/Methotrexate.pdf	pdf				
/images/Methotrexate_IMP-A_IMPM052.pdf	pdf				
/images/Methotrexate_IMP-B_IMPA043.pdf	pdf				
/images/Methotrexate_imp-C_IMPM010.pdf	pdf				
/images/Methyl_Paraben.pdf	pdf				
/images/Methyl_Paraben_IMP-A_IMPH012.pdf	pdf				
/images/Methyl_Prednisolone_Acetate.pdf	pdf				
/images/Methyl_Salicylate.pdf	pdf				
/images/Methyldopa.pdf	pdf				
/images/Methylene_Blue_Injection_Ver._1_08.11.2024.pdf	pdf				
/images/Methylene_Blue_Ver._1_08.11.2024.pdf	pdf				
/images/Methylergometrine_Maleate_IPRS_43_19.pdf	pdf				
/images/Methylprednisolone.pdf	pdf				
/images/Methyltestosterone.pdf	pdf				
/images/Metoclopramide_HCl.pdf	pdf				
/images/Metoprolol_Impuirty_B.pdf	pdf				
/images/Metoprolol_Impurity_A.pdf	pdf				
/images/Metoprolol_Succinate.pdf	pdf				
/images/Metoprolol_Succinate_IMP-C_IMPM057.pdf	pdf				
/images/Metoprolol_Tartrate.pdf	pdf				
/images/Metronidazole.pdf	pdf				
/images/Metronidazole_Benzoate.pdf	pdf				
/images/Metronidazole_IPRSM043.pdf	pdf				
/images/Metronidazole_Impurity_A.pdf	pdf				
/images/Metroprolol_IMP-B_IMPM039.pdf	pdf				
/images/Metroprolol_Tartrate_IMP-C_IMPM058.pdf	pdf				
/images/Mexiletine_IMP-C_IMPM018.pdf	pdf				
/images/Micafungin_Sodium_Ver._1_08.10.2024.pdf	pdf				
/images/Micafungin_for_Injection_Ver._1_08.10.2024.pdf	pdf				
/images/Miconazole.pdf	pdf				
/images/Miconazole_IPRSM078.pdf	pdf				
/images/Miconazole_Nitrate.pdf	pdf				
/images/Miconazole_Nitrate_IPRSM059.pdf	pdf				
/images/Miconazole_Related_Compound_F.pdf	pdf				
/images/Miconazole_Related_Compound_I.pdf	pdf				
/images/Microbial_Techniques-Webinar.pdf	pdf				
/images/Microbiology/Draft-Amendments-1.pdf	pdf				
/images/Microbiology/Draft-Amendments.pdf	pdf				
/images/Microbiology/Intimation-Letter.pdf	pdf				
/images/Microbiology/Registration-form-1.pdf	pdf				
/images/Microcrystalline_Cellulose.pdf	pdf				
/images/Midazolam_IPRSM079_001.pdf	pdf				
/images/Mifepristone.pdf	pdf				
/images/Mifepristone_IPRSM036.pdf	pdf				
/images/Miltefosine_capsules_version_1.0.pdf	pdf				
/images/Miltefosine_version_1.0.pdf	pdf				
/images/Minocycline_Hydrochloride_Ver._2_01.08.2024.pdf	pdf				
/images/Minocycline_Tablets_Ver._2_01.08.2024.pdf	pdf				
/images/Minocycline_capsules.pdf	pdf				
/images/Minocycline_for_Injection_Ver._3_08.10.2024.pdf	pdf				
/images/Minocycline_hydrochloride.pdf	pdf				
/images/Minocycline_injection.pdf	pdf				
/images/Minocycline_tablets.pdf	pdf				
/images/Minutes_of_49th_Meeting_of_The_Scientific_Body_of_IPC.pdf	pdf				
/images/Mirtazapine_IPRSM056_001.pdf	pdf				
/images/MoM_of_Meeting_related_to_Heparin_Sodium_IP_2018_monograph.pdf	pdf				
/images/Modafinil.pdf	pdf				
/images/Molnupiravir_IPRSM017.pdf	pdf				
/images/Molnupiravir_capsules_ver_1.0_28.11.2022.pdf	pdf				
/images/Molnupiravir_ver_1.0_28.11.2022.pdf	pdf				
/images/Mometasine_Furoate_IPRS_64_20.pdf	pdf				
/images/Mometasone_Furoate_IPRSM080_001.pdf	pdf				
/images/Monograph_Acetylcysteine_Ver._1_11.09.2023.pdf	pdf				
/images/Monograph_submission_checklist_Ver_2_final.pdf	pdf				
/images/Montelukast_Sodium.pdf	pdf				
/images/Montelukast_Styrene.pdf	pdf				
/images/Montelukast_sulphoxide_IMPM029.pdf	pdf				
/images/Monthly_Drug_Safety_Alert_October_2020.pdf	pdf				
/images/Monthly_Training_Report_Format.pdf	pdf				
/images/Morphine_Prolonged-release_Tablets_Ver._1_08.11.2024_1.pdf	pdf				
/images/Mosapride_Citrate_Dihydrate.pdf	pdf				
/images/Moxifloxacin_HCL_IMP-E_IMP_19_18.pdf	pdf				
/images/Moxifloxacin_HCl.pdf	pdf				
/images/Moxifloxacin_Tablets.pdf	pdf				
/images/Mupirocin.pdf	pdf				
/images/Mupirocin_Lithium_IMPM055.pdf	pdf				
/images/MvPI_E-Newsletter_Issue-1_2022.pdf	pdf				
/images/MvPI_E-Newsletter_Issue-4_2022.pdf	pdf				
/images/MvPI_Flyer_03.11.2020.pdf	pdf				
/images/MvPI_Newsletter_Issue-2_2022_-_18.10.2022.pdf	pdf				
/images/MvPI_Newsletter_Vol.5_Issue_1.pdf	pdf				
/images/MvPI_Newsletter_Vol._6_Issue_3_-_28.10.2024.pdf	pdf				
/images/Mycophenolate_Mofetil.pdf	pdf				
/images/N-Acetyl-L-Cysteine_IPRSA017.pdf	pdf				
/images/NABH_NOMINATION_FORM16032020.pdf	pdf				
/images/NABH_webinar_March_2021_08.03.2021.pdf	pdf				
/images/NL_34_-Vol-11_2021_05082021.pdf	pdf				
/images/NL_Issue_28.pdf	pdf				
/images/Nadifloxacin.pdf	pdf				
/images/Naloxone_Hydrochloride.pdf	pdf				
/images/Nandrolone_Phenyl_Propionate_IPRS_68_15.pdf	pdf				
/images/Naproxen.pdf	pdf				
/images/Natamycin.pdf	pdf				
/images/National%20Health%20Programs5302935603-4684016670%201.pdf	pdf				
/images/National_Stakeholders_Conclave_on_Materiovigilance_and_In-vitro_Diagnostics_IVD_Safety.pdf	pdf				
/images/Nebivolol_Hcl.pdf	pdf				
/images/Neotame.pdf	pdf				
/images/Nepafenac_1.0_05.01.2023.pdf	pdf				
/images/Nepafenac_opthalmic_suspension_1.0_05.01.2023.pdf	pdf				
/images/Nevirapine.PDF	pdf				
/images/Nevirapine_IPRSN007_001.pdf	pdf				
/images/New_Secientific_Body_Member_list_2025-26.pdf	pdf				
/images/News_Collaboration_with_BP_19.02.2021.pdf	pdf				
/images/News_Letter_Issue_33-_Final_Uploaded.pdf	pdf				
/images/News_Letter_Volume_10_Issue_31-32_2020.pdf	pdf				
/images/Newsletter_-Volume-11-Issue_36.pdf	pdf				
/images/Newsletter_-_Vol._6_Issue_4_-_17.1.2025.pdf	pdf				
/images/Newsletter_25_Final_Draft_compressed.pdf	pdf				
/images/Newsletter_26_for_the_website.pdf	pdf				
/images/Newsletter_35_2021.pdf	pdf				
/images/Newsletter_Vol_9-10_Issue_29-30_2019-2020.pdf	pdf				
/images/Newsletter_vol_8_Issue_24_2018.pdf	pdf				
/images/Newsletter_vol_9_issue_27.pdf	pdf				
/images/Newspaper_reimbursement_claim_form.pdf	pdf				
/images/Niclosamide_IPRSN013.pdf	pdf				
/images/Nicorandil_IPRSN022.pdf	pdf				
/images/Nicotianamide.pdf	pdf				
/images/Nicotinamide.pdf	pdf				
/images/Nicotinic_acid.pdf	pdf				
/images/Nicotinic_acid_IPRSN018.pdf	pdf				
/images/Nitrazepam.pdf	pdf				
/images/Nitrofurantoin_Oral_Suspension.pdf	pdf				
/images/Nitrofuratoin_new.pdf	pdf				
/images/Nitrofurazone_Ointment.pdf	pdf				
/images/Norethisterone.pdf	pdf				
/images/Norethisterone_IPRSN012.pdf	pdf				
/images/Norfloxacin.pdf	pdf				
/images/Norfloxacin_IPRSN008.pdf	pdf				
/images/Nortriptyline_HCL.pdf	pdf				
/images/Notice-Lorcaserin_for_Omission_of_Monographs_of_Hydrochloride_and_Lorcaserin.pdf	pdf				
/images/Notice.PDF	pdf				
/images/Notice.pdf	pdf				
/images/Notice.sign._20012023163513.PDF	pdf				
/images/Notice_1.PDF	pdf				
/images/Notice_Delisting_of_AMCs_under_PvPI_P2.pdf	pdf				
/images/Notice_for_Draft_QM.pdf	pdf				
/images/Notice_for_IP_Compliance.pdf	pdf				
/images/Notice_on_postponed_of_one_day_awareness_programme_on_IP_and_IPRS_on_18_March_2020_at_Dheradun.pdf	pdf				
/images/Notice_to_all_the_Stakeholders_of_IPC.pdf	pdf				
/images/Notification.pdf	pdf				
/images/Nystatin.pdf	pdf				
/images/OBC_Result.pdf	pdf				
/images/Office_order_.pdf	pdf				
/images/Officer_Order_dated_18-05-2020.pdf	pdf				
/images/Ofloxacin.pdf	pdf				
/images/Olanzapine.pdf	pdf				
/images/Olanzapine_IPRSO027_002.pdf	pdf				
/images/Olapatadine_Hcl.pdf	pdf				
/images/Olmesartam_Medoxomil.pdf	pdf				
/images/Olmesartan_Medixomil_IPRSO006.pdf	pdf				
/images/Olopatadine_HCl_IPRSO013.pdf	pdf				
/images/Olopatadine_IMP-B_IMPD051_001.pdf	pdf				
/images/Omeprazole.pdf	pdf				
/images/Omeprazole_IMP-D_IMPO011.pdf	pdf				
/images/Ondansetron.pdf	pdf				
/images/Ondansetron_HCL.pdf	pdf				
/images/Ondansetron_HCL_IMP_IMPM021.pdf	pdf				
/images/Ondansetron_HCl.pdf	pdf				
/images/Ondansetron_Impurity_A.pdf	pdf				
/images/Ondansetron_Impurity_C_IMP_10_19_001.pdf	pdf				
/images/Ondansetron_Impurity_D.pdf	pdf				
/images/Ondansetron_hydrochloride_Impurity.pdf	pdf				
/images/Order_issued_by_CDSCO_for_Amlodipine_assocaited_Gingival_Hypertrophy_on_dated_13.06.2019.pdf	pdf				
/images/Order_issued_by_CDSCO_for_Amlodipine_associated_Alopecia_on_dated_13.06.2019.pdf	pdf				
/images/Order_issued_by_CDSCO_for_ArtemetherLumefantrine_assocaited_SJS_on_dated_19.06.2019.pdf	pdf				
/images/Order_issued_by_CDSCO_for_Carbamazepine_assocaited_DRESS_Syndrome_on_dated_19.06.2019.pdf	pdf				
/images/Order_issued_by_CDSCO_for_Carvedilol_assocaited_Hyperkalemia_on_dated_13.06.2019.pdf	pdf				
/images/Order_issued_by_CDSCO_for_Cefepime_assocaited_Urticaria_on_dated_12.06.2019.pdf	pdf				
/images/Order_issued_by_CDSCO_for_Cefixime_assocaited_AGEP_on_dated_09.04.2019.pdf	pdf				
/images/Order_issued_by_CDSCO_for_Cefixime_assocaited_Mouth_Ulceration_on_dated_19.06.2019.pdf	pdf				
/images/Order_issued_by_CDSCO_for_Cefotaxime_assocaited_Angioedema_on_dated_09.04.2019.pdf	pdf				
/images/Order_issued_by_CDSCO_for_Diclofenac_assocaited_Nicolous_Syndrome_on_dated_24.07.2019.pdf	pdf				
/images/Order_issued_by_CDSCO_for_Fluconazole_assocaited_Hyperpigmentation_on_dated_12.06.2019.pdf	pdf				
/images/Order_issued_by_CDSCO_for_Meropenem_assocaited_Hypokalemia_on_dated_19.06.2019.pdf	pdf				
/images/Order_issued_by_CDSCO_for_Ofloxacine_assocaited_SJS-TEN_on_dated_09.04.2019.pdf	pdf				
/images/Order_issued_by_CDSCO_for_Phenobarbital_assocaited_DRESS_Syndrome_on_dated_12.06.2019.pdf	pdf				
/images/Order_issued_by_CDSCO_for_Proton_Pump_Inhibitors_assocaited_Acute_Kidney_Injury_on_dated_04.11.2019.pdf	pdf				
/images/Order_issued_by_CDSCO_for_Quetiapine_assocaited_Urinary_Incontinence_on_dated_09.04.2019.pdf	pdf				
/images/Order_issued_by_CDSCO_for_Sodium_Valproate_assocaited_Gum_Hyperplasia_on_dated_09.04.2019.pdf	pdf				
/images/Order_issued_by_CDSCO_for_Sulfasalazine_assocaited_DRESS_Syndrome_on_dated_09.04.2019.pdf	pdf				
/images/Order_issued_by_CDSCO_for_Sulfasalazine_assocaited_SJS_on_dated_12.06.2019.pdf	pdf				
/images/Order_issued_by_CDSCO_for_Sulfasalazine_assocaited_TEN_on_dated_12.06.2019.pdf	pdf				
/images/Order_issued_by_CDSCO_for_Terbinafine_assocaited_AGEP_on_dated_12.06.2019.pdf	pdf				
/images/Order_issued_by_CDSCO_for_Tranexamic_Acid_assocaited_Seizure-Convulsion_on_dated_09.04.2019.pdf	pdf				
/images/Ormeloxifene_HCl.pdf	pdf				
/images/Ornidazole.pdf	pdf				
/images/Ornidazole_IPRSO029_001.pdf	pdf				
/images/Oseltamivir_Phosphate.pdf	pdf				
/images/Oxacillin_Sodium_IPRSO004.pdf	pdf				
/images/Oxacillin_sodium.pdf	pdf				
/images/Oxcarbazepine.pdf	pdf				
/images/Oxcarbazepine_IPRSO017.pdf	pdf				
/images/Oxezepam.pdf	pdf				
/images/Oxybutnin_HCl__IPRS_70_18_.pdf	pdf				
/images/Oxymetazoline_Hydrochloride.pdf	pdf				
/images/Oxytetracycline_Dihydrate.pdf	pdf				
/images/Oxytetracycline_Dihydrate_001.pdf	pdf				
/images/Oxytocin.pdf	pdf				
/images/Oxytocin_Concentrated_Solution.pdf	pdf				
/images/Oxytocin_Concentrated_Solution_Ver._1_01.08.2024.pdf	pdf				
/images/Oxytocin_Injection.pdf	pdf				
/images/PDG_April_2024_Videconference_press_release.pdf	pdf				
/images/PDG_October_2022_Videoconference_Press_Release.pdf	pdf				
/images/PDG_October_2022_Videoconference_Press_Release_sign_offs_28.02.2023.pdf	pdf				
/images/PDG_Work_Plan.pdf	pdf				
/images/PDG_elemental_impuritiess_sign-off.pdf	pdf				
/images/PDG_global_membership.pdf	pdf				
/images/PDG_welcomes_IPC_for_pilot.pdf	pdf				
/images/PIB1767300.pdf	pdf				
/images/PIB1838570.pdf	pdf				
/images/PRESS_NOTE_ON_RECOGNITION_OF_INDIAN_PHARMACOPOEIA_IN_AFGHANISTAN.pdf	pdf				
/images/PROFORMA_INVOICE_OF_IP_PUBLICATION.pdf	pdf				
/images/PROJ10391_Assamese-Comic_Book_-_English_Book_Vertical.pdf	pdf				
/images/PROJ10391_Bengali_Comic_Book_-_English_Book_Vertical.pdf	pdf				
/images/PROJ10391_Gujarati_Comic_Book_-_English_Book_Vertical.pdf	pdf				
/images/PROJ10391_Hindi_Comic_Book_-_English_Book_Vertical.pdf	pdf				
/images/PROJ10391_Malayalam-Comic_Book_-_English_Book_Vertical.pdf	pdf				
/images/PROJ10391_Marathi_Comic_Book_-_English_Book_Vertical.pdf	pdf				
/images/PROJ10391_Punjabi-Comic_Book_-_Book_Vertical.pdf	pdf				
/images/PROJ10391_Urdu-Comic_Book_-_English_Book_Vertical.pdf	pdf				
/images/PROJ13825_Kannada_-_Comic_Book_-_English_Book_Vertical.pdf	pdf				
/images/PROJ13825_Oriya_-_Comic_Book_-_English_Book_Vertical.pdf	pdf				
/images/PROJ13825_Tamil_-_Comic_Book_-_English_Book_Vertical.pdf	pdf				
/images/PROJ13825_Telugu_-_Comic_Book_-_English_Book_Vertical.pdf	pdf				
/images/PS_to_Director.pdf	pdf				
/images/PT_Schedule_2020.pdf	pdf				
/images/PVPI_Annual_Report_19-20_PDF.pdf	pdf				
/images/PVPI_Annual_Report_20-21.pdf	pdf				
/images/PV_Guidance_Docs_for_MAH_Version_2_as_on_18.01.2024.pdf	pdf				
/images/Palbociclib_Ver._1_25.11.2024.pdf	pdf				
/images/Pantoprazole_Sodium.pdf	pdf				
/images/Pantoprazole_for_Injection_version_1.0.pdf	pdf				
/images/Paracetamol.pdf	pdf				
/images/Paracetamol_and_Mefenamic_Acid_Suspension_Ver._3_08.10.2024.pdf	pdf				
/images/Paracetamol_and_Mefenamic_Acid_Tablets.pdf	pdf				
/images/Paracetamol_and_Mefenamic_Acid_Tablets_Ver._3_08.10.2024.pdf	pdf				
/images/Paracetamol_and_Tramadol_Tablets_1.pdf	pdf				
/images/Paroxetine_Hydrochloride_Hemihydrate.pdf	pdf				
/images/Pegfilgrsatim_Injection_draft_monograph_dated_18.05.2023_1.pdf	pdf				
/images/Perampanel.pdf	pdf				
/images/Perampanel_Tablets.pdf	pdf				
/images/Performa_Terms_Conditions_with_List.pdf	pdf				
/images/Peste_Des_Petits_Ruminants_Vaccine.pdf	pdf				
/images/Pharmacopoeia_Consultant.pdf	pdf				
/images/Pheniramine_Maleate_IPRSP073.pdf	pdf				
/images/Pheniramine_maleate.pdf	pdf				
/images/Phenoxyethanol_IPRSP009_001.pdf	pdf				
/images/Phenoxymethylpenicillin_Potassium_IPRS_252_12.pdf	pdf				
/images/Phenylalanine.pdf	pdf				
/images/Phenylephrine_Hcl.pdf	pdf				
/images/Phenytoin.pdf	pdf				
/images/Phenytoin_Oral_Suspension.pdf	pdf				
/images/Phenytoin_sodium.pdf	pdf				
/images/Phyto/10.-Amendment-List-09-to-IP-2022.pdf	pdf				
/images/Phyto/9.-AMENDMENT-LIST-08-TO-IP-2022-Biologics.pdf	pdf				
/images/Phyto/Approved-MoM-58-SB-Meeting.pdf	pdf				
/images/Phyto/Phytopharmaceutical-Drugs-General-Guidance-for-Development.pdf	pdf				
/images/Phyto_Advertisement-IPC.pdf	pdf				
/images/Phytomenadione_Tablets.pdf	pdf				
/images/Phytomenadione_Tablets_Ver._2_01.08.2024.pdf	pdf				
/images/Pilocarpine_Hydrochloride.pdf	pdf				
/images/Pilocarpine_Hydrochloride_Eye_Drops.pdf	pdf				
/images/Pilocarpine_Hydrochloride_Eye_Drops_Ver._3_28.01.2025.pdf	pdf				
/images/Pilocarpine_Hydrochloride_Ver._3_28.01.2025.pdf	pdf				
/images/Pioglitazone_Hcl.pdf	pdf				
/images/Piperacillin.pdf	pdf				
/images/Piracetam.pdf	pdf				
/images/Piracetam_IPRSP041.pdf	pdf				
/images/Pirfenidone.pdf	pdf				
/images/Piroxicam.pdf	pdf				
/images/Piroxicam_IPRSP038.pdf	pdf				
/images/Plasma_components.pdf	pdf				
/images/Platelets_13.11.24.pdf	pdf				
/images/Pomalidomide.pdf	pdf				
/images/Pomalidomide_Capsules.pdf	pdf				
/images/Pomalidomide_Capsules_Ver._2_08.11.2024.pdf	pdf				
/images/Pomalidomide_Ver._2_08.11.2024.pdf	pdf				
/images/Poster_-_Pregnancy_test_kits_adverse_event.pdf	pdf				
/images/Poster_-_Risk_of_Reuse_of_Medical_Device_1.pdf	pdf				
/images/Postpone_of_Promoting_medical_devices_safety__surveillance_in_India_on_March_20_2020.pdf	pdf				
/images/Povidone_-Iodine.pdf	pdf				
/images/Prasugrel_HCl_IPRSP037.pdf	pdf				
/images/Praziquantel_IPRSP021.pdf	pdf				
/images/Praziquental.pdf	pdf				
/images/Preamble_of_Training_Programmes.pdf	pdf				
/images/Prednisolone_Acetate__IPRSP048.pdf	pdf				
/images/Prednisolone_IPRSP047.pdf	pdf				
/images/Prednisolone_Oral_Solution_Ver._1_08.11.2024.pdf	pdf				
/images/Prednisolone_Sodium_Phosphate.pdf	pdf				
/images/Prednisolone_acetate.pdf	pdf				
/images/Prednisone_COA.pdf	pdf				
/images/Pregabalin.pdf	pdf				
/images/Pregabalin_IPRSP008_001.pdf	pdf				
/images/Press_Release_19052025.pdf	pdf				
/images/Press_Release_Word_files_latest_updated_1.pdf	pdf				
/images/Press_Release_Word_files_latest_updated_3.pdf	pdf				
/images/Press_release_IPC-USP_MOU.pdf	pdf				
/images/Preventive_measures_to_be_taken_by_Ministry_of_Health_and_Family_Welfare_Government_of_India_for_containment_of_COVID-19_dated_03-06-2020.pdf	pdf				
/images/Prilocaine_IPRS_44_16.pdf	pdf				
/images/Primaquine_Phosphate.pdf	pdf				
/images/Prize_winners_of_3rd_NPW_2023.pdf	pdf				
/images/Probenecid_IPRSP028.pdf	pdf				
/images/Proficiency_Testing_Division_of_IP_Commission.pdf	pdf				
/images/Progesterone.pdf	pdf				
/images/Progress_of_IP_Commission_to_acquire_Accreditaiton__Certification.pdf	pdf				
/images/Promethazine_Hcl.pdf	pdf				
/images/Promethazine_Theoclate_IPRS_55_19.pdf	pdf				
/images/Proof_Reader_Vacancy_IPC.pdf	pdf				
/images/Proparacaine_Eye_Drops_Ver._1_08.11.2024.pdf	pdf				
/images/Proparacaine_Hydrochloride_Ver._1_08.11.2024.pdf	pdf				
/images/Proposed_Amendment_For_Metformin_PR_Tablets.pdf	pdf				
/images/Proposed_Amendments_in_monographs_Human_Vaccines_dated_22.07.2024.pdf	pdf				
/images/Propyl_Gallate.pdf	pdf				
/images/Propyl_Paraben_1.pdf	pdf				
/images/Propyl_paraben.pdf	pdf				
/images/Propylene_Glycol_IPRSP003.pdf	pdf				
/images/Prothionamide_IPRSP031.pdf	pdf				
/images/Prussian_Blue_Insoluble_Ver._1_08.10.2024.pdf	pdf				
/images/Prussian_Blue_Insoluble_and_Magnesium_Hydroxide_Capsules_Ver._1_08.10.2024.pdf	pdf				
/images/Prussian_Blue_Insoluble_monographs_with_notice_.pdf	pdf				
/images/Pseudophedrine_HCL_IPRS_66_18.pdf	pdf				
/images/Public_Notice_dated_13.07.2025.pdf	pdf				
/images/PvPI-FAQ.pdf	pdf				
/images/PvPI_MvPI_Employee_List_1.pdf	pdf				
/images/PvPI_Newsletter_-_Vol._12_Issue_1_2022-.pdf	pdf				
/images/PvPI_Newsletter_-_Vol._13_Issue_1_16.6.2023_compressed.pdf	pdf				
/images/PvPI_Newsletter_-_Vol._13_Issue_2_2023_Com.pdf	pdf				
/images/PvPI_Newsletter_-_Vol._14_Issue_1_2024_1.pdf	pdf				
/images/PvPI_Newsletter_-_Vol._14_Issue_3_-_31.12.2024.pdf	pdf				
/images/PvPI_Newsletter_37_1.pdf	pdf				
/images/PvPI_Newsletter_Issue-4.pdf	pdf				
/images/PvPI_Newsletter_Issue_2.pdf	pdf				
/images/PvPI_Newsletter_Issue_2_2022.pdf	pdf				
/images/PvPI_Newsletter_Vol.14_Issue_4_-12.3.2025.pdf	pdf				
/images/PvPI_Newsletter_Vol.14_Issue_4_2024.pdf	pdf				
/images/PvPI_Newsletter_Vol._12_Issue_3_2022_compressed.pdf	pdf				
/images/PvPI_Newsletter_Vol._14_Issue_1.pdf	pdf				
/images/PvPI_Newsletter_Vol._14_Issue_2.0.pdf	pdf				
/images/PvPI_Newsletter_Vol._15_Issue_1_.pdf	pdf				
/images/PvPI_Newsletter_Vol._15_Issue_2_2025.pdf	pdf				
/images/PvPI_Newsletter_Vol_13_Issue_3_2023.pdf	pdf				
/images/PvPI_Newsletter_Vol_13_Issue_4_Oct._to_Dec.2023.pdf	pdf				
/images/PvPI_Profile_-_19.9.2025.pdf	pdf				
/images/PvPI_Training_Calendar-2025-26.pdf	pdf				
/images/PvPI_Training_Calendar_-_2023.pdf	pdf				
/images/PvPI_Training_Calendar_-_22.3.2024.pdf	pdf				
/images/PvPI__MvPI_employee_data.pdf	pdf				
/images/Pyrazinamide_IPRSP035.pdf	pdf				
/images/Pyrazinamide_Oral_Suspension_Ver._1_08.11.2024.pdf	pdf				
/images/Pyridoxine_Hcl.pdf	pdf				
/images/Pyrimethamine_1.pdf	pdf				
/images/QA/ANNEXURE-V-Registration-form.pdf	pdf				
/images/QA/Expression-of-Interest-submission-form-for-Performance-Evaluation-of-Laboratories.pdf	pdf				
/images/QUARTERLY_REPORT_FOR_CIC_FOR_THE_QUARTER_ENDING_30-06-2018.pdf	pdf				
/images/QUARTERLY_REPORT_FOR_CIC_FOR_THE_QUARTER_ENDING_30-09-2017.pdf	pdf				
/images/QUARTERLY_REPORT_FOR_CIC_FOR_THE_QUARTER_ENDING_31-03-2018.pdf	pdf				
/images/QUARTERLY_REPORT_FOR_CIC_FOR_THE_QUARTER_ENDING_31-12-2017.pdf	pdf				
/images/QUARTERLY_REPORT_FOR_CIC_FOR_THE_QUARTER_ENDING_31-12-2019.pdf	pdf				
/images/Quality_Manual_of_the_IP_Commission.pdf	pdf				
/images/Quality_Objective.pdf	pdf				
/images/Quality_Policy.pdf	pdf				
/images/Quarterly_Report_ending_31.03.24.pdf	pdf				
/images/Quarterly_Report_for_CIC_ending_31.12.2022.PDF	pdf				
/images/Quarterly_Report_for_CIC_ending_31.12.22.PDF	pdf				
/images/Quarterly_Report_for_CIC_for_the_Quarter_Ending_30-09-2020.pdf	pdf				
/images/Quarterly_Report_to_be_prepared_by_CIC_under_Section_25_of_the_Act_for_quarter_ended_30-06-2020_.pdf	pdf				
/images/Quarterly_Report_to_be_prepared_by_CIC_under_Section_25_of_the_Act_for_quarter_ended_31-03-2020pdf.pdf	pdf				
/images/Quarterly_Report_to_be_prepared_by_CIC_under_Section_25_of_the_Act_for_quarter_ended_31-12-2018.pdf	pdf				
/images/Quarterly_Report_upto_30.09.2022.PDF	pdf				
/images/Quarterly_report_for_CIC_for_the_quarter_ending_30-06-2025.pdf	pdf				
/images/Quarterly_report_for_CIC_for_the_quarter_ending_31-03-2021.pdf	pdf				
/images/Quarterly_report_for_CIC_for_the_quarter_ending_31-12-2020.pdf	pdf				
/images/Quaterly_Report_30-09-2018.pdf	pdf				
/images/Quercetin.pdf	pdf				
/images/Quercetin_IPRSQ002.pdf	pdf				
/images/Quetiapine_fumarate.pdf	pdf				
/images/Quinine_Dihydrochloride.pdf	pdf				
/images/Quinine_Sulphate_1.pdf	pdf				
/images/R-ofloxacin_IMPO016.pdf	pdf				
/images/RED_CELL_MONOGRAPH.pdf	pdf				
/images/REGISTRATION_FORM.pdf	pdf				
/images/REIMBURSEMENT_CLAIM_FORM.pdf	pdf				
/images/RFP_to_Appoint_Auditor_FY2024-25_1.pdf	pdf				
/images/RSD/IP_Prednisone_Protocol-2.pdf	pdf				
/images/RTC_list_New.pdf	pdf				
/images/RTI.pdf	pdf				
/images/RTI/RTI.pdf	pdf				
/images/RTI_01st_QUARTER_REPORTT.pdf	pdf				
/images/RTI_4th_Quarter_Report_31-03-2019.pdf	pdf				
/images/RTI_Annual_report_for_the_year_2023-24.pdf	pdf				
/images/RTI_Annual_report_for_the_year_2024-25.pdf	pdf				
/images/RTI_Quarteriy_report_30-09-2019.pdf	pdf				
/images/RTI_Quarterly_Report_ending_December_2023.PDF	pdf				
/images/RTI_quarterly_report.pdf	pdf				
/images/RTI_quarterly_report_.pdf	pdf				
/images/RTI_quarterly_report_30-09-2024.pdf	pdf				
/images/RTI_second_quarter.PDF	pdf				
/images/R_Limonene.pdf	pdf				
/images/Rabeprazole_Sodium.pdf	pdf				
/images/Rabeprazole_sulphide.pdf	pdf				
/images/Rabeprazole_sulphone_IMPR026.pdf	pdf				
/images/Rabeprazoleand_Itopride_Caps_25.10.2019_upload_on_website.pdf	pdf				
/images/Rabies_Veterinary_Vaccine.pdf	pdf				
/images/Racecadotril.pdf	pdf				
/images/Raloxifene_HCl.pdf	pdf				
/images/Ramipril.pdf	pdf				
/images/Ranikhet_Disease_Vaccine_Lentogenic_Strain_24.07.2024.pdf	pdf				
/images/Ranikhet_Disease_Vaccine_inactivated.pdf	pdf				
/images/Ranikhet_Disease_Vaccine_lentogenic.pdf	pdf				
/images/Ranikhet_Disease_Vaccine_live__mesogenic.pdf	pdf				
/images/Ranitidine_Hcl.pdf	pdf				
/images/Ranitidine_Imp-J_IMPR011.pdf	pdf				
/images/Rashtriya_Ekta_Diwas-2020.pdf	pdf				
/images/Rebamipide.pdf	pdf				
/images/Recruitment_Rules.pdf	pdf				
/images/Red_Cell_Cryopreserved.pdf	pdf				
/images/Red_Cells_Apheresis.pdf	pdf				
/images/Red_Cells_washed.pdf	pdf				
/images/Refund__Cancellation_Return_Shipping_Policy.pdf	pdf				
/images/Registration.pdf	pdf				
/images/Registration_Form.pdf	pdf				
/images/Registration_Form_PT-01.pdf	pdf				
/images/Registration_Form_PT-042023.pdf	pdf				
/images/Registration_Form_for_PT-022023.pdf	pdf				
/images/Registration_form.pdf	pdf				
/images/Registration_form_PT_01_2025.pdf	pdf				
/images/Remdesivir.pdf	pdf				
/images/Remdesivir_IMP-D_IMPR017_001.pdf	pdf				
/images/Remdesivir_for_Injection_Revised.pdf	pdf				
/images/Remogliflozin_Etabonate_1.pdf	pdf				
/images/Remogliflozin_Tablets.pdf	pdf				
/images/Reo_Virus_Vaccine_inactivated.pdf	pdf				
/images/Reo_Virus_Vaccine_livepdf.pdf	pdf				
/images/Repaglinide.pdf	pdf				
/images/Repaglinide_IMP-A_IMPR006.pdf	pdf				
/images/Repaglinide_and_Voglibos_Tablet.pdf	pdf				
/images/Requisition_Form_Books_PeriodicalsSerials_etcpdf.pdf	pdf				
/images/Requisition_form_for_opening_of_office_on_Saturday_or_Sunday_or_Holiday.pdf	pdf				
/images/Requisition_form_for_opening_of_the_office_on_Saturday_or_Sunday_or_Holiday_returnable_nonreturnable_gate_pass.pdf	pdf				
/images/Reserpine.pdf	pdf				
/images/Result_Notice_2.pdf	pdf				
/images/Result_for_the_post_of_Scientific_Assistant_01.07.2020.pdf	pdf				
/images/Revised_Bacterial_Endotoxin_2.2.3.pdf	pdf				
/images/Revised_Effectiveness_of_Antimicrobial_Preservatives_2.2.2.pdf	pdf				
/images/Revised_Microbial_Contamination_in_Non_sterile_Products_2.2.9.pdf	pdf				
/images/Revised_draft_Amendments_to_IP-2018_Microbiology_for_stakeholders_comments.pdf	pdf				
/images/Ribavirin.pdf	pdf				
/images/Ribavirin_Capsules.pdf	pdf				
/images/Riboflavin.pdf	pdf				
/images/Rifampicin_Quinone_IMPR019_001.pdf	pdf				
/images/Rifaximin_Tablets_ver_1.0_28.11.2022.pdf	pdf				
/images/Rifaximin_ver1.0_28.11.2022.pdf	pdf				
/images/Rights_and_Duties_of_Prospective__Certified_Client.pdf	pdf				
/images/Rilpivirine.pdf	pdf				
/images/Risedronate_Sodium.pdf	pdf				
/images/Risperidone-cis-N-oxide_IMPF023_001.pdf	pdf				
/images/Risperidone_Related_Compound_IMPF024_001.pdf	pdf				
/images/Risperidone_trans-N-oxide_IMPR027.pdf	pdf				
/images/Ritodrine_HCl.pdf	pdf				
/images/Ritonavir.pdf	pdf				
/images/Roflumilast.pdf	pdf				
/images/Roles_and_Resp_of_Technical_Staff_at_MDMC-NCC_-_Copy_-_Copy.pdf	pdf				
/images/Rosuvastatin_Calcium.pdf	pdf				
/images/Roxithromycin.pdf	pdf				
/images/Rufinamide.pdf	pdf				
/images/Rupatadine_Fumarate.pdf	pdf				
/images/Rutin_Hydrate.pdf	pdf				
/images/S-Amlodipine_Besylate.pdf	pdf				
/images/S-Amlodipine_Besylate_IPRSA032.pdf	pdf				
/images/SDP_2020_Brochure.pdf	pdf				
/images/SDP_2020_Calendar.pdf	pdf				
/images/SDP_Advertisement_-_5.6.2023.pdf	pdf				
/images/SDP_CALENDAR_2025.pdf	pdf				
/images/SDP_Calendar_2.pdf	pdf				
/images/SDP_Calendar_2020.pdf	pdf				
/images/SDP_Calendar_2022.pdf	pdf				
/images/SDP_Calendar_2023.pdf	pdf				
/images/SDP_Calendar_2023_05.01.2023.pdf	pdf				
/images/SDP_Calendar_2024-25.pdf	pdf				
/images/SDP_Training_-_2021.pdf	pdf				
/images/SOPs_on_preventive_measures_to_contain_spread_of_COVID-19_in_offices_dated_04-06-2020.pdf	pdf				
/images/SO_post_cancellation_07-13_March_2015.pdf	pdf				
/images/SPSO.pdf	pdf				
/images/SRF.pdf	pdf				
/images/SSO.pdf	pdf				
/images/STORE_OFFICER.pdf	pdf				
/images/SUPPLY_ORDER_FORM.pdf	pdf				
/images/SUPPLY_ORDER_FORM_2024.pdf	pdf				
/images/SUPPLY_ORDER_FORM_IPRS__IMPURITIES.pdf	pdf				
/images/SUPPLY_ORDER_FORM_IPRS__IMPURITIES_1.pdf	pdf				
/images/Saccharine_Sodium.pdf	pdf				
/images/Salbutamol.pdf	pdf				
/images/Salbutamol_IMP-A_IMPS014-1.pdf	pdf				
/images/Salbutamol_IMP_2-ter-butylamino-1-4-hydroxy-3-methylphenylethanol_IMPS011-1.pdf	pdf				
/images/Salbutamol_Sulphate.pdf	pdf				
/images/Salicylic_Acid.pdf	pdf				
/images/Salicylic_Acid_IMP-C_IMPP033-1.pdf	pdf				
/images/Salient_Features-IP_Addendum_2021.pdf	pdf				
/images/Salient_Features_of_Addendum_2019_to_IP_2018.pdf	pdf				
/images/Salient_Features_of_IP_2022pdf.pdf	pdf				
/images/Salient_Features_of_IP_Addendum_2024.pdf	pdf				
/images/Saline_Nasal_Solution_version_1.0.pdf	pdf				
/images/Salmeterol_Xinafoate.pdf	pdf				
/images/Salmonella_Abortus_Equi_Vaccine.pdf	pdf				
/images/Salmonella_Vaccine_Inactivated.pdf	pdf				
/images/Saquinavir_IMP-A_IMPS017_001-1.pdf	pdf				
/images/ScSD_advt_bilingual.pdf	pdf				
/images/Scan_20190709_170408.pdf	pdf				
/images/Scan_20241011_3_1.pdf	pdf				
/images/Scientific_Non_Scientfic_Employee_list._1.pdf	pdf				
/images/Secnidazole.pdf	pdf				
/images/Selamectin_version_2.0.pdf	pdf				
/images/Selenomethionine.pdf	pdf				
/images/Selenous_Acid.pdf	pdf				
/images/Seratrodast.pdf	pdf				
/images/Sertaconazole_Nitrate.pdf	pdf				
/images/Sertraline_HCl.pdf	pdf				
/images/Sertraline_Imp-E_IMPM064.pdf	pdf				
/images/Sheep_Pox_Vaccine.pdf	pdf				
/images/Shortlisted_Candidates_Date_Tme_Venue.pdf	pdf				
/images/Signed_letter_.pdf	pdf				
/images/Sikkim_Conference_Flyer_1.pdf	pdf				
/images/Sildenafil_Citrate_1.pdf	pdf				
/images/Sildenafil_Injection.pdf	pdf				
/images/Sildenafil_Injection_Ver._2_01.08.2024.pdf	pdf				
/images/Silver_Sulphadiazine_IPRSS024.pdf	pdf				
/images/Simvastatin.pdf	pdf				
/images/Single_Donor_Platelets.pdf	pdf				
/images/Single_Donor_Platelets_SDP_in_Additive_Solution_SDP-PAS_1.pdf	pdf				
/images/Sitagliptin_IMP-A_IMPA039_001-1.pdf	pdf				
/images/Sitagliptin_Phosphate_.pdf	pdf				
/images/Skill_Development_Programme_Brochure.pdf	pdf				
/images/Sodium_Aminosalicylate.pdf	pdf				
/images/Sodium_Ascorbate.pdf	pdf				
/images/Sodium_Bicarbonate_Tablets_version_1.0.pdf	pdf				
/images/Sodium_Phosphate.pdf	pdf				
/images/Sodium_Polystyrene_Sulphonate.pdf	pdf				
/images/Sodium_Polystyrene_Sulphonate_Ver._1_01.08.2024.pdf	pdf				
/images/Sodium_Starch_Glycollate.pdf	pdf				
/images/Sodium_Starch_Glycollate_IPRSS042_001.pdf	pdf				
/images/Sodium_Stearyl_Fumarate.pdf	pdf				
/images/Sodium_Valproate.pdf	pdf				
/images/Sofosbuvir_IPRSS012.pdf	pdf				
/images/Sofosbuvir_and_Velpatasvir_Tablets_ver_1.0_28.11.2022.pdf	pdf				
/images/Solifenacin_Succinate.pdf	pdf				
/images/Sorafenib_Tosylate.pdf	pdf				
/images/Sorbic_Acid.pdf	pdf				
/images/Sorbitol.pdf	pdf				
/images/Spiramycin.pdf	pdf				
/images/Spironolactone.pdf	pdf				
/images/Stakeholder_Feedback_Form.pdf	pdf				
/images/Standing_National_Committee_on_Medicine_SNCM.pdf	pdf				
/images/Stavudine.pdf	pdf				
/images/Stearic_Acid.pdf	pdf				
/images/Streptomycin_Sulphate.pdf	pdf				
/images/Substitution_of_invivo_methods_by_invitro_methods_dated_29-03-23.pdf	pdf				
/images/Subvisible_particulate_matter.pdf	pdf				
/images/Sucralose.pdf	pdf				
/images/Sucralose_IPRSS027.pdf	pdf				
/images/Sulbactam_Related_Substance_F.pdf	pdf				
/images/Sulbactam_Sodium.pdf	pdf				
/images/Sulfasalazine.pdf	pdf				
/images/Sulphacetamide_Eye_Drops.pdf	pdf				
/images/Sulphacetamide_Sodium.pdf	pdf				
/images/Sulphadiazine.pdf	pdf				
/images/Sulphadoxine.pdf	pdf				
/images/Sulphamethoxazole.pdf	pdf				
/images/Sulphamethoxazole_IMP-A_IMPS031.pdf	pdf				
/images/Sulphamethoxazole_IMP-F_IMPS040.pdf	pdf				
/images/Sulphanilamide_IMPS033_001.pdf	pdf				
/images/Sulphanilic_Acid_IMPS032_001.pdf	pdf				
/images/Sulphated_Ash_V2_30.12.2024_1.pdf	pdf				
/images/Sumatriptan_Succinate.pdf	pdf				
/images/Sunitinib_Capsules.pdf	pdf				
/images/Sunitinib_Capsules_Ver._2_08.10.2024.pdf	pdf				
/images/Sunitinib_Malate_Ver._2_08.10.2024.pdf	pdf				
/images/Suspected_ADR_Reporting_Form-converted_2020.pdf	pdf				
/images/TA_claim_form_for_contarctual_staffs.pdf	pdf				
/images/THERAPEUTIC_MONOCLONAL_ANTIBODIES_FOR_HUMAN_USE_06.01.21.pdf	pdf				
/images/TOP_PERFORMING_MARKETING_AUTHORIZATION_HOLDERS_MAHs_2.pdf	pdf				
/images/Tacrolimus.pdf	pdf				
/images/Tadalafil.pdf	pdf				
/images/Tadalafil_IPRST029.pdf	pdf				
/images/Tamoxifen_Citrate.pdf	pdf				
/images/Tamsulosin_HCl.pdf	pdf				
/images/Tamsulosin_HCl_IPRST051.pdf	pdf				
/images/Tapentadol_HCl.pdf	pdf				
/images/Tazobactam.pdf	pdf				
/images/Telephone_or_Broad_Band_reimbursement_claim_form.pdf	pdf				
/images/Telmisartan.pdf	pdf				
/images/Temozolomide.pdf	pdf				
/images/Temozolomide_Capsules.pdf	pdf				
/images/Temozolomide_IPRST077.pdf	pdf				
/images/Template_for_powdered_drugs_In_IP.pdf	pdf				
/images/Tender.pdf	pdf				
/images/Tender_Document_102_Impurity_Upload.pdf	pdf				
/images/Tender_Document_for_Karl_Fischer_Titrator.pdf	pdf				
/images/Tender_Document_for_Supply_of_Impurities_at_IPC_Ghaziabad_Upload.pdf	pdf				
/images/Tender_Documents_Tender_Notice_for_Disposal_of_Old__Obsolete_Items.pdf	pdf				
/images/Teneligliptin_Hydrobromide.pdf	pdf				
/images/Tenofovir_Alafenamide_Fumarate_IPRST023.pdf	pdf				
/images/Tenofovir_Disproxil_Fumarate.pdf	pdf				
/images/Terazosin_HCl.pdf	pdf				
/images/Terazosin_Hydrochloride_IPRST076_001.pdf	pdf				
/images/Terbinafine_HCl.pdf	pdf				
/images/Terbinafine_HCl_IPRST046.pdf	pdf				
/images/Terbutaline_Sulphate.pdf	pdf				
/images/Terbutaline_Sulphate_IPRST035.pdf	pdf				
/images/Terms__Conditions_for_Client.pdf	pdf				
/images/Testosterone_Propionate.pdf	pdf				
/images/Testosterone_Propionate_IPRST049.pdf	pdf				
/images/Tetanus_Veterinary_Vaccine.pdf	pdf				
/images/Tetracycline_HCL_IPRST037_001.pdf	pdf				
/images/Tetracycline_HCl.pdf	pdf				
/images/Thalidomide.pdf	pdf				
/images/Thalidomide_capsules.pdf	pdf				
/images/Thalidomide_capsules_version_1.0_05.01.2023.pdf	pdf				
/images/Thalidomide_version_1.0_05.01.2023.pdf	pdf				
/images/Theileriosis_Vaccine.pdf	pdf				
/images/Theophylline.pdf	pdf				
/images/Theophylline_IPRST044.pdf	pdf				
/images/Theses-Dissertations-Project_Reports_-Final.pdf	pdf				
/images/Thesis-Dissertations-Projects_Report.pdf	pdf				
/images/Thiamine_HCl.pdf	pdf				
/images/Thiamine_Mononitrate.pdf	pdf				
/images/Thiamine_Mononitrate_IPRST043.pdf	pdf				
/images/Thiocolchicoside_2.pdf	pdf				
/images/Threonine.pdf	pdf				
/images/Thymol.pdf	pdf				
/images/Thyroxine_Sodium.pdf	pdf				
/images/Tibolone.pdf	pdf				
/images/Ticagrelor.pdf	pdf				
/images/Tigecycline_IPRST026.pdf	pdf				
/images/Tilmicosin.pdf	pdf				
/images/Tilmicosin_Injection_version_2.0.pdf	pdf				
/images/Tilmicosin_Phosphate_version_1.0_05.01.2023.pdf	pdf				
/images/Timolol_maleate.pdf	pdf				
/images/Tinidazole.pdf	pdf				
/images/Tizanidine_HCl.pdf	pdf				
/images/Tizanidine_HCl_IPRST042.pdf	pdf				
/images/Tocopheryl_Acetate.pdf	pdf				
/images/Tocopheryl_Acetate_IPRST036.pdf	pdf				
/images/Tofacitinib-Citrate.pdf	pdf				
/images/Tofacitinib_Citrate.pdf	pdf				
/images/Tofacitinib_Citrate_Tablets.pdf	pdf				
/images/Tolnaftate.pdf	pdf				
/images/Tolterodine_Tartarate_IPRST041.pdf	pdf				
/images/Tolterodine_Tartrate.pdf	pdf				
/images/Tolvaptan_IPRST001.pdf	pdf				
/images/Top_10_AMCs_Felicitation_with_PvA_-_18.10.2023.pdf	pdf				
/images/Top_10_AMCs_Felicitation_without_PvA_1_1.pdf	pdf				
/images/Topiramate.pdf	pdf				
/images/Torsemide.pdf	pdf				
/images/Torsemide_IPRST047.pdf	pdf				
/images/Training_Form_08.10.2020.pdf	pdf				
/images/Training_Project_Work_at_IPC_Ghaziabad_30.07.2020.pdf	pdf				
/images/Tramadol_HCl.pdf	pdf				
/images/Tramadol_Injection.pdf	pdf				
/images/Tramadol_Injection_Ver._2_01.08.2024.pdf	pdf				
/images/Tramadol_Tablets.pdf	pdf				
/images/Tranexamic_Acid.pdf	pdf				
/images/Transport_Requisition_Form.pdf	pdf				
/images/Triamcinolone.pdf	pdf				
/images/Triamcinolone_Acetonide.pdf	pdf				
/images/Triameterene_IPRST038.pdf	pdf				
/images/Triamterene.pdf	pdf				
/images/Tricholine_Citrate.pdf	pdf				
/images/Triclabendazole.pdf	pdf				
/images/Trifluoroperazine_HCl.pdf	pdf				
/images/Triflupromazine_HCl.pdf	pdf				
/images/Trimetazidine_HCl.pdf	pdf				
/images/Trimethoprim.pdf	pdf				
/images/Trimethoprim_IPRST045.pdf	pdf				
/images/Triprolidine_Hydrochloride.pdf	pdf				
/images/Tropicamide.pdf	pdf				
/images/Trospium_Chloride.pdf	pdf				
/images/Tryptophan.pdf	pdf				
/images/Two_days_National_Training_Program_on_Materiovigilance_IPC.pdf	pdf				
/images/URSODEOXYCHOLIC_ACID.pdf	pdf				
/images/Updated_Information_Brochure.pdf	pdf				
/images/Updated_List_of_SRP_Reccomendations_to_CDSCO.pdf	pdf				
/images/Updated_List_of_SRP_Reccomendations_to_CDSCO_as_on_30th_October_2024.pdf	pdf				
/images/Updated_PPE_Form.pdf	pdf				
/images/Updated_list_of_Regular_employees_of_IPC.pdf	pdf				
/images/Urea.pdf	pdf				
/images/Use_of_certification_mark.pdf	pdf				
/images/Usual_Strength.pdf	pdf				
/images/VACANCY_CIRCULAR-_17-05-2023_CURRENT_website_final_2023_2.pdf	pdf				
/images/VAW-2024-04.pdf	pdf				
/images/VETERINARY_monograph_available_in_IP.pdf	pdf				
/images/Vacancy/Advertisment-for-Assistant-Grade--1-new-.pdf	pdf				
/images/Vacancy/Advertisment-for-Jr-Medical-Device-Assoicate.pdf	pdf				
/images/Vacancy/Advertisment-for-consultant--Sr-Pharmacopoeial-Associate.pdf	pdf				
/images/Vacancy/Advertisment-for-the-post-of-PA-and-Sr.-PA.pdf	pdf				
/images/Vacancy/Advertisment-for-the-post-of-PA-and-Sr.-PA1.pdf	pdf				
/images/Vacancy/Fireman-Advertisement.pdf	pdf				
/images/Vacancy/HR-Walk-in-interview-2026.pdf	pdf				
/images/Vacancy/Pharmacopoeal-Associate.pdf	pdf				
/images/Vacancy/Walk-in-interview_updated.pdf	pdf				
/images/Vacancy/final-Pharmacopoeial-Associate-RR-1.pdf	pdf				
/images/Vacancy/final-Pharmacopoeial-Associate-RR.pdf	pdf				
/images/Vacancy/lab-attendant-Advertisement-3.pdf	pdf				
/images/Vacancy/lab-attendant.pdf	pdf				
/images/Vacancy/recp-vaccency.pdf	pdf				
/images/Vacancy/result-for-the-post-of-SA.pdf	pdf				
/images/Vacancy/result-for-the-post-of-SSO-EWS.pdf	pdf				
/images/Vacancy/website-advertisement-for-the-post-of-SA-2026.pdf	pdf				
/images/Vaccines_Amendments.pdf	pdf				
/images/Valine.pdf	pdf				
/images/Valpatasvir_IPRSV023_001.pdf	pdf				
/images/Valproic_Acid.pdf	pdf				
/images/Valproic_Acid_IMP-K_IMPV019.pdf	pdf				
/images/Valproic_Acid_IPRSV010_001.pdf	pdf				
/images/Valproic_acid_imp-C_IMP_16_19.pdf	pdf				
/images/Valsartan.pdf	pdf				
/images/Valsartan_IMP-A_IMPV014_001.pdf	pdf				
/images/Valsartan_IPRSV024_001.pdf	pdf				
/images/Valsartan_Impurity_B.pdf	pdf				
/images/Vancomycin_Hcl_1.pdf	pdf				
/images/Vanillin.pdf	pdf				
/images/Vanillin_IPRSV009.pdf	pdf				
/images/Velpatasvir_ver_1.0_28.11.2022.pdf	pdf				
/images/Ver_2.0_Vildagliptin_PR_Tablets_version_2.0.pdf	pdf				
/images/Verapamil_HCl.pdf	pdf				
/images/Version_1.0.pdf	pdf				
/images/Vildagliptin.pdf	pdf				
/images/Vildagliptin_IMP-B_IMPV017.pdf	pdf				
/images/Vildagliptin_Impurity_C.pdf	pdf				
/images/Vildagliptin_Impurity_D.pdf	pdf				
/images/Vildagliptin_PR_Tablets_version_1.0_05.01.2023.pdf	pdf				
/images/Vildagliptin_and_Metformin_PR_Tablets.pdf	pdf				
/images/Vildagliptin_and_Metformin_PR_Tablets_Ver._2_08.10.2024.pdf	pdf				
/images/Vinpocetine_IPRSV002.pdf	pdf				
/images/Virtual_Training_on_Pharmacovigilance_for_NABH_Accredited_Hospitals_in_India.pdf	pdf				
/images/Vol.%2058,%202023.pdf	pdf				
/images/Vol._10_1975.pdf	pdf				
/images/Vol._111976.pdf	pdf				
/images/Vol._12_1977.pdf	pdf				
/images/Vol._13_1978.pdf	pdf				
/images/Vol._14_1979.pdf	pdf				
/images/Vol._15_1980.pdf	pdf				
/images/Vol._16_1981.pdf	pdf				
/images/Vol._17_1982.pdf	pdf				
/images/Vol._18_1983.pdf	pdf				
/images/Vol._19_1984.pdf	pdf				
/images/Vol._1_1966.pdf	pdf				
/images/Vol._20_1985.pdf	pdf				
/images/Vol._21_1986.pdf	pdf				
/images/Vol._22_1987.pdf	pdf				
/images/Vol._23_1988.pdf	pdf				
/images/Vol._24_1989.pdf	pdf				
/images/Vol._25_1990.pdf	pdf				
/images/Vol._26_1991.pdf	pdf				
/images/Vol._27_1992.pdf	pdf				
/images/Vol._28_1993.pdf	pdf				
/images/Vol._29_1994.pdf	pdf				
/images/Vol._2_1967.pdf	pdf				
/images/Vol._30_1995.pdf	pdf				
/images/Vol._31_1996.pdf	pdf				
/images/Vol._32_1997.pdf	pdf				
/images/Vol._33_1998.pdf	pdf				
/images/Vol._34_1999.pdf	pdf				
/images/Vol._35_2000.pdf	pdf				
/images/Vol._36_2001.pdf	pdf				
/images/Vol._37_2002.pdf	pdf				
/images/Vol._38_2003.pdf	pdf				
/images/Vol._39_2004.pdf	pdf				
/images/Vol._3_1968.pdf	pdf				
/images/Vol._40_2005.pdf	pdf				
/images/Vol._41_2006.pdf	pdf				
/images/Vol._42_2007.pdf	pdf				
/images/Vol._43_2008.pdf	pdf				
/images/Vol._44_2009.pdf	pdf				
/images/Vol._45_2010.pdf	pdf				
/images/Vol._46_2011.pdf	pdf				
/images/Vol._47_2012.pdf	pdf				
/images/Vol._48_2013.pdf	pdf				
/images/Vol._49_2014.pdf	pdf				
/images/Vol._4_1969.pdf	pdf				
/images/Vol._50_2015.pdf	pdf				
/images/Vol._51_2016.pdf	pdf				
/images/Vol._52_2017.pdf	pdf				
/images/Vol._53_2018.pdf	pdf				
/images/Vol._54_2019.pdf	pdf				
/images/Vol._56_2021_1.pdf	pdf				
/images/Vol._57_2022.pdf	pdf				
/images/Vol._59_2024.pdf	pdf				
/images/Vol._5__1970.pdf	pdf				
/images/Vol._6_1971.pdf	pdf				
/images/Vol._7_1972.pdf	pdf				
/images/Vol._7_2017-18_compressed.pdf	pdf				
/images/Vol._8_1973.pdf	pdf				
/images/Vol._8_2018-19_compressed.pdf	pdf				
/images/Vol._9_1974.pdf	pdf				
/images/Voriconazole_IMP-E_IMPV013_001.pdf	pdf				
/images/Voriconazole_IPRSV008.pdf	pdf				
/images/Voriconazole_Impurity_D_IMPV020_001.pdf	pdf				
/images/Warfarin_Impurity_C.pdf	pdf				
/images/Warfarin_Sodium.pdf	pdf				
/images/Warfarin_Sodium_Clathrate.pdf	pdf				
/images/Webinar_-_Biomedical_Engineer.pdf	pdf				
/images/Webinar_07.01.2021.pdf	pdf				
/images/Whole_Blood.pdf	pdf				
/images/Workshop-cum-Training_Programme_on_Pharmacovigilance_for_NABH-Accredited_Hospitals_in_Delhi_NCR.pdf	pdf				
/images/Xylitol.pdf	pdf				
/images/Xylitol_Ver._1_01.08.2024.pdf	pdf				
/images/Xylometazoline_HCl.pdf	pdf				
/images/Xylometazoline_IMP-A_IMPX001.pdf	pdf				
/images/Zidovudine.pdf	pdf				
/images/Zidovudine_IMP-C_IMPT053.pdf	pdf				
/images/Zidovudine_IMP_B__IMPZ008.pdf	pdf				
/images/Zidovudine_IPRSZ011.pdf	pdf				
/images/Zinc_Gluconate_Tablets_Ver._1_08.10.2024.pdf	pdf				
/images/Zinc_Gluconate_Ver._1_08.10.2024.pdf	pdf				
/images/Zinc_Sulpahte_Monohydrate.pdf	pdf				
/images/Zinc_citrate.pdf	pdf				
/images/Zinc_oxide.pdf	pdf				
/images/Zoledronic_Acid.pdf	pdf				
/images/Zoledronic_Acid_Related_Compound_A_IMPZ015_001.pdf	pdf				
/images/Zolpidem_Tartrate.pdf	pdf				
/images/advertisement_2022.pdf	pdf				
/images/amendments__Vaccines_and_antisera_for_human_use_for_uploading_on_IPC_website_for_stakeholders_comments_15.04.2025.pdf	pdf				
/images/amendments_in_monographs_BBR_02.08.2024.pdf	pdf				
/images/chloroquine_16.01.2020.pdf	pdf				
/images/ciprofloxacin_ethylenediamine_analog.pdf	pdf				
/images/citizen_charter_new.pdf	pdf				
/images/citric_acid__IPRSC046.pdf	pdf				
/images/clindamycin_gel.pdf	pdf				
/images/copovidone_ver_1.0_28.11.2022.pdf	pdf				
/images/corrigendum_to_ammendment_list-004_to_IP_2018.pdf	pdf				
/images/covid_appropriate_behavior_guidelines.pdf	pdf				
/images/da-sep-18.pdf	pdf				
/images/draft_amendment_29.10.2020_.pdf	pdf				
/images/dsa1017.pdf	pdf				
/images/dsa1117.pdf	pdf				
/images/dsa_june_2019.pdf	pdf				
/images/dsa_may_2019.pdf	pdf				
/images/e-Newsletter_2019_vol-1_issue-3.pdf	pdf				
/images/e-Newsletter_2019_vol-1_issue-4.pdf	pdf				
/images/e-Newsletter_February2020_vol-2_issue1.pdf	pdf				
/images/e-PvPI_Annual_Performance_Report_2018-19.pdf	pdf				
/images/e-newsletter_Vol1_compressed.pdf	pdf				
/images/eLEMENTAL_iMPURITIES_18.03.2020.pdf	pdf				
/images/famotidine_IPRSF040_001.pdf	pdf				
/images/final.pdf	pdf				
/images/final_MPR-Dec_2018.pdf	pdf				
/images/final_MPR-JAN-19_-pdf.pdf	pdf				
/images/final_Vacancy_advertisement_2020_website_-_Direct.pdf	pdf				
/images/general_requirements_new.pdf	pdf				
/images/information_Reference_Manual_website.pdf	pdf				
/images/levocetrizine_HCl.pdf	pdf				
/images/library/Annual-Report-2024-25.pdf	pdf				
/images/library/Final-GeM-tender.pdf	pdf				
/images/library/GeM-Tender-Published.pdf	pdf				
/images/library/List-of-Publishers-ONOS.pdf	pdf				
/images/library/Permannent_Membership_form_1.pdf	pdf				
/images/library/SUPPLY-ORDER-FORM---2026.pdf	pdf				
/images/library/books/Bound_Volume_Journals_Subject.pdf	pdf				
/images/library/books/Bound_Volume_Journals_Title.pdf	pdf				
/images/library/books/Registration-Form_240410_185136.pdf	pdf				
/images/library/books/Vol.-1-1966--1967.pdf	pdf				
/images/library/books/Vol.-10--1975--1976.pdf	pdf				
/images/library/books/Vol.-11--1976--1977.pdf	pdf				
/images/library/books/Vol.-12--1977--1978.pdf	pdf				
/images/library/books/Vol.-13--1978--1979.pdf	pdf				
/images/library/books/Vol.-14--1979---1980.pdf	pdf				
/images/library/books/Vol.-15--1980--1981.pdf	pdf				
/images/library/books/Vol.-16--1981--1982.pdf	pdf				
/images/library/books/Vol.-17--1982---1983.pdf	pdf				
/images/library/books/Vol.-18--1983--1984.pdf	pdf				
/images/library/books/Vol.-19--1984--1985.pdf	pdf				
/images/library/books/Vol.-2-1967--1968.pdf	pdf				
/images/library/books/Vol.-20--1985--1986.pdf	pdf				
/images/library/books/Vol.-21--1986--1987.pdf	pdf				
/images/library/books/Vol.-22--1987--1988.pdf	pdf				
/images/library/books/Vol.-23--1988--1989.pdf	pdf				
/images/library/books/Vol.-24--1989--1990.pdf	pdf				
/images/library/books/Vol.-25--1990--1991.pdf	pdf				
/images/library/books/Vol.-26--1991--1992.pdf	pdf				
/images/library/books/Vol.-27--1992--1993.pdf	pdf				
/images/library/books/Vol.-28--1993--1994.pdf	pdf				
/images/library/books/Vol.-29--1994--1995.pdf	pdf				
/images/library/books/Vol.-3--1968--1969.pdf	pdf				
/images/library/books/Vol.-30--1995--1996.pdf	pdf				
/images/library/books/Vol.-31--1996---1997.pdf	pdf				
/images/library/books/Vol.-32--1997--1998.pdf	pdf				
/images/library/books/Vol.-34--1999--2000.pdf	pdf				
/images/library/books/Vol.-35--2000---2001.pdf	pdf				
/images/library/books/Vol.-36--2001--2002.pdf	pdf				
/images/library/books/Vol.-37--2002---2003.pdf	pdf				
/images/library/books/Vol.-38--2003---2004.pdf	pdf				
/images/library/books/Vol.-39--2004--2005.pdf	pdf				
/images/library/books/Vol.-4--1969--1970.pdf	pdf				
/images/library/books/Vol.-40--2005--2006.pdf	pdf				
/images/library/books/Vol.-41--2006---2007.pdf	pdf				
/images/library/books/Vol.-42--2007---2008.pdf	pdf				
/images/library/books/Vol.-43--2008---2009.pdf	pdf				
/images/library/books/Vol.-44--2009---2010.pdf	pdf				
/images/library/books/Vol.-45--2010---2011.pdf	pdf				
/images/library/books/Vol.-46-2011---2012.pdf	pdf				
/images/library/books/Vol.-47-2012--2013.pdf	pdf				
/images/library/books/Vol.-48-2013--2014.pdf	pdf				
/images/library/books/Vol.-49-2014--2015.pdf	pdf				
/images/library/books/Vol.-5--1970--1971.pdf	pdf				
/images/library/books/Vol.-50--2015----2016.pdf	pdf				
/images/library/books/Vol.-51--2016----2017.pdf	pdf				
/images/library/books/Vol.-6--1971--1972.pdf	pdf				
/images/library/books/Vol.-7--1972--1973.pdf	pdf				
/images/library/books/Vol.-8--1973--1974.pdf	pdf				
/images/library/books/Vol.-9--1974--1975.pdf	pdf				
/images/marketing_asso.pdf	pdf				
/images/meeting_highlights_PDGM.pdf	pdf				
/images/mesityl_oxide_Teicoplann_Impurity_A_IMPM023.pdf	pdf				
/images/mpr_aug_18.pdf	pdf				
/images/mvpi/ADRMS-Registration-Form--for-Marketing-Authorization-Holders-MAHs-under-MvPI-3.pdf	pdf				
/images/mvpi/ADRMS-USER-MANUAL-FOR-STAKEHOLDERS.pdf	pdf				
/images/mvpi/Capture-and-record-the-information-of-MDAE-while-reporting-in-ADRMS.pdf	pdf				
/images/mvpi/Conducting-research-and-project-based-training-of-students-research-scholars-in-Materiovigilance-at-MDMC-or-NCC-MvPI-IPC.pdf	pdf				
/images/mvpi/Conducting-sensitization-programme-or-CME-or-ALT.pdf	pdf				
/images/mvpi/E-Newsletter---Vol.-8-Issue-2-UPDATED.pdf	pdf				
/images/mvpi/Enrolment-of-New-Medical-Device-Adverse-Event-Monitoring-Centres-MDMCs-and-Regional-Training-Centres-RTCs.pdf	pdf				
/images/mvpi/Format-I-Healthcare-Institution-Readiness-Assessment-Checklist-for-Engagement-as-MDMC.pdf	pdf				
/images/mvpi/Functioning-of-RTC-MvPI.pdf	pdf				
/images/mvpi/Guidance_Document.pdf	pdf				
/images/mvpi/IVD-reporting-form-English-Editable-version.pdf	pdf				
/images/mvpi/List-of-725-MDMCs.pdf	pdf				
/images/mvpi/MvPI-Newsletter-Vol.-7-Issue-4-2025.pdf	pdf				
/images/mvpi/MvPI-Newsletter-Vol.-8-Issue-1.pdf	pdf				
/images/mvpi/Newsletter-Vol.-7-Issue-3---8.10.25.pdf	pdf				
/images/mvpi/Resource_Material/Resource-materials-on-Adverse-Drug-Reaction-Monitoring-System-ADRMS.pdf	pdf				
/images/mvpi/Resource_Material/Resource-materials-on-adverse-events-associated-with-Blood-Pressure-Monitor.pdf	pdf				
/images/mvpi/Resource_Material/Resource-materials-on-adverse-events-associated-with-Dental-Amalgam.pdf	pdf				
/images/mvpi/Resource_Material/Resource-materials-on-adverse-events-associated-with-Dental-Implants.pdf	pdf				
/images/mvpi/Resource_Material/Resource-materials-on-adverse-events-associated-with-ECG.pdf	pdf				
/images/mvpi/Resource_Material/Resource-materials-on-adverse-events-associated-with-Pulse-Oximeter.pdf	pdf				
/images/mvpi/Resource_Material/Resource-materials-on-adverse-events-associated-with-Self-care-devices.pdf	pdf				
/images/mvpi/Resource_Material/Resource-materials-on-adverse-events-associated-with-medical-devices.pdf	pdf				
/images/news/581-4636657156.pdf	pdf				
/images/news/582-1348207372.pdf	pdf				
/images/news/Allergen%20Products%20for%20comments%20of%20stakeholders-8701686765.pdf	pdf				
/images/news/Amendment%20List%20005-3569411047.pdf	pdf				
/images/news/Amendment%20List%204-0615476228.pdf	pdf				
/images/news/Amendment%20List003-9730213721.pdf	pdf				
/images/news/Amendment_List_002_to_IP-2018.pdf	pdf				
/images/news/Amendment_list_001_to_IP-2018.pdf	pdf				
/images/news/Annexure-1-4023294308.pdf	pdf				
/images/news/Annexure-2-0676979070.pdf	pdf				
/images/news/April%20News%20Letter-5357543339.pdf	pdf				
/images/news/Celebaration_of_72th_Indenpedence_Day_at_IPC_Ghaziabad.pdf	pdf				
/images/news/DOC-9429341498.pdf	pdf				
/images/news/ERRATA007-1362477258.pdf	pdf				
/images/news/Errata%20012-0097385523.pdf	pdf				
/images/news/Errata-1223029875.pdf	pdf				
/images/news/Errata009-4009630653.pdf	pdf				
/images/news/Errata013-3196630043.pdf	pdf				
/images/news/Errata11-2599255777.pdf	pdf				
/images/news/Errata_001_to_IP-2018.pdf	pdf				
/images/news/File783.pdf	pdf				
/images/news/File785.pdf	pdf				
/images/news/File786.pdf	pdf				
/images/news/Impurity%20Rate%20List-6013262732.pdf	pdf				
/images/news/List%20of%20Journals%20for%20Website-8679662425.pdf	pdf				
/images/news/List%20of%20News%20Paper-0553240596.pdf	pdf				
/images/news/Magazines-9089017331.pdf	pdf				
/images/news/Matter%20-%20Copy-3987606313.pdf	pdf				
/images/news/NFI-0414979118.pdf	pdf				
/images/news/New%20Arrivals%20%202016%20-%202017-8865863090.pdf	pdf				
/images/news/PQWE-7518330078.pdf	pdf				
/images/news/Primary%20Packages%20for%20Pharmaceuticals-9364074707.pdf	pdf				
/images/news/SO-OBC%20Final-9213588595.pdf	pdf				
/images/news/SO-SC%20Final-6557015167.pdf	pdf				
/images/news/SOUR%20Final-2502391496.pdf	pdf				
/images/news/Veterinary%20Vaccines%20General%20Monograph-9991127768.pdf	pdf				
/images/news/contents-2783158073.pdf	pdf				
/images/news/flow%20chart-9695711630.pdf	pdf				
/images/news/introduction%20to%20pv-4112657251.pdf	pdf				
/images/news/references-2518733194.pdf	pdf				
/images/news/user%20guide-9481903981.pdf	pdf				
/images/nl6.pdf	pdf				
/images/office_order.pdf	pdf				
/images/pdf/01._Introduction_with_key_Activities.pdf	pdf				
/images/pdf/02._Key_Activities_Chart.pdf	pdf				
/images/pdf/03._Inventory_Flowchart.pdf	pdf				
/images/pdf/12-9149307710.pdf	pdf				
/images/pdf/123-4142082929.pdf	pdf				
/images/pdf/3-9553333089.pdf	pdf				
/images/pdf/40th_Scientific_Body_MOM.pdf	pdf				
/images/pdf/AR%20Form-2103822203.pdf	pdf				
/images/pdf/Addendum-7063460911.pdf	pdf				
/images/pdf/Annual_Report_April_2019_-_March_2020.pdf	pdf				
/images/pdf/April_2016-7257289472.pdf	pdf				
/images/pdf/Charges-1949445585.pdf	pdf				
/images/pdf/Corrigendum%20for%20Preliminary%20Qualifying.pdf	pdf				
/images/pdf/DOC-9429341498.pdf	pdf				
/images/pdf/December_2015-6995895751.pdf	pdf				
/images/pdf/Disintegration_Test-0627347746.pdf	pdf				
/images/pdf/Display%20of%20results%20for%20the%20post%20of%20Scientific%20Assistant%20SC%20Category.pdf	pdf				
/images/pdf/Display%20of%20results%20for%20the%20post%20of%20Scientific%20Assistant%20ST%20Category.pdf	pdf				
/images/pdf/Display%20of%20results%20for%20the%20post%20of%20Scientific%20Assistant.pdf	pdf				
/images/pdf/Dissolution_Test-2554700864.pdf	pdf				
/images/pdf/Drug_safety_label_change_of_Rabies_Vaccine_Human_marketed_in_India.pdf	pdf				
/images/pdf/Effective%20Date-7055706458.pdf	pdf				
/images/pdf/FIT_Program_03.09.2020.pdf	pdf				
/images/pdf/February_2016-2498400991.pdf	pdf				
/images/pdf/File101.pdf	pdf				
/images/pdf/File215.pdf	pdf				
/images/pdf/File234.pdf	pdf				
/images/pdf/File235.pdf	pdf				
/images/pdf/File240.pdf	pdf				
/images/pdf/File246.pdf	pdf				
/images/pdf/File268.pdf	pdf				
/images/pdf/File282.pdf	pdf				
/images/pdf/File292.pdf	pdf				
/images/pdf/File298.pdf	pdf				
/images/pdf/File300.pdf	pdf				
/images/pdf/File335.pdf	pdf				
/images/pdf/File336.pdf	pdf				
/images/pdf/File337.pdf	pdf				
/images/pdf/File338.pdf	pdf				
/images/pdf/File339.pdf	pdf				
/images/pdf/File340.pdf	pdf				
/images/pdf/File341.pdf	pdf				
/images/pdf/File348.pdf	pdf				
/images/pdf/File371.pdf	pdf				
/images/pdf/File390.pdf	pdf				
/images/pdf/File412.pdf	pdf				
/images/pdf/File416.pdf	pdf				
/images/pdf/File450.pdf	pdf				
/images/pdf/File462.pdf	pdf				
/images/pdf/File477.pdf	pdf				
/images/pdf/File488.pdf	pdf				
/images/pdf/File489.pdf	pdf				
/images/pdf/File491.pdf	pdf				
/images/pdf/File492.pdf	pdf				
/images/pdf/File493.pdf	pdf				
/images/pdf/File512.pdf	pdf				
/images/pdf/File515.pdf	pdf				
/images/pdf/File533.pdf	pdf				
/images/pdf/File537.pdf	pdf				
/images/pdf/File54.pdf	pdf				
/images/pdf/File554.pdf	pdf				
/images/pdf/File571.pdf	pdf				
/images/pdf/File572.pdf	pdf				
/images/pdf/File582.pdf	pdf				
/images/pdf/File589.pdf	pdf				
/images/pdf/File590.pdf	pdf				
/images/pdf/File593.pdf	pdf				
/images/pdf/File594.pdf	pdf				
/images/pdf/File595.pdf	pdf				
/images/pdf/File597.pdf	pdf				
/images/pdf/File604.pdf	pdf				
/images/pdf/File606.pdf	pdf				
/images/pdf/File607.pdf	pdf				
/images/pdf/File609.pdf	pdf				
/images/pdf/File621.pdf	pdf				
/images/pdf/File634.pdf	pdf				
/images/pdf/File637.pdf	pdf				
/images/pdf/File644.pdf	pdf				
/images/pdf/File649.pdf	pdf				
/images/pdf/File650.pdf	pdf				
/images/pdf/File658.pdf	pdf				
/images/pdf/File674.pdf	pdf				
/images/pdf/File682.pdf	pdf				
/images/pdf/File683.pdf	pdf				
/images/pdf/File693.pdf	pdf				
/images/pdf/File695.pdf	pdf				
/images/pdf/File697.pdf	pdf				
/images/pdf/File703.pdf	pdf				
/images/pdf/File715.pdf	pdf				
/images/pdf/File717.pdf	pdf				
/images/pdf/File718.pdf	pdf				
/images/pdf/File72.pdf	pdf				
/images/pdf/File729.pdf	pdf				
/images/pdf/File733.pdf	pdf				
/images/pdf/File753.pdf	pdf				
/images/pdf/File754.pdf	pdf				
/images/pdf/File759.pdf	pdf				
/images/pdf/File764.pdf	pdf				
/images/pdf/File770.pdf	pdf				
/images/pdf/File783%20.pdf	pdf				
/images/pdf/File784.pdf	pdf				
/images/pdf/File785.pdf	pdf				
/images/pdf/File786.pdf	pdf				
/images/pdf/File792.pdf	pdf				
/images/pdf/File796.pdf	pdf				
/images/pdf/File817.pdf	pdf				
/images/pdf/File826.pdf	pdf				
/images/pdf/File838.pdf	pdf				
/images/pdf/File851.pdf	pdf				
/images/pdf/Filling%20of%209%20Nine%20vacant%20post%20of%20Scientific%20Officer.pdf	pdf				
/images/pdf/Filling%20up%20of%20vacant%20posts.pdf	pdf				
/images/pdf/Final%20Written%20Examination%20for%20the%20post%20of%20Scientific%20Officer.pdf	pdf				
/images/pdf/Guidelines-6643220393.pdf	pdf				
/images/pdf/IPC-Annual_Report_2015-16.pdf	pdf				
/images/pdf/IPC-Annual_Report_2016-17.pdf	pdf				
/images/pdf/IP_Prednisone_-9583111884.pdf	pdf				
/images/pdf/Important%20Notice.pdf	pdf				
/images/pdf/Impurity_Rate_List-7464934805.pdf	pdf				
/images/pdf/Inauguration_Ceremony_website_note-6122957878.pdf	pdf				
/images/pdf/January_2016-4983170198.pdf	pdf				
/images/pdf/LIST_OF_CONTRACTUAL_EMPLOYEES.pdf	pdf				
/images/pdf/Letter_of_Intent.pdf	pdf				
/images/pdf/List%20of%20153%20eligible%20candidates.pdf	pdf				
/images/pdf/List_of_Contratcula_Employees_of_IPC-2903865390.pdf	pdf				
/images/pdf/List_of_SRP_Reccomendations_to_CDSCO.pdf	pdf				
/images/pdf/MPR-01-2018.pdf	pdf				
/images/pdf/MPR-02-2018.pdf	pdf				
/images/pdf/MPR-03-2018.pdf	pdf				
/images/pdf/March_2016-4685455691.pdf	pdf				
/images/pdf/May_2016-5972951440.pdf	pdf				
/images/pdf/NEW_Drugs_2017_-2019.pdf	pdf				
/images/pdf/NL-8-22-2018.pdf	pdf				
/images/pdf/NL_8__23_2018.pdf	pdf				
/images/pdf/National_Health_Programs5302935603-4684016670.pdf	pdf				
/images/pdf/Notice%20for%20Website-4447551890.pdf	pdf				
/images/pdf/November_2015-7699074658.pdf	pdf				
/images/pdf/Oct_2016-9657925265.pdf	pdf				
/images/pdf/October_2015-7649190217.pdf	pdf				
/images/pdf/PQWE-7518330078.pdf	pdf				
/images/pdf/PT%20SCHEDULE-8801229089.pdf	pdf				
/images/pdf/Post%20of%20Driver.pdf	pdf				
/images/pdf/Primary_Packages_for_Pharmaceuticals-8249242526.pdf	pdf				
/images/pdf/PvPI_Information_Profile.pdf	pdf				
/images/pdf/PvPI_Recommendations_to_CDSCO.pdf	pdf				
/images/pdf/Quarterly_Report-1195396333.pdf	pdf				
/images/pdf/Quarterly_Report_for_CIC_for_the_-8791276266.pdf	pdf				
/images/pdf/Quarterly_Report_for_CIC_for_the_Quarter_Ending_31-03-2017-6896506545.pdf	pdf				
/images/pdf/RTI-0994899223.pdf	pdf				
/images/pdf/RTI-4144634415.pdf	pdf				
/images/pdf/RTI-4755066104.pdf	pdf				
/images/pdf/RTI_Quarterly_Report-9311665339.pdf	pdf				
/images/pdf/RTI_Quarterly_Report_-_April_17_to_June_17-2624664392.pdf	pdf				
/images/pdf/RTI_Quartly_report-9917373733.pdf	pdf				
/images/pdf/SO-OBC%20Final-9213588595.pdf	pdf				
/images/pdf/SO-SC%20Final-6557015167.pdf	pdf				
/images/pdf/SOUR%20Final-2502391496.pdf	pdf				
/images/pdf/September_2015-3781046885.pdf	pdf				
/images/pdf/Stores_Divisions_All_Activities.pdf	pdf				
/images/pdf/Walk-in-Interview%20for%20the%20post%20of%20Pharmacopoeial%20Associate.pdf	pdf				
/images/pdf/Webinar_on_Oxygen_Standards.pdf	pdf				
/images/pdf/about-iprs/List_of_Impurities_16.11.2020.pdf	pdf				
/images/pdf/august2016-7505978886.pdf	pdf				
/images/pdf/bbbbb-1242402732.pdf	pdf				
/images/pdf/ccccc-7036713275.pdf	pdf				
/images/pdf/december16-6789715999.pdf	pdf				
/images/pdf/june-2016-6350682298.pdf	pdf				
/images/pdf/letter%20amendment%20list%20001-2478548460.pdf	pdf				
/images/pdf/mpr0118.pdf	pdf				
/images/pdf/mpr0218.pdf	pdf				
/images/pdf/mpr0318.pdf	pdf				
/images/pdf/mpr0418.pdf	pdf				
/images/pdf/mpr0518.pdf	pdf				
/images/pdf/mpr0618.pdf	pdf				
/images/pdf/mpr0718.pdf	pdf				
/images/pdf/nl5.pdf	pdf				
/images/pdf/nov16-6441257704.pdf	pdf				
/images/pdf/post%20of%20Scientific%20Officer%206-UR%202-OBC%201-SC.pdf	pdf				
/images/pdf/post%20of%20posts%20of%20Administrative%20Assistant.pdf	pdf				
/images/pdf/proposed%20various%20training%20shcedule%20of%20the%20year%202015-0372116342.pdf	pdf				
/images/pdf/quarter_ended-2198488114.pdf	pdf				
/images/pdf/rti-7349783573.pdf	pdf				
/images/pdf/rti-8251287779.pdf	pdf				
/images/pdf/update_list_of_Regular.pdf	pdf				
/images/phyto_August_RC_broscure_compressed.pdf	pdf				
/images/prednisolone.pdf	pdf				
/images/publication/IPC-Newsletter-Vol.-2-2025---8.6.2026.pdf	pdf				
/images/pvpi/11.-Order-issued-by-CDSCO-for-Sodium-Valproate-assocaited-Gum-Hyperplasia-dated-on-09.04.2019.pdf	pdf				
/images/pvpi/1150-AMC-Details.pdf	pdf				
/images/pvpi/12.-Order-issued-by-CDSCO-for-Sulfasalazine-assocaited-DRESS-Syndrome-dated-on-09.04.2019.pdf	pdf				
/images/pvpi/12000-AMC-List-1.pdf	pdf				
/images/pvpi/1250-AMCs-List.pdf	pdf				
/images/pvpi/13.-Order-issued-by-CDSCO-for-Tranexamic-Acid-assocaited-Seizure-Convulsion-dated-on-09.04.2019.pdf	pdf				
/images/pvpi/14.-Order-issued-by-CDSCO-for-Cefepime-assocaited-Urticaria-dated-on-12.06.2019.pdf	pdf				
/images/pvpi/15.-Order-issued-by-CDSCO-for-Fluconazole-assocaited-Hyperpigmentation-dated-on-12.06.2019.pdf	pdf				
/images/pvpi/16.-Order-issued-by-CDSCO-for-Phenobarbital-assocaited-DRESS-Syndrome-dated-on-12.06.2019.pdf	pdf				
/images/pvpi/17.-Order-issued-by-CDSCO-for-Sulfasalazine-assocaited-SJS-dated-on-12.06.2019.pdf	pdf				
/images/pvpi/18.-Order-issued-by-CDSCO-for-Sulfasalazine-assocaited-TEN-dated-on-12.06.2019.pdf	pdf				
/images/pvpi/19.-Order-issued-by-CDSCO-for-Terbinafine-assocaited-AGEP-dated-on-12.06.2019.pdf	pdf				
/images/pvpi/20.-Order-issued-by-CDSCO-for--Carvedilol-assocaited-Hyperkalemia-dated-on-13.06.2019.pdf	pdf				
/images/pvpi/21.-Order-issued-by-CDSCO-for-Amlodipine-assocaited-Gingival-Hypertrophy-dated-on-13.06.2019.pdf	pdf				
/images/pvpi/22.-Order-issued-by-CDSCO-for-Amlodipine-associated-Alopecia-dated-on-13.06.2019.pdf	pdf				
/images/pvpi/23.-Order-issued-by-CDSCO-for-Cefixime-assocaited-Mouth-Ulceration-dated-on-19.06.2019.pdf	pdf				
/images/pvpi/24.-Order-issued-by-CDSCO-for-Meropenem-assocaited-Hypokalemia-dated-on-19.06.2019.pdf	pdf				
/images/pvpi/25.-Order-issued-by-CDSCO-for-Artemether-Lumefantrine-assocaited-SJS-dated-on-19.06.2019.pdf	pdf				
/images/pvpi/26.-Order-issued-by-CDSCO-for-Carbamazepine-assocaited-DRESS-Syndrome-dated-on-19.06.2019.pdf	pdf				
/images/pvpi/27.-Order-issued-by-CDSCO-for-Diclofenac-assocaited-Nicolous-Syndrome-dated-on-24.07.2019.pdf	pdf				
/images/pvpi/28.-Order-issued-by-CDSCO-for-Proton-Pump-Inhibitors-assocaited-Acute-Kidney-Injury-dated-on-04.11.2019.pdf	pdf				
/images/pvpi/29.-Order-issued-by-CDSCO-for-Chloroquine-associated-SJSTEN-dated-on-13.01.2020.pdf	pdf				
/images/pvpi/30.-Order-issued-by-CDSCO-for-Lamivudine-associated-Hearing-Loss-dated-on-13.01.2020.pdf	pdf				
/images/pvpi/31.-Order-issued-by-CDSCO-for-Carbimazole-related-agranulocytosis-dated-on-17.02.2026.pdf	pdf				
/images/pvpi/32.-Order-issued-by-CDSCO-for-Doxycycline-related-CNS-Side-effects-Restlessness-Anxiety-Irritability-Nervousness-and-Dizziness-dated-on-17.02.2026.pdf	pdf				
/images/pvpi/33.-Order-issued-by-CDSCO-for-Cotrimoxazole-related-Fixed-Drug-Eruption-dated-on-06.07.2026.pdf	pdf				
/images/pvpi/34.-Order-issued-by-CDSCO-for-Metronidazole-related-to-Fixed-Drug-Eruption-FDE-dated-on-06.07.2026.pdf	pdf				
/images/pvpi/35.-Order-issued-by-CDSCO-for-Oral-Itraconazole-related-Symmetrical-Drug-Related-Intertriginous-and-Flexural-Exanthema-dated-on-06.07.2026.pdf	pdf				
/images/pvpi/36.-Order-issued-by-CDSCO-for-PiperacillinTazobactam-related-Blurred-Vision-dated-on-06.07.2026.pdf	pdf				
/images/pvpi/37.-Order-issued-by-CDSCO-for-Tetracycline-related-Fixed-Drug-Eruption-FDE-dated-on-06.07.2026.pdf	pdf				
/images/pvpi/38.-Order-issued-by-CDSCO-for-Vancomycin-related-Dress-Syndrome-dated-on-06.07.2026.pdf	pdf				
/images/pvpi/39.-Order-issued-by-CDSCO-for-Azithromycin-related-Fixed-Drug-Eruption-FDE-dated-on-06.07.2026.pdf	pdf				
/images/pvpi/40.-Order-issued-by-CDSCO-for-Tranexamic-Acid-related-Back-Pain-dated-on-21.07.2026.pdf	pdf				
/images/pvpi/41.-Order-issued-by-CDSCO-for-Aceclofenac-related-Fixed-Drug-Eruption-FDE-dated-on-21.07.2026.pdf	pdf				
/images/pvpi/42.-Order-issued-by-CDSCO-for-Ibuprofen-related-Fixed-Drug-Eruption-FDE-dated-on-21.07.2026.pdf	pdf				
/images/pvpi/ADR-reporting-status-of-PvPI---Aug-2025.pdf	pdf				
/images/pvpi/ADR-reporting-status-of-PvPI---Feb-2026.pdf	pdf				
/images/pvpi/ADR-reporting-status-of-PvPI---Jan-2026.pdf	pdf				
/images/pvpi/ADR-reporting-status-of-PvPI---July--2026.pdf	pdf				
/images/pvpi/ADR-reporting-status-of-PvPI---June--2026.pdf	pdf				
/images/pvpi/ADR-reporting-status-of-PvPI---March-2026.pdf	pdf				
/images/pvpi/ADR-reporting-status-of-PvPI---May-2026.pdf	pdf				
/images/pvpi/ADR-reporting-status-of-PvPI---Nov-2025.pdf	pdf				
/images/pvpi/ADR-reporting-status-of-PvPI---Oct-2025.pdf	pdf				
/images/pvpi/ADR-reporting-status-of-PvPI---Sept-2025.pdf	pdf				
/images/pvpi/Annual-Report-PvPI-2024-25.pdf	pdf				
/images/pvpi/Brochure-NPW-2026-13.8.2026-c.pdf	pdf				
/images/pvpi/Drug-Safety-Alert-February-20-2026.pdf	pdf				
/images/pvpi/Drug-Safety-Alert-July-27-2026.pdf	pdf				
/images/pvpi/Drug-Safety-Alert-June-30-2026.pdf	pdf				
/images/pvpi/Drug-Safety-Alert-March-30-2026.pdf	pdf				
/images/pvpi/Drug-Safety-Alert-May-2026.pdf	pdf				
/images/pvpi/Drug_Safety_Alert_September_2025.pdf	pdf				
/images/pvpi/List-of-Drugs-Safety-Alerts-issued-by-PvPI-from-March-2016-to-till-date---27.07.2026.pdf	pdf				
/images/pvpi/List_of_Drug_Safety_Alerts_as_on_20-February-2026.pdf	pdf				
/images/pvpi/PvPI-Newsletter-Vol.-15-Issue-2-2025.pdf	pdf				
/images/pvpi/PvPI-Newsletter-Vol.-15-Issue-4-2025.pdf	pdf				
/images/pvpi/PvPI-Newsletter-Vol.-16-Issue-1-2026-January-to-March-2026.pdf	pdf				
/images/pvpi/PvPI-NewsletterV15I3.pdf	pdf				
/images/pvpi/PvPI-Training-Calendar---2026-27.pdf	pdf				
/images/pvpi/SDP-Calendar-2026.pdf	pdf				
/images/pvpi/Training_Brochure_2018.pdf	pdf				
/images/result-14-63-2014.pdf	pdf				
/images/rolling.pdf	pdf				
/images/secnidazole_IPRSS016.pdf	pdf				
/images/sodium_lactate_IPRSS035_001.pdf	pdf				
/images/tenders/Audit_and_Certification_of_Annual_Accounts_of_the_IPC.pdf	pdf				
/images/vacancy_Circular_RA.pdf	pdf				
/images/vacancy_circular_for_phyto.pdf	pdf				
/images/vol.4_2014-15.pdf	pdf				
/images/vol.5_2015-16.pdf	pdf				
/images/vol.6_2016-17.pdf	pdf				
